protein,CC,ECC,SL_Nb,GO_Nb,degree,essential,MEM_FET
Q0050,0.0,0.0,0.0,0.0,1,0,0.0
YER142C,0.021645021645021644,0.3226939726939727,22.0,7.0,22,0,1.3226939726939726
Q0080,1.0,0.017195767195767195,2.0,0.0,2,0,1.0171957671957672
YBL099W,0.026843357118586476,2.805078114120175,341.85,195.34141064473883,109,0,3.805078114120175
YJR121W,0.021872265966754154,2.7659059800080326,306.75,248.8071428571429,127,0,3.7659059800080326
Q0085,0.7619047619047619,3.3115079365079363,7.0,15.335714285714284,7,0,4.311507936507937
YDR298C,0.8,1.248346560846561,26.9,10.333333333333334,5,0,2.248346560846561
YDR377W,0.8666666666666667,2.760978835978836,6.0,16.166666666666664,6,0,3.760978835978836
YKL016C,0.7142857142857143,2.949404761904762,28.9,20.33333333333333,7,0,3.949404761904762
YML081C-A,0.8,2.5050264550264547,6.0,12.45,6,0,3.5050264550264547
YPL078C,0.3055555555555556,0.9908326967150497,25.916666666666668,14.35,9,0,1.9908326967150498
Q0130,1.0,0.017195767195767195,2.0,0.0,2,0,1.0171957671957672
Q0250,0.3333333333333333,0.8333333333333333,2.0,0.0,3,0,1.2333333333333334
YBR024W,0.16666666666666666,0.6666666666666666,2.0,0.0,4,1,0.9166666666666666
YBR037C,0.3333333333333333,0.8333333333333333,2.0,0.0,3,0,1.2333333333333334
YER154W,0.0,0.0,0.0,0.0,6,0,0.0
Q0275,0.0,0.0,0.0,0.0,1,0,0.0
R0020C,0.0,0.0,0.0,0.0,3,0,0.0
YBL056W,0.06461538461538462,0.816742263653727,55.791666666666664,32.2,26,0,1.816742263653727
YBR217W,0.03076923076923077,2.6731765637680605,148.54166666666669,208.275,91,0,3.6731765637680605
YDR523C,0.044444444444444446,1.3243178718389779,35.916666666666664,105.35714285714285,45,0,2.3243178718389776
R0030W,1.0,0.22564102564102564,0.0,2.321428571428571,2,0,1.2256410256410257
YOR101W,0.13333333333333333,0.4065934065934066,2.25,4.285714285714287,6,0,1.4065934065934065
YOR351C,0.052564102564102565,1.1899991413878732,0.0,121.91666666666666,40,0,2.189999141387873
YAL001C,0.0,0.0,0.0,0.0,1,1,0.0
YBR123C,0.07142857142857142,0.5535714285714286,3.0,0.0,8,1,0.6826036866359447
YAL002W,0.32142857142857145,1.5279576136775193,9.75,2.0041666666666664,8,0,2.5279576136775193
YCL018W,0.024400330851943756,3.8036018207005706,830.0000000000002,391.4709620444914,156,0,4.803601820700571
YDR171W,0.023497267759562842,1.1860065188457263,0.0,60.458383446618754,61,0,2.1860065188457263
YGL206C,0.020833333333333332,1.1542099694387298,81.74166666666667,55.13013375513376,64,0,2.15420996943873
YKR026C,0.02879811930649427,2.215589091909439,0.0,168.26666666666668,83,0,3.215589091909439
YLR148W,0.08187134502923976,1.4145207202436119,21.11111111111111,11.5015873015873,19,0,2.414520720243612
YLR396C,0.47619047619047616,2.4841269841269837,36.666666666666664,5.916666666666666,7,0,3.4841269841269837
YMR231W,0.6190476190476191,3.484126984126984,18.944444444444446,2.0041666666666664,7,0,4.059354774559786
YPL045W,0.5238095238095238,2.928571428571429,22.333333333333332,2.0041666666666664,7,1,3.6129210220673635
YAL003W,1.0,0.1029292793096474,0.0,8.5,3,1,1.1029292793096475
YBR118W,0.029853479853479855,3.011809099026531,0.0,1018.3333333333331,105,0,4.0118090990265305
YKL081W,0.05665024630541872,0.9139102926484921,83.66666666666666,76.33333333333333,29,0,1.913910292648492
YML064C,0.015935956905581326,2.608922089860491,0.0,405.59126984127,164,1,3.608922089860491
YAL004W,0.0,0.0,0.0,0.0,2,0,0.0
YGL181W,0.02536997885835095,0.7586578006004708,168.0,2.1142857142857143,44,0,1.7586578006004707
YML109W,0.0873440285204991,2.4490950925183173,0.0,96.23333333333332,34,0,3.4490950925183173
YAL005C,0.10476190476190476,0.86785260655254,16.499999999999996,19.04809161426809,15,0,1.86785260655254
YAR002W,0.3076923076923077,1.4737717833300388,33.94444444444445,43.48757908757908,13,0,2.4737717833300388
YCL028W,0.047619047619047616,0.558035498749523,18.75,120.0,22,1,1.5580354987495229
YDR192C,0.06451612903225806,1.6520426092316949,28.39583333333333,37.42857142857143,31,0,2.652042609231695
YHR069C,0.5151515151515151,4.603943929987022,35.52777777777778,38.08030303030304,12,1,5.603943929987022
YLR310C,0.018108651911468814,1.1856962139694585,142.33333333333331,89.1845238095238,71,1,2.1856962139694582
YLR335W,0.26900584795321636,2.795389719034557,49.666666666666664,40.0458041958042,19,0,3.795389719034557
YLR347C,0.04689265536723164,2.234007799877692,103.3888888888889,115.04745532245532,60,1,3.234007799877692
YNL007C,0.03333333333333333,0.21255777057322206,2.9166666666666665,3.2727272727272725,16,1,1.212557770573222
YNL064C,0.022325761987963502,2.203747991553702,171.58333333333331,279.3538373391316,102,0,3.203747991553702
YNL077W,0.0,0.0,0.0,0.0,5,0,0.0
YOR098C,0.028282828282828285,1.004793041611455,46.69444444444445,26.39585137085137,45,1,2.004793041611455
YOR151C,0.07358156028368794,3.1485045601068706,179.33333333333331,103.31055757967526,48,1,4.14850456010687
YOR160W,0.1111111111111111,0.42049611536366505,34.58333333333333,7.285714285714286,9,1,1.420496115363665
YPL240C,0.06451612903225806,3.363493156951685,485.99999999999994,197.83177655677656,63,0,4.3634931569516855
YPR010C,0.06926406926406926,1.1090524317290622,17.65,3.4761904761904763,22,1,2.1090524317290624
YAL007C,0.13333333333333333,2.028397288330965,67.75,63.60000000000001,25,0,3.028397288330965
YAR002C-A,0.2,0.351010101010101,5.25,4.1,6,0,1.351010101010101
YBR036C,0.23717948717948717,8.016358445362838,492.5416666666667,234.9800865800865,40,0,9.016358445362838
YBR183W,0.29411764705882354,7.293278110158862,141.94444444444446,271.1666666666667,34,0,8.293278110158862
YCL025C,0.16984126984126985,4.759685318818395,176.5,190.58333333333331,36,0,5.759685318818395
YDL054C,0.13333333333333333,0.9714680528605287,24.291666666666668,10.756060606060608,16,0,1.9714680528605286
YDR087C,0.2727272727272727,0.7927224998417942,16.5,46.33333333333333,12,1,1.792722499841794
YDR101C,0.20261437908496732,2.3317263937502473,38.83333333333333,43.55,18,0,3.3317263937502473
YDR127W,0.09,1.1537078235462073,108.13333333333333,56.11564685314685,25,0,2.153707823546207
YEL002C,0.155049786628734,4.97028103270881,106.83333333333334,88.62056277056277,38,1,5.97028103270881
YEL063C,0.16046099290780141,6.913946090989649,104.69444444444447,216.55000000000004,48,0,7.913946090989649
YER110C,0.02694235588972431,1.160112522367351,83.85000000000001,61.86598124098123,57,0,2.160112522367351
YGL200C,0.16767676767676767,6.656360401772024,284.80555555555554,250.03333333333327,45,0,7.656360401772024
YGR060W,0.21490196078431373,10.141764187928398,667.4416666666666,409.2166666666668,51,1,11.141764187928398
YHR026W,0.2178030303030303,5.536166344702502,426.29999999999995,88.2595238095238,33,0,6.536166344702502
YHR110W,0.3235294117647059,2.3472777126837245,39.5,154.0,17,0,3.3472777126837245
YHR140W,0.2497175141242938,14.436549719167038,1028.6499999999999,2551.0,60,0,15.436549719167038
YJL117W,0.2492753623188406,10.221826265111908,1061.5500000000002,358.2,46,0,11.221826265111908
YLR342W,0.007905138339920948,0.1457640719935802,1.9666666666666668,2.5,23,0,1.1457640719935802
YML012W,0.24444444444444444,1.2294334320650109,17.444444444444443,16.75,10,0,2.2294334320650107
YMR290C,0.21921182266009853,4.016151850420745,72.25,77.20180375180377,29,1,5.016151850420745
YNL130C,0.20512820512820512,1.0773158619394039,17.27777777777778,38.583333333333336,13,0,2.077315861939404
YPL076W,0.23638286620835536,14.205544228085213,1360.9999999999995,631.5833333333334,62,1,15.205544228085213
YPL211W,0.16363636363636364,0.4323606466824056,6.333333333333333,5.571428571428571,11,1,1.4323606466824055
YPL264C,0.28095238095238095,7.906858576972692,562.2,167.92748917748918,36,0,8.906858576972692
YPR201W,0.10909090909090909,0.39240519642958666,14.916666666666666,9.2,11,0,1.3924051964295867
YAL009W,0.0,0.0,0.0,0.0,6,0,0.0
YDL040C,0.16666666666666666,0.20833333333333331,2.0,2.0,4,0,1.2083333333333333
YDR211W,0.16911764705882354,1.9156836194168059,0.0,20.96212121212121,17,1,2.915683619416806
YHR004C,0.0,0.0,0.0,0.0,2,0,0.0
YJL176C,0.20512820512820512,1.9117119540848353,84.66666666666666,2.0,13,0,2.9117119540848355
YAL010C,0.0,0.0,0.0,0.0,4,0,0.0
YFL048C,0.15555555555555556,0.4824173305685911,9.055555555555555,15.87878787878788,10,0,1.482417330568591
YJL066C,0.02705314009661836,0.9250990437429027,67.15,203.0,46,0,1.9250990437429027
YMR203W,0.09523809523809523,0.6428571428571428,3.0,6.666666666666667,7,1,1.6428571428571428
YPL235W,0.04,2.670429503913985,397.91666666666663,208.455772005772,76,1,3.670429503913985
YAL011W,0.12121212121212122,0.8700083542188807,22.5,8.071428571428571,12,0,1.8700083542188808
YBL007C,0.029715358148264,4.049908535786359,259.56666666666655,153.39256854256854,139,0,5.049908535786359
YDL181W,0.07142857142857142,0.05739033964840416,4.0,4.666666666666667,8,0,1.0573903396484041
YDR225W,0.06456456456456457,1.957360225352976,41.5,74.33333333333333,37,0,2.957360225352976
YDR334W,0.325,3.635481876045613,97.0,57.1265664160401,16,0,4.635481876045613
YER081W,0.002412280701754386,0.23030303030303037,0.0,29.75,96,0,1.2303030303030305
YGR002C,0.2943722943722944,5.559162988772745,140.33333333333331,135.53333333333333,22,1,6.559162988772745
YHR158C,0.11578947368421053,1.476626710901422,0.0,95.65800865800868,20,0,2.4766267109014217
YIR018W,0.0,0.0,0.0,0.0,5,0,0.0
YNL107W,0.3473684210526316,5.520350332574748,43.5,133.79999999999998,20,0,6.520350332574748
YOL012C,0.24210526315789474,3.974742262159463,29.0,50.10714285714285,20,0,4.974742262159463
YOR127W,0.09090909090909091,0.436292119186856,0.0,28.23976023976024,12,0,1.436292119186856
YOR269W,0.02564102564102564,0.22528626956613085,0.0,0.0,13,0,0.33910157526765716
YAL012W,0.0,0.0,0.0,0.0,5,1,0.0
YBR055C,0.020844564240790654,2.1741113530596703,226.16666666666666,244.16666666666677,106,1,3.1741113530596703
YJR091C,0.0012544802867383513,0.3512544802867382,0.0,98.1075832664068,280,0,1.3512544802867383
YMR101C,0.0,0.0,0.0,0.0,1,0,0.0
YMR300C,0.0,0.0,0.0,0.0,3,0,0.0
YPL149W,0.027692307692307693,0.3438011207428682,16.25,11.186080586080584,26,0,1.3438011207428682
YAL013W,0.0,0.0,0.0,0.0,2,0,0.0
YGL061C,0.03508771929824561,0.6666666666666667,5.0,7.619047619047619,19,1,1.6666666666666667
YNL330C,0.08571428571428572,1.4519285345717232,14.416666666666668,11.513838383838385,21,0,2.4519285345717234
YAL014C,0.0,0.0,0.0,0.0,2,0,0.0
YER133W,0.038683451350642536,4.766005880347539,334.8416666666667,338.0076122407005,124,1,5.766005880347539
YIL034C,0.007352941176470588,0.125,0.0,0.3333333333333333,17,0,1.125
YAL015C,0.14492753623188406,1.305798695911481,101.0,57.85509227614492,24,0,2.3057986959114807
YBR020W,0.03575757575757576,3.3031444056482218,0.0,365.6666666666667,100,0,4.303144405648222
YBR127C,0.020701643489254108,2.3045288907964347,0.0,256.98459595959594,113,0,3.3045288907964347
YCL064C,0.057971014492753624,0.5429570266074677,25.0,39.43333333333333,24,0,1.5429570266074677
YDL029W,0.08605720122574055,7.062844310138607,980.0833333333336,552.2459235209234,89,1,8.062844310138608
YDL059C,0.0407055630936228,2.168980554746824,708.9166666666667,168.08214285714286,67,0,3.168980554746824
YDR214W,0.041666666666666664,0.22815354078402683,11.0,10.5,16,0,1.2281535407840267
YEL030W,0.05228758169934641,0.3352712754193523,14.833333333333334,27.4,18,0,1.3352712754193523
YEL060C,0.06315789473684211,0.536291351111132,84.08333333333334,27.0,20,0,1.536291351111132
YFL037W,0.029546758462421115,2.344034656464521,381.08333333333326,206.31982739482743,84,1,3.344034656464521
YFL039C,0.028317460317460318,3.541436708860762,768.3666666666668,336.9833485228223,126,1,4.541436708860762
YGR282C,0.042735042735042736,0.5801680616665776,28.75,16.207794982794987,27,0,1.5801680616665776
YJL088W,0.014519056261343012,0.7552602736705625,79.66666666666666,9.43122009569378,58,0,1.7552602736705625
YJR045C,0.024516643412397846,4.24669982524533,910.3166666666665,578.3759009390724,174,1,5.24669982524533
YJR068W,0.09274193548387097,2.244707514693536,172.83333333333331,84.85238095238095,32,1,3.244707514693536
YJR077C,0.02925531914893617,0.9261335553738659,87.96666666666667,29.475935175935177,48,0,1.9261335553738659
YML085C,0.039272963323596234,2.8137449155455148,530.1166666666666,488.95,79,1,3.8137449155455148
YMR012W,0.011764705882352941,0.23361132621680591,6.5,63.75,35,0,1.2336113262168058
YMR058W,0.15555555555555556,4.320666166731744,95.54166666666667,124.42900432900434,36,0,5.320666166731744
YMR146C,0.3787878787878788,2.2953854352225598,40.25,40.10808080808081,12,1,3.2953854352225598
YMR214W,0.07389162561576355,1.137976042945954,112.78333333333333,65.23928571428571,29,0,2.137976042945954
YNL037C,0.06842105263157895,0.5801056402007523,62.75,27.616666666666667,20,0,1.5801056402007523
YPR110C,0.026526162790697673,3.3481969423346087,426.34999999999997,280.47976190476186,129,1,4.348196942334608
YAL016W,0.12987012987012986,1.5223264005632136,0.0,35.762477718360074,22,0,2.5223264005632133
YAL024C,0.2,0.15726817042606517,0.0,45.0,5,0,1.1572681704260652
YDL134C,0.13227513227513227,1.912604771803547,0.0,134.73095238095237,28,0,2.9126047718035473
YDL188C,0.08233117483811286,3.4321310624906616,0.0,137.30357142857144,47,0,4.432131062490662
YDR482C,0.0,0.0,0.0,0.0,5,0,0.0
YFR024C-A,0.01969904240766074,1.5179028132992325,786.6166666666667,9.188888888888888,86,0,2.5179028132992327
YFR040W,0.046798029556650245,0.7839540364557693,111.33333333333333,10.772222222222224,29,0,1.7839540364557693
YGL190C,0.042890442890442894,2.3494598923169088,0.0,79.32382650029707,66,0,3.3494598923169088
YGR161C,0.2857142857142857,0.5489674253586415,1.0,7.93452380952381,8,0,1.5489674253586414
YGR281W,0.0,0.0,0.0,0.0,5,0,0.0
YHR082C,0.04887218045112782,2.3969948365227887,303.6333333333333,139.25238095238092,57,1,3.3969948365227887
YHR135C,0.020367183017785426,1.583751302911959,51.16666666666666,122.52301587301586,84,0,2.583751302911959
YJL020C,0.030907054871220606,2.755257527255964,809.9666666666667,52.24238816738817,95,0,3.755257527255964
YLR191W,0.02147766323024055,1.996644403798545,323.33333333333337,41.546031746031744,97,0,2.9966444037985447
YMR109W,0.07625707625707626,5.423914605483277,1065.6333333333332,191.93798701298704,78,0,6.423914605483277
YMR273C,0.23333333333333334,2.4059954445479117,10.5,37.221969696969694,16,0,3.4059954445479117
YNL127W,0.02857142857142857,0.2348786834080952,0.0,6.133333333333333,15,0,1.2348786834080951
YNR032W,0.14285714285714285,0.24416802872685225,0.0,11.308333333333332,8,0,1.2441680287268522
YOL113W,0.054945054945054944,0.3694469724110443,0.0,7.714285714285714,14,0,1.3694469724110443
YOR014W,0.06456456456456457,1.844780167465142,36.5,105.04751082251082,37,0,2.8447801674651423
YPL152W,0.2,0.17870610870610873,4.5,4.142857142857142,6,0,1.1787061087061088
YAL017W,0.15151515151515152,0.7405118812226468,4.0,7.683333333333334,12,0,1.7405118812226468
YCL027W,0.009045680687471733,0.469034877050402,62.0,176.73333333333332,67,0,1.469034877050402
YDR099W,0.026559356136820925,1.5850171670849056,73.675,63.89484126984129,71,0,2.5850171670849056
YDR190C,0.06451612903225806,1.3166907602464486,104.83333333333333,41.43241057188426,31,1,2.3166907602464484
YER054C,0.14705882352941177,1.3711983125453695,0.0,37.5,17,0,2.3711983125453697
YFR053C,0.01522956326987682,1.3572336921010482,0.0,220.1355339105339,95,0,2.3572336921010484
YGL112C,0.1495798319327731,4.915605824802016,55.5,85.29261849261847,35,1,5.915605824802016
YKL035W,0.01839080459770115,0.266076991893808,0.0,2.1666666666666665,30,1,1.266076991893808
YLR258W,0.21323529411764705,2.3940683141035617,0.0,22.0,17,0,3.3940683141035617
YMR205C,0.12467076382791922,6.52949033759941,218.38888888888889,497.0561327561328,68,0,7.52949033759941
YOL045W,0.047619047619047616,0.12539184952978055,0.0,0.0,7,0,0.5051537542916853
YPR160W,0.0457516339869281,0.46637078846548,0.0,4.75,18,0,1.46637078846548
YAL018C,0.10909090909090909,0.3833887188129475,27.166666666666664,2.2474747474747474,11,0,1.3833887188129474
YBR290W,0.2396825396825397,6.975939261751585,291.4,160.9400432900433,36,0,7.975939261751585
YDL017W,0.03827160493827161,2.760677838993618,0.0,221.1321657058112,81,1,3.760677838993618
YDR331W,0.15910465819721717,8.725202168007918,597.5999999999999,473.5,58,1,9.725202168007918
YHR114W,0.008441558441558441,1.4857142857142855,931.1666666666669,154.79047619047617,176,0,2.4857142857142858
YLL028W,0.14871794871794872,4.91866638278833,121.25000000000003,170.7666666666667,40,0,5.91866638278833
YLR034C,0.2,0.7367692339793532,20.944444444444446,8.42142857142857,11,0,1.7367692339793532
YLR264W,0.2777777777777778,0.7030954315053648,15.0,15.2,9,0,1.7030954315053648
YMR001C,0.054354178842782,2.6273707740334538,0.0,138.5357683982684,59,1,3.6273707740334538
YAL019W,0.0,0.0,0.0,0.0,6,0,0.0
YBL088C,0.09523809523809523,0.15307971014492755,4.766666666666667,0.0,7,0,0.7752267938304727
YBR084W,0.03333333333333333,0.5032389532389533,7.5,5.191176470588236,21,0,1.5032389532389532
YBR160W,0.008465486861257948,1.9329843425768707,0.0,248.38205789308725,229,1,2.9329843425768707
YDL117W,0.02536997885835095,0.8333519505582035,90.01666666666667,8.358585858585858,44,0,1.8333519505582037
YJL124C,0.06262626262626263,2.5834102113731108,68.75,63.02261904761905,45,0,3.5834102113731108
YAL021C,0.07564102564102564,2.59218355485118,119.75,39.97165993191536,40,0,3.59218355485118
YBR072W,0.020227560050568902,2.2086133613647467,0.0,290.1309523809524,113,0,3.2086133613647467
YCR093W,0.17333333333333334,3.664699298386168,59.041666666666664,23.61309523809524,25,1,4.664699298386168
YDL165W,0.175,1.974279984194595,13.5,10.95,16,1,2.9742799841945953
YDR188W,0.0196078431372549,0.24512631975867272,5.833333333333333,2.8166666666666664,18,1,1.2451263197586728
YDR443C,0.27472527472527475,2.095640758972408,47.33333333333333,33.5,14,0,3.095640758972408
YER068W,0.6388888888888888,3.1795707915273135,8.0,4.8011904761904765,9,0,4.179570791527313
YFL028C,1.0,0.10256410256410256,2.25,0.0,2,0,1.1025641025641026
YGL048C,0.13499245852187028,6.353925429738491,97.66666666666667,199.79553224553223,52,1,7.353925429738491
YGL178W,0.1111111111111111,0.3388683525983297,9.0,14.61190476190476,9,0,1.3388683525983298
YGL195W,0.014492753623188406,0.24742205743197396,6.5,0.0,24,0,0.30599708414386295
YGR086C,0.014705882352941176,0.06450007319572537,0.0,3.142857142857143,17,0,1.0645000731957253
YGR092W,0.07467532467532467,2.9900195774951674,118.375,228.3907037407037,56,0,3.9900195774951674
YGR134W,0.5277777777777778,2.6789297658862874,7.0,3.567857142857143,9,0,3.6789297658862874
YGR155W,0.057971014492753624,0.4312060344236416,0.0,4.511111111111111,24,1,1.4312060344236417
YGR184C,0.05128205128205128,0.18613438427480175,0.0,20.0,13,0,1.1861343842748018
YJL130C,0.03836734693877551,1.3708305248655852,263.25,82.86735326077432,50,0,2.3708305248655854
YKR036C,0.054924242424242424,1.2192532306080692,37.33333333333333,25.500000000000004,33,0,2.2192532306080692
YLL013C,0.07352941176470588,0.47159383097275853,12.277777777777775,2.9,17,0,1.4715938309727585
YLR180W,0.027099664053751398,2.4539723407922573,0.0,275.9857142857143,95,0,3.4539723407922573
YLR259C,0.014970059880239521,2.494143292362641,1001.5166666666668,429.16795704295697,168,1,3.494143292362641
YNL025C,0.06554621848739496,1.7723505809660105,107.0,41.94047619047618,35,0,2.7723505809660107
YNL071W,0.024390243902439025,0.6777653582790522,70.45,183.33333333333331,41,0,1.6777653582790522
YNL288W,0.38461538461538464,3.572936162066596,18.5,9.45595238095238,13,0,4.572936162066596
YNR052C,0.10869565217391304,2.2649470860340424,34.666666666666664,15.828571428571427,24,1,3.2649470860340424
YOR027W,0.08947368421052632,0.7751486814085367,76.0,54.88571428571428,20,0,1.7751486814085367
YPL042C,0.08870967741935484,2.3905601984968117,106.41666666666667,38.45739538239539,32,0,3.3905601984968117
YPR072W,0.34615384615384615,3.182563365753021,12.0,18.266666666666666,13,0,4.182563365753021
YAL022C,0.2,0.07167608286252354,6.0,16.26666666666667,5,0,1.0716760828625236
YBR159W,0.06673267326732674,6.739999999999993,706.7249999999999,375.4035714285713,101,0,7.739999999999993
YDR497C,0.03571428571428571,0.07326007326007325,6.0,3.0,8,0,1.0732600732600732
YGL132W,0.0,0.0,0.0,0.0,2,0,0.0
YJR117W,0.14714714714714713,4.623165045254423,262.6833333333333,161.51666666666665,37,0,5.623165045254423
YAL023C,0.0,0.0,0.0,0.0,1,0,0.0
YAR027W,0.04354354354354354,1.2758237615684422,49.11111111111111,22.990476190476187,37,0,2.275823761568442
YHR030C,0.046052631578947366,4.175341214436534,0.0,243.16090339399165,96,0,5.175341214436534
YIR009W,0.012307692307692308,0.2957466063348417,4.0,14.666666666666666,26,0,1.2957466063348417
YAL025C,0.0,0.0,0.0,0.0,3,1,0.0
YJR044C,0.0,0.0,0.0,0.0,1,0,0.0
YOR005C,0.1225296442687747,1.5974642163296924,59.0,39.19864857364858,23,0,2.5974642163296924
YOR267C,0.10960960960960961,3.3150536972537714,126.5,166.33333333333331,37,0,4.315053697253772
YAL026C,0.0,0.0,0.0,0.0,3,0,0.0
YAL053W,0.0,0.0,0.0,0.0,7,0,0.0
YDL192W,0.07509881422924901,0.9589415176361379,95.38333333333334,176.0,23,0,1.9589415176361378
YPL146C,0.0,0.0,0.0,0.0,3,1,0.0
YAL027W,0.08333333333333333,0.14724150529777127,9.0,2.9,9,0,1.1472415052977714
YBR196C,0.015406162464985995,1.7828143447609652,419.99999999999994,368.1666666666667,120,1,2.7828143447609652
YCL024W,0.2545454545454545,0.7080575270982248,10.0,16.189393939393938,11,0,1.7080575270982248
YDR174W,0.02857142857142857,0.2050695213485911,7.0,4.938235294117646,15,0,1.2050695213485911
YDR381W,0.03896103896103896,0.6161476215355526,27.166666666666664,5.579166666666667,22,1,1.6161476215355526
YDR507C,0.17647058823529413,1.7342879372549436,28.666666666666668,46.76211900844254,18,0,2.7342879372549436
YLR044C,0.04365079365079365,2.2966150481256804,93.41666666666667,127.64831834831834,64,0,3.2966150481256804
YML095C,0.04710144927536232,0.6735530702692949,57.3,20.616666666666667,24,0,1.673553070269295
YOL086C,0.0,0.0,0.0,0.0,22,0,0.0
YPL022W,0.02497687326549491,0.8508277299634404,137.8,31.70230500493659,47,0,1.8508277299634404
YAL028W,0.16666666666666666,0.03295739348370927,0.0,16.5,4,0,1.0329573934837093
YBL050W,0.03453453453453453,1.2777777777777777,114.16666666666666,28.672222222222224,37,1,2.2777777777777777
YDL239C,0.03333333333333333,0.9460068448225052,21.72222222222222,90.437678987679,36,0,1.9460068448225052
YLR233C,0.023172905525846704,0.5428648516343,23.833333333333332,11.068627450980392,34,0,1.5428648516343
YAL029C,0.06666666666666667,0.6323006629693375,38.0,14.143122958912432,16,0,1.6323006629693375
YBR081C,0.3203463203463203,5.162798789446762,74.66666666666666,55.83433934486565,22,0,6.162798789446762
YBR109C,0.011474469305794608,0.8900424416027247,65.16666666666666,56.28134256094783,84,1,1.8900424416027248
YBR130C,0.0661764705882353,0.548596428302962,25.25,22.857142857142858,17,0,1.5485964283029618
YGL106W,0.32142857142857145,0.8125136911281489,49.0,15.415584415584416,8,1,1.812513691128149
YHR023W,0.05454545454545454,0.38678787878787885,0.0,0.0,11,1,0.5278095021034539
YKL130C,0.023809523809523808,0.25997176357172364,22.166666666666668,16.833333333333336,28,0,1.2599717635717236
YLR249W,0.022222222222222223,0.025,0.0,8.375,10,1,1.025
YMR139W,0.02252252252252252,0.7144624055028681,0.0,39.16666666666667,37,0,1.714462405502868
YMR186W,0.03619909502262444,1.6617743983051398,62.75,95.10833333333332,52,0,2.66177439830514
YMR309C,0.18421052631578946,2.966036243392718,46.083333333333336,61.74801587301588,20,1,3.966036243392718
YOR181W,0.05150905432595573,2.950482065797622,0.0,219.1448412698413,71,1,3.950482065797622
YAL030W,0.0,0.0,0.0,0.0,2,0,0.0
YDR468C,0.1282051282051282,1.2533333333333334,23.13888888888889,20.05,13,1,2.2533333333333334
YGR009C,0.06060606060606061,0.48318158550666473,0.0,11.166666666666666,12,1,1.4831815855066648
YAL031C,0.3333333333333333,0.019537480063795853,0.0,11.090909090909092,3,0,1.019537480063796
YAL032C,0.15584415584415584,3.002736653833935,69.33333333333334,39.41666666666666,22,1,4.002736653833935
YBR017C,0.013498055364905056,1.2017590796346962,75.74999999999999,101.8559523809524,94,0,2.201759079634696
YDL209C,0.2,0.2388152388152388,9.5,0.0,6,1,1.0762827345755555
YDR364C,0.6666666666666666,0.16771966771966773,5.5,1.3333333333333333,3,1,1.1677196677196677
YDR416W,0.21666666666666667,2.6674687474687477,31.0,6.857142857142857,16,1,3.6674687474687477
YGL120C,0.07936507936507936,1.8625285029498588,50.5,31.416666666666664,28,1,2.862528502949859
YGL128C,0.8333333333333334,0.39399489399489396,6.25,2.1666666666666665,4,1,1.3939948939948938
YGR278W,0.08333333333333333,0.2388152388152388,4.75,0.0,9,1,0.5877600287153707
YJL203W,0.09047619047619047,1.186494532846505,42.333333333333336,66.0,21,1,2.1864945328465053
YKL095W,0.044096728307254626,1.5272550539258685,62.66666666666667,36.13118131868132,38,1,2.5272550539258685
YKL173W,0.21652421652421652,4.80720171676054,107.5,64.59047619047618,27,1,5.80720171676054
YLL036C,0.3956043956043956,3.8572324006147536,47.0,14.521825396825395,14,1,4.857232400614754
YLR117C,0.18181818181818182,3.7828858426684504,58.0,14.66904761904762,23,1,4.782885842668451
YLR338W,0.0,0.0,0.0,0.0,2,0,0.0
YLR345W,0.047619047619047616,0.05227021040974529,9.333333333333334,3.5,7,0,1.0522702104097452
YLR423C,0.01643192488262911,1.16125272425281,108.775,83.92069597069596,72,0,2.16125272425281
YML049C,0.2833333333333333,3.00386730479105,65.0,11.961111111111112,16,1,4.00386730479105
YMR213W,0.18972332015810275,4.055654048611794,23.75,22.34340659340659,23,1,5.055654048611794
YMR288W,0.3333333333333333,1.4855987025903903,17.0,4.133333333333333,10,1,2.4855987025903903
YNL189W,0.011498708010335918,2.4837209302325616,290.6944444444444,294.45,216,1,3.4837209302325616
YOR036W,0.04411764705882353,0.6225772765246449,32.08333333333333,19.125,17,1,1.622577276524645
YPL151C,0.08658008658008658,1.5406383720615233,18.75,32.0,22,1,2.5406383720615233
YPL213W,0.12121212121212122,0.6570721900197604,11.5,15.333333333333332,12,1,1.6570721900197602
YAL033W,0.0,0.0,0.0,0.0,2,1,0.0
YBR167C,0.0,0.0,0.0,0.0,8,1,0.0
YJR115W,0.19047619047619047,0.08412016319747782,0.0,0.0,7,0,1.0841201631974777
YAL034C,0.1,0.05531609195402298,0.0,9.0,5,0,1.055316091954023
YBR198C,0.07738095238095238,3.7004672041456046,62.0,95.94444444444444,49,1,4.700467204145605
YGR274C,0.15632183908045977,4.235520402282328,52.0,59.156499382969976,30,1,5.235520402282328
YOL004W,0.04873949579831933,1.4734620486672467,66.83333333333333,48.3289355089355,35,0,2.4734620486672467
YAL034W-A,0.0,0.0,0.0,0.0,5,1,0.0
YDL028C,0.0392156862745098,1.1183265055079676,0.0,21.428787878787883,34,1,2.1183265055079676
YGL172W,0.16666666666666666,3.1043624762417656,34.0,56.90476190476189,25,1,4.104362476241766
YGR120C,0.10526315789473684,1.6332855746059076,30.627777777777776,45.471428571428575,19,1,2.6332855746059076
YKL103C,0.05391120507399577,1.5527721475915204,76.125,71.34761904761905,44,0,2.5527721475915204
YAL035W,0.0718954248366013,0.9288928211915829,45.33333333333333,7.333333333333333,18,1,1.928892821191583
YDL014W,0.11742424242424243,3.10199661328501,78.54166666666667,66.59404761904761,33,1,4.10199661328501
YDR496C,0.23391812865497075,2.0256010299730143,35.833333333333336,37.42857142857143,19,0,3.0256010299730143
YER036C,0.0,0.0,0.0,0.0,8,1,0.0
YGL130W,0.05263157894736842,0.7851779282700335,27.5,10.91602564102564,20,1,1.7851779282700335
YGR102C,0.0,0.0,0.0,0.0,2,0,0.0
YIL018W,0.06060606060606061,0.4402035720777171,16.0,0.0,12,0,0.577880920582651
YIR001C,0.10989010989010989,0.6734480859320398,39.333333333333336,40.0,14,0,1.6734480859320398
YLR175W,0.05519480519480519,2.5712903660846274,67.20833333333334,82.47837995337994,56,1,3.5712903660846274
YLR241W,0.041666666666666664,0.370974025974026,17.5,26.0,16,0,1.370974025974026
YLR427W,0.03361344537815126,0.9395828094427955,39.166666666666664,171.0,35,0,1.9395828094427956
YMR106C,0.02835696413678065,2.928533798773623,367.12500000000006,262.0524225774226,110,0,3.928533798773623
YNL030W,0.02702702702702703,1.9393389490835027,0.0,78.7736652236652,75,0,2.9393389490835027
YOR119C,0.0768361581920904,4.404930825908516,149.4666666666667,133.48650793650796,60,1,5.404930825908516
YOR361C,0.21052631578947367,3.028316415787356,41.5,88.83333333333333,19,1,4.028316415787356
YPR041W,0.1225296442687747,2.3679435015112764,0.0,19.462268287268287,23,1,3.3679435015112764
YAL036C,0.058823529411764705,0.3591617051013627,31.633333333333336,42.53333333333334,18,0,1.3591617051013627
YCR038C,0.1,0.09728506787330317,12.6,7.5,5,0,1.0972850678733033
YDL065C,0.037037037037037035,0.8312289043205738,11.133333333333333,13.185714285714289,27,0,1.8312289043205738
YDL126C,0.03871239217336419,3.488062200178881,321.61666666666673,201.155957930958,98,1,4.488062200178881
YDR152W,0.0,0.0,0.0,0.0,3,0,0.0
YGR162W,0.08170731707317073,2.877988162472259,182.16666666666666,106.73333333333332,41,0,3.877988162472259
YGR250C,0.0,0.0,0.0,0.0,6,0,0.0
YHR027C,0.2183507549361208,8.239512251165369,0.0,151.26476954418132,42,1,9.239512251165369
YIL075C,0.125,2.864933608886588,0.0,58.469696969696976,32,1,3.864933608886588
YJL138C,0.09513742071881606,2.7707773112427727,0.0,378.6666666666666,44,0,3.7707773112427727
YKL152C,0.015066394279877425,1.2635019981638629,104.37777777777778,145.9333333333333,89,1,2.263501998163863
YNR022C,0.0,0.0,0.0,0.0,2,0,0.0
YPL061W,0.017006802721088437,0.586705733683695,134.88333333333333,216.0,49,0,1.586705733683695
YAL038W,0.0,0.0,0.0,0.0,2,1,0.0
YNL307C,0.025901942645698426,0.9680984646823153,0.0,27.228174603174605,47,0,1.9680984646823152
YOR226C,0.0,0.0,0.0,0.0,2,0,0.0
YAL040C,0.13636363636363635,0.49362638651405155,0.0,21.430080213903743,12,0,1.4936263865140516
YJL013C,0.0,0.0,0.0,0.0,6,0,0.0
YJL157C,0.12807881773399016,1.754251868267889,0.0,121.65974025974026,29,1,2.7542518682678887
YJR132W,0.008333333333333333,0.06818181818181818,4.666666666666667,0.0,16,0,0.1904040404040404
YLL021W,0.0661764705882353,0.6423255416388279,0.0,26.71428571428571,17,0,1.642325541638828
YLR182W,0.10909090909090909,0.4654704944178628,0.0,31.80357142857143,11,1,1.465470494417863
YPL014W,0.3333333333333333,0.14315928160321753,0.0,6.166666666666667,4,0,1.1431592816032174
YAL041W,0.054187192118226604,1.202010951148882,0.0,33.06969696969697,29,1,2.202010951148882
YBL085W,0.02125734961555857,1.3927139037433152,0.0,52.09930347430348,67,0,2.3927139037433154
YBR079C,0.16205533596837945,3.232045208627689,35.833333333333336,67.3686507936508,23,1,4.232045208627689
YBR200W,0.02564102564102564,1.5661842368158159,98.33333333333333,123.8,66,1,2.5661842368158156
YDR379W,0.0,0.0,0.0,0.0,3,0,0.0
YER114C,0.028019323671497585,1.1465877941246279,79.16666666666667,129.0,46,0,2.1465877941246276
YGL052W,0.0,0.0,0.0,0.0,1,0,0.0
YGL127C,0.013682092555331992,0.9306133094865486,51.0,55.71666666666667,71,0,1.9306133094865485
YGL233W,0.26666666666666666,0.7855311355311356,3.111111111111111,3.0416666666666665,6,1,1.7855311355311356
YGR152C,0.26666666666666666,0.587912087912088,3.111111111111111,0.0,6,0,1.041494642429222
YGR221C,0.3333333333333333,0.04984051036682616,0.0,0.0,3,0,1.0498405103668262
YGR268C,0.06666666666666667,0.14036650447409232,110.63333333333333,61.0,15,0,1.1403665044740923
YHL007C,0.07765151515151515,1.351281630941035,45.722222222222236,42.52352092352093,33,0,2.3512816309410347
YIL079C,0.08888888888888889,0.41052583723356395,2.75,24.545454545454547,10,0,1.410525837233564
YJL008C,0.031711711711711714,2.1433367619376833,313.25,395.33333333333337,75,1,3.1433367619376833
YJL187C,0.08199643493761141,1.9007597019921267,59.01666666666666,98.77193362193364,34,0,2.9007597019921265
YKL172W,0.4222222222222222,1.102086423152268,14.5,15.844444444444443,10,1,2.102086423152268
YLL008W,0.3076923076923077,1.1944355046918949,23.0,28.416666666666668,13,1,2.194435504691895
YLR206W,0.14285714285714285,0.0582266412317295,37.6,1.6666666666666667,7,0,1.0582266412317296
YLR229C,0.08465608465608465,1.8185862274362414,9.388888888888888,46.81354895104895,28,1,2.818586227436241
YLR357W,0.2,0.4586722488038278,2.0,5.333333333333333,6,0,1.4586722488038277
YMR298W,0.16666666666666666,0.10989010989010989,2.0,1.2,4,1,1.10989010989011
YNL118C,0.04358974358974359,1.3612377001772196,82.66666666666667,19.467314118629904,40,1,2.3612377001772193
YNL175C,0.10153846153846154,1.7302382146682684,51.0,23.874164578111944,26,0,2.7302382146682684
YOR212W,0.030391583869082407,1.4314641566769202,0.0,117.85353535353538,59,0,2.4314641566769204
YPL161C,0.05238095238095238,0.8618326118326118,0.0,73.0,21,0,1.8618326118326118
YPR129W,0.0,0.0,0.0,0.0,1,0,0.0
YAL042W,0.3333333333333333,0.24358974358974358,1.9444444444444444,2.416666666666667,3,0,1.2435897435897436
YML067C,0.2087912087912088,1.1165666439345403,20.333333333333332,43.4,14,0,2.11656664393454
YML130C,0.09523809523809523,0.3488529014844804,12.333333333333334,8.333333333333334,7,1,1.3488529014844803
YAL043C,0.52046783625731,8.98128768368429,137.5,66.32976190476191,19,1,9.98128768368429
YDR195W,0.5220588235294118,7.4037666245359945,123.5,46.37142857142857,17,0,8.403766624535994
YDR228C,0.12318840579710146,2.6344909617586447,38.0,25.229761904761904,24,1,3.6344909617586447
YDR301W,0.5735294117647058,8.225044266911432,83.5,75.4,17,1,9.225044266911432
YDR311W,0.012096774193548387,0.3236598510794701,32.333333333333336,8.713553113553115,32,1,1.3236598510794702
YGR156W,0.5824175824175825,5.792400611902047,69.0,37.99761904761905,14,1,6.792400611902047
YJL033W,0.29239766081871343,4.5510218913877445,34.75,38.45357142857143,19,1,5.5510218913877445
YJR093C,0.38562091503267976,6.015637020548436,79.33333333333334,63.85,18,1,7.015637020548436
YKL018W,0.3088235294117647,4.318671265254069,20.75,31.726190476190474,17,1,5.318671265254069
YKL059C,0.6083333333333333,7.820137231633553,78.5,44.91428571428571,16,1,8.820137231633552
YKR002W,0.4678362573099415,8.040789794984475,93.33333333333334,55.261904761904766,19,1,9.040789794984475
YLR115W,0.5087719298245614,8.730921577538757,129.5,121.5,19,1,9.730921577538757
YLR277C,0.49019607843137253,7.728543130224873,122.5,59.695238095238096,18,1,8.728543130224873
YMR061W,0.24675324675324675,5.204317250838991,20.25,34.96904761904762,22,1,6.204317250838991
YMR182C,0.0,0.0,0.0,0.0,2,0,0.0
YNL222W,0.6,0.7307692307692308,4.0,6.183333333333333,5,1,1.7307692307692308
YNL317W,0.2153846153846154,5.375622810911769,137.0,52.3796918767507,26,1,6.375622810911769
YOR179C,0.9,0.9230117781947051,26.0,36.0,5,0,1.9230117781947051
YPR107C,0.6043956043956044,6.102571184196005,38.5,49.35,14,1,7.102571184196005
YAL045C,0.0,0.0,0.0,0.0,2,0,0.0
YDR328C,0.03990610328638498,2.718723934220907,45.6,179.92445512004332,72,1,3.718723934220907
YJR063W,0.04843304843304843,1.0931490384615385,13.5,10.031746031746032,27,0,2.0931490384615383
YAL047C,0.047619047619047616,0.5934357033694782,11.708333333333332,2.0404040404040407,15,0,1.5934357033694782
YCL032W,0.012698412698412698,0.41368209255533206,0.0,29.75,36,0,1.413682092555332
YEL061C,0.0,0.0,0.0,0.0,7,0,0.0
YGL212W,0.03463203463203463,0.7619047619047619,53.25,12.11111111111111,22,0,1.7619047619047619
YGR218W,0.018648018648018648,1.0950762756726342,82.08333333333334,55.0127344877345,66,1,2.095076275672634
YHR172W,0.25,1.445600414078675,11.86111111111111,5.313131313131313,8,1,2.445600414078675
YIL061C,0.03844414292175486,2.345418158519956,296.99999999999994,115.96666666666668,67,1,3.345418158519956
YLR045C,0.2,0.36583850931677014,5.5,0.0,5,1,0.9125278132216939
YLR212C,0.25,1.9984126984126984,8.708333333333332,8.253607503607505,9,1,2.9984126984126984
YLR429W,0.10606060606060606,0.3412934690821404,0.0,7.076923076923077,12,0,1.3412934690821405
YMR047C,0.009498082955733705,1.4180810103188053,120.0958333333333,130.09285714285716,152,1,2.4180810103188053
YNL126W,0.5,1.0797619047619047,6.694444444444445,5.888888888888889,5,1,2.079761904761905
YNL188W,0.0,0.0,0.0,0.0,3,1,0.0
YPL093W,0.11875843454790823,3.726784795362439,67.0,84.08690476190476,39,1,4.726784795362439
YAL048C,0.0,0.0,0.0,0.0,1,0,0.0
YAL049C,0.0,0.0,0.0,0.0,2,0,0.0
YDL025C,0.10276679841897234,1.0802973652313603,0.0,19.98333333333333,23,0,2.0802973652313606
YNL094W,0.07419712070874862,1.9014119390487132,389.5333333333333,36.03554829673251,43,0,2.901411939048713
YAL051W,0.0,0.0,0.0,0.0,1,0,0.0
YOR363C,0.0,0.0,0.0,0.0,2,0,0.0
YER100W,0.023715415019762844,0.298398835823855,11.916666666666668,9.466666666666669,23,0,1.298398835823855
YLR083C,0.05238095238095238,0.6461593605157329,14.166666666666663,14.5,21,0,1.6461593605157328
YLR292C,0.05238095238095238,0.752840267410917,40.333333333333336,38.66666666666666,21,0,1.752840267410917
YML072C,0.0,0.0,0.0,0.0,2,0,0.0
YOR153W,0.0,0.0,0.0,0.0,1,0,0.0
YAL054C,0.0,0.0,0.0,0.0,3,0,0.0
YHR041C,0.10752688172043011,2.9366372053872056,22.5,46.74117647058824,31,0,3.9366372053872056
YLR049C,0.0,0.0,0.0,0.0,3,0,0.0
YAL055W,0.4,1.6337412587412588,15.566666666666666,14.5,6,0,2.6337412587412588
YDR265W,0.5333333333333333,1.870483682983683,17.816666666666666,14.9,6,0,2.870483682983683
YGR133W,0.3333333333333333,0.4,4.0,2.05,3,0,1.4
YMR026C,0.19444444444444445,1.245483682983683,15.816666666666666,9.835714285714284,9,0,2.245483682983683
YOL044W,0.13636363636363635,1.1770833333333333,6.166666666666666,5.485714285714286,12,0,2.177083333333333
YAL056W,1.0,0.23333333333333334,4.666666666666667,12.142857142857142,2,0,1.2333333333333334
YER020W,0.016666666666666666,0.26666666666666666,1.8333333333333333,10.242857142857142,16,0,1.2666666666666666
YGL121C,0.09523809523809523,0.4666666666666667,14.833333333333332,34.0,7,0,1.4666666666666668
YAL058W,0.0,0.0,0.0,0.0,2,0,0.0
YIL120W,0.2,0.1484453554860287,12.25,2.5,6,0,1.1484453554860288
YOR236W,0.0,0.0,0.0,0.0,1,1,0.0
YAL059W,0.0,0.0,0.0,0.0,8,0,0.0
YBR115C,0.0,0.0,0.0,0.0,2,0,0.0
YDR395W,0.10606060606060606,0.5999692803965304,11.694444444444445,13.378571428571428,12,1,1.5999692803965304
YER165W,0.033566433566433566,2.104644284792286,102.83333333333334,98.07504815445988,66,1,3.104644284792286
YMR308C,0.04032729398012858,2.0644656132107086,119.45833333333333,76.00862617774384,59,1,3.0644656132107086
YAL060W,0.0,0.0,0.0,0.0,1,0,0.0
YAL061W,0.0,0.0,0.0,0.0,1,0,0.0
YAL062W,0.0,0.0,0.0,0.0,2,0,0.0
YLR267W,0.4,0.16026817973547858,0.0,10.70441176470588,6,0,1.1602681797354786
YAL063C-A,0.0,0.0,0.0,0.0,1,0,0.0
YPR154W,0.002105263157894737,0.16,9.416666666666666,20.0,76,0,1.16
YAL064W,0.0,0.0,0.0,0.0,3,0,0.0
YKR011C,0.0,0.0,0.0,0.0,2,0,0.0
YMR149W,0.17992424242424243,4.772818293430151,138.125,62.1939393939394,33,1,5.772818293430151
YAL064W-B,0.0,0.0,0.0,0.0,1,0,0.0
YPR126C,0.0,0.0,0.0,0.0,5,0,0.0
YAL066W,0.0,0.0,0.0,0.0,1,0,0.0
YAL067C,0.0,0.0,0.0,0.0,3,0,0.0
YER118C,0.027386541471048513,1.8506016335165132,144.40555555555557,88.0482683982684,72,0,2.850601633516513
YGR260W,0.13655761024182078,4.23140237260064,185.41666666666669,229.50000000000003,38,0,5.23140237260064
YHR042W,0.0,0.0,0.0,0.0,7,1,0.0
YAL069W,0.0,0.0,0.0,0.0,1,0,0.0
YMR032W,0.026427962489343565,1.7389493749389031,107.58333333333333,12.684998334998337,69,1,2.738949374938903
YGR132C,0.0,0.0,0.0,0.0,1,0,0.0
YDL229W,0.0398936170212766,1.4722865296388403,77.33333333333333,690.0,48,0,2.4722865296388403
YGL097W,0.3055555555555556,1.1276696987223302,43.83333333333333,19.25686813186813,9,1,2.1276696987223302
YLR293C,0.10344827586206896,2.2142053739697105,151.91666666666669,60.4924963924964,29,1,3.2142053739697105
YOR133W,0.03684210526315789,0.3719076590024924,0.0,4.664819004524887,20,0,1.3719076590024923
YAR003W,0.1286549707602339,2.132723248369984,12.0,44.65,19,0,3.132723248369984
YBL026W,0.04773082942097027,3.323333847411673,146.0,105.00103668261563,72,1,4.323333847411673
YBR175W,0.09090909090909091,1.9167379526660966,15.166666666666666,43.13333333333333,22,0,2.9167379526660966
YBR258C,1.0,2.5396825396825395,16.0,61.0,6,0,3.5396825396825395
YCL040W,0.020875420875420877,0.7523594368960915,0.0,84.5095238095238,55,0,1.7523594368960915
YDR069C,0.0,0.0,0.0,0.0,7,0,0.0
YDR140W,0.0,0.0,0.0,0.0,3,0,0.0
YDR469W,0.3333333333333333,2.5396825396825395,16.0,30.0,10,0,3.5396825396825395
YHR119W,0.2,2.4985039246722587,12.25,15.284848484848489,15,0,3.4985039246722587
YIL148W,0.03765227021040975,1.2459557805573604,53.08333333333333,71.79444444444447,43,0,2.2459557805573604
YJL026W,0.03333333333333333,0.39199581155233965,3.111111111111111,6.275,16,1,1.3919958115523396
YJL141C,0.03208556149732621,0.6741176196088482,15.5,31.040476190476188,34,0,1.674117619608848
YJR113C,0.10714285714285714,0.23193277310924368,3.0,4.25,8,0,1.2319327731092438
YLR015W,0.4222222222222222,3.075396825396825,10.0,35.8,10,0,4.075396825396825
YPL138C,0.4222222222222222,3.075396825396825,18.0,33.98831168831168,10,0,4.075396825396825
YAR007C,0.05855855855855856,1.5345823650663808,123.66666666666667,59.28215665913035,37,1,2.534582365066381
YBR089C-A,0.10294117647058823,1.6328441295546559,12.0,2.1666666666666665,17,1,2.632844129554656
YBR136W,0.07142857142857142,1.0787255138878356,28.833333333333336,10.927568922305763,21,1,2.0787255138878358
YCR012W,0.044444444444444446,0.09367424242424242,5.0,4.2,10,1,1.0936742424242425
YDL007W,0.5751633986928104,5.333794802676508,7.0,57.618398268398266,18,1,6.333794802676508
YDR034C,0.004371584699453552,0.24712301587301583,44.96666666666667,13.057142857142855,61,0,1.2471230158730158
YDR097C,0.09956709956709957,1.7407224507261183,67.66666666666667,21.599248120300757,22,0,2.7407224507261185
YER078C,0.0,0.0,0.0,0.0,7,0,0.0
YER095W,0.03225806451612903,0.6164907812130473,25.000000000000004,30.307142857142857,32,0,1.6164907812130473
YHR164C,0.0,0.0,0.0,0.0,5,1,0.0
YIR002C,0.027777777777777776,0.07539682539682539,2.0,1.7272727272727273,9,0,1.0753968253968254
YJL034W,0.01730769230769231,0.9538757647558398,114.7,47.77980557454242,65,1,1.9538757647558398
YJL173C,0.03484320557491289,1.138841125024689,76.33333333333333,51.60918803418805,42,1,2.138841125024689
YLR304C,0.018115942028985508,0.214503871884456,10.694444444444443,0.0,24,0,0.29895895360318503
YML032C,0.21212121212121213,0.7726088968378748,14.5,21.97619047619048,12,0,1.7726088968378748
YML124C,0.024024024024024024,0.44173868212277306,87.7,29.804616144089827,37,0,1.4417386821227731
YMR116C,0.04666666666666667,0.809006042943422,50.7,11.363362952836637,25,0,1.809006042943422
YMR234W,0.16666666666666666,0.0521680216802168,0.0,8.5,4,0,1.0521680216802167
YNL312W,0.06666666666666667,0.641771173166522,26.0,2.093984962406015,16,1,1.6417711731665219
YOL090W,0.07368421052631578,1.2091433699305798,23.5,12.685964912280705,20,0,2.2091433699305796
YAR008W,0.3,0.8110307414104883,3.0,1.2,5,1,1.8110307414104883
YBL051C,0.047619047619047616,0.17507002801120447,6.0,0.25,7,0,1.1750700280112045
YLR105C,0.14285714285714285,0.6430028233825702,4.125,4.266666666666667,8,1,1.6430028233825702
YMR059W,0.019936708860759492,1.457714910217067,28.333333333333332,208.5,80,1,2.4577149102170672
YPL083C,0.3,0.8110307414104883,3.0,2.2666666666666666,5,1,1.8110307414104883
YAR014C,0.016346153846153847,0.9286845835895333,0.0,16.00937950937951,65,0,1.9286845835895332
YBR186W,0.0,0.0,0.0,0.0,3,0,0.0
YCL031C,0.15441176470588236,0.5022952408705228,94.51666666666667,24.0,17,1,1.5022952408705228
YDL070W,0.047619047619047616,0.02375508130081301,0.0,0.0,7,0,1.023755081300813
YDL240W,0.0,0.0,0.0,0.0,4,0,0.0
YDR010C,0.16666666666666666,0.03382034632034632,0.0,0.0,4,0,1.0338203463203464
YDR085C,0.047619047619047616,0.02375508130081301,0.0,0.0,7,0,1.023755081300813
YDR100W,0.05555555555555555,0.29276315789473684,1.0,6.666666666666666,9,0,1.2927631578947367
YDR107C,0.0,0.0,0.0,0.0,5,0,0.0
YDR122W,0.0935672514619883,1.1604987977469516,3.8333333333333335,25.04761904761905,19,0,2.1604987977469516
YDR259C,0.036923076923076927,0.5628808941130327,50.16666666666667,36.8,26,0,1.5628808941130328
YDR277C,0.14285714285714285,0.8314527479789778,0.0,67.5,21,0,1.831452747978978
YDR480W,0.12121212121212122,1.6588964465614373,56.83333333333333,35.392857142857146,22,0,2.658896446561437
YER032W,0.07142857142857142,0.6363042849158875,50.0,34.12138694638695,21,0,1.6363042849158875
YER115C,0.047619047619047616,0.05808080808080808,0.0,20.0,7,0,1.0580808080808082
YER155C,0.043478260869565216,0.6303688830564387,0.0,12.251623376623376,24,0,1.6303688830564387
YER158C,0.0,0.0,0.0,0.0,7,0,0.0
YER167W,0.2087912087912088,1.1359015109615156,0.0,97.33333333333331,14,0,2.1359015109615154
YFL059W,0.2,1.7980539405684755,0.0,19.0,10,0,2.7980539405684755
YGL237C,0.02506265664160401,1.2129769969931465,139.53333333333333,64.7,57,0,2.2129769969931465
YGR037C,0.10714285714285714,0.0899336136094452,0.0,6.333333333333334,8,0,1.0899336136094453
YGR225W,0.0,0.0,0.0,0.0,2,0,0.0
YGR285C,0.12727272727272726,0.8067550505050505,30.7,2.785714285714286,11,0,1.8067550505050505
YHL048W,0.150786308973173,6.249153573995406,657.2833333333334,223.82121212121217,47,0,7.249153573995406
YHR064C,0.045454545454545456,0.4348169191919192,4.5,4.666666666666667,12,0,1.4348169191919191
YIL045W,0.16666666666666666,0.997531782271579,0.0,4.821428571428571,13,0,1.997531782271579
YIL144W,0.0427807486631016,1.0177585082251797,80.43333333333334,23.73852813852813,34,1,2.01775850822518
YJL042W,0.4,0.08899483573917372,2.0,0.0,5,0,1.0889948357391737
YKR075C,0.0,0.0,0.0,0.0,1,1,0.0
YLR096W,0.04779189352692075,2.3253545953382773,83.52222222222221,117.98355878727396,58,0,3.3253545953382773
YLR098C,0.0,0.0,0.0,0.0,5,0,0.0
YLR108C,0.13333333333333333,0.06809575401124697,13.333333333333334,39.0,6,0,1.068095754011247
YLR245C,0.2,0.08312772294834178,0.0,4.747619047619048,5,0,1.0831277229483418
YLR273C,0.1,0.04503676470588235,0.0,3.5,5,0,1.0450367647058822
YLR430W,0.1388888888888889,0.15556539726584237,46.13333333333333,4.087301587301587,9,1,1.1555653972658424
YML052W,0.0,0.0,0.0,0.0,2,0,0.0
YMR018W,0.0,0.0,0.0,0.0,2,0,0.0
YMR071C,0.0,0.0,0.0,0.0,3,1,0.0
YMR104C,0.04411764705882353,0.3130284045975947,15.375,9.233333333333333,17,0,1.3130284045975946
YMR258C,0.0,0.0,0.0,0.0,3,0,0.0
YNL044W,0.09047619047619047,1.1264365676057437,43.208333333333336,43.98333333333333,21,1,2.1264365676057437
YNL206C,0.10714285714285714,0.06399640230942413,5.75,0.0,8,0,1.0639964023094242
YNL229C,0.10989010989010989,0.8394672087526948,85.93333333333332,5.944444444444445,14,0,1.8394672087526946
YNL333W,0.2857142857142857,1.829799972314507,0.0,11.3,8,0,2.829799972314507
YOL033W,0.0,0.0,0.0,0.0,2,0,0.0
YOL154W,0.0,0.0,0.0,0.0,2,0,0.0
YOR047C,0.025551684088269456,0.6674846573596344,44.600000000000016,24.236111111111114,42,0,1.6674846573596342
YOR062C,0.3333333333333333,0.07328918322295806,0.0,3.633333333333333,3,0,1.073289183222958
YOR178C,0.15384615384615385,0.9588581501278304,0.0,14.428571428571429,13,0,1.9588581501278304
YOR229W,0.0718954248366013,0.5659488387481363,0.0,13.117857142857144,18,1,1.5659488387481364
YOR284W,0.12418300653594772,0.7181252923237548,168.38333333333333,3.3666666666666667,18,0,1.7181252923237547
YOR329C,0.10909090909090909,0.1291033960442232,70.88333333333333,2.761904761904762,11,1,1.1291033960442232
YOR355W,0.0,0.0,0.0,0.0,15,0,0.0
YOR358W,0.16666666666666666,0.3579931501425404,10.333333333333334,6.96984126984127,9,0,1.3579931501425404
YPL049C,0.12631578947368421,1.6332568754984629,68.16666666666666,28.875,20,0,2.633256875498463
YPL204W,0.022829131652661063,2.6961410964520214,155.55555555555554,141.76344269765326,120,1,3.6961410964520214
YAR018C,0.03508771929824561,0.4784662655352311,0.0,4.365079365079366,19,0,1.4784662655352312
YBL106C,0.01282051282051282,0.08551307847082494,0.0,4.564102564102564,13,0,1.085513078470825
YDR216W,0.1028225806451613,2.7475224688713795,39.5,56.0843013539608,32,0,3.7475224688713795
YGR032W,0.0,0.0,0.0,0.0,5,0,0.0
YIL070C,0.03333333333333333,0.3932913204897592,19.0,10.5,21,0,1.3932913204897592
YJL098W,0.04850964348334307,2.3725245086044313,0.0,54.62302246257354,59,0,3.3725245086044313
YML006C,0.07272727272727272,0.22333099906629317,48.083333333333336,3.333333333333333,11,0,1.223330999066293
YOL054W,0.03418803418803419,0.7010205807838693,19.0,4.041666666666667,27,0,1.7010205807838692
YOL083W,0.02564102564102564,0.17586367880485526,6.0,1.2,13,0,1.1758636788048553
YOR167C,0.03636363636363636,0.2507177033492823,3.0,2.8,11,0,1.2507177033492822
YAR019C,0.2857142857142857,0.7352566989660934,43.02777777777778,78.60317460317461,14,1,1.7352566989660934
YDL047W,0.03392612859097127,2.656362250512015,461.99999999999994,189.94000721500728,86,0,3.656362250512015
YDL185W,0.049786628733997154,1.4173573978940013,32.08333333333333,66.33928571428571,38,0,2.4173573978940013
YHR169W,0.034482758620689655,0.49879855973458326,48.666666666666664,42.17857142857143,30,1,1.4987985597345832
YNL223W,0.16666666666666666,0.024868705591597158,1.0,3.157142857142857,4,0,1.0248687055915973
YAR023C,0.0,0.0,0.0,0.0,2,0,0.0
YDL217C,0.23809523809523808,1.6190476190476188,4.0,7.0,7,1,2.6190476190476186
YAR028W,0.18181818181818182,0.6261816399974295,45.333333333333336,45.0,11,0,1.6261816399974296
YAR030C,0.0,0.0,0.0,0.0,2,0,0.0
YBR106W,0.05549450549450549,5.826923076923082,521.566666666667,264.5380952380952,105,1,6.826923076923082
YBR135W,0.07246376811594203,1.1467050779121715,0.0,125.78766233766235,24,1,2.1467050779121717
YCL073C,0.0,0.0,0.0,0.0,1,0,0.0
YDL198C,0.0,0.0,0.0,0.0,3,0,0.0
YDR406W,0.0,0.0,0.0,0.0,1,0,0.0
YEL041W,0.0,0.0,0.0,0.0,5,0,0.0
YGL129C,0.14285714285714285,0.28592996806015536,8.416666666666666,5.0,8,0,1.2859299680601555
YGR014W,0.044444444444444446,0.10105938605378695,3.0,4.926406926406926,10,0,1.101059386053787
YGR284C,0.16358463726884778,5.489868439026176,343.6416666666667,175.58333333333331,38,0,6.489868439026176
YHR048W,0.0,0.0,0.0,0.0,3,0,0.0
YIL004C,0.19883040935672514,2.887689335753852,44.08333333333333,29.98015873015873,19,1,3.887689335753852
YIL016W,0.16463414634146342,6.162066056448128,189.80555555555554,190.4380952380953,41,0,7.162066056448128
YIL111W,0.0,0.0,0.0,0.0,4,0,0.0
YIR033W,0.0,0.0,0.0,0.0,3,0,0.0
YJL002C,0.17894736842105263,2.829252422090563,56.916666666666664,18.25,20,1,3.829252422090563
YJL093C,0.0,0.0,0.0,0.0,2,0,0.0
YJR040W,0.0,0.0,0.0,0.0,5,0,0.0
YKL196C,0.2909090909090909,2.3004329004329005,17.055555555555554,20.344444444444445,11,1,3.3004329004329005
YKR105C,0.0,0.0,0.0,0.0,4,0,0.0
YLR018C,0.4052631578947368,3.610176923312128,68.83333333333334,134.45,20,0,4.610176923312128
YLR214W,0.0,0.0,0.0,0.0,7,0,0.0
YML038C,0.045454545454545456,0.24157999859219373,4.166666666666666,12.0,12,0,1.2415799985921938
YMR264W,0.19047619047619047,1.0611561546567922,39.99999999999999,20.052380952380958,15,0,2.0611561546567922
YMR279C,0.39285714285714285,0.6767056203185315,54.333333333333336,24.0,8,0,1.6767056203185315
YNL125C,0.25,0.42150370484648475,46.833333333333336,5.0,9,0,1.4215037048464847
YOL030W,0.09523809523809523,0.09048680787811222,4.527777777777778,1.25,7,0,1.0904868078781123
YOL156W,0.2222222222222222,0.2517832469839606,24.833333333333332,12.466666666666669,9,0,1.2517832469839605
YOR273C,0.0,0.0,0.0,0.0,2,0,0.0
YPL094C,0.07272727272727272,0.5952380952380952,13.0,6.583333333333334,11,1,1.5952380952380953
YPR128C,0.06666666666666667,0.12777777777777777,4.666666666666667,0.0,6,0,0.6495169082125604
YGL104C,0.11076923076923077,1.4382932149617207,89.80833333333334,136.0,26,0,2.4382932149617207
YGR055W,0.0,0.0,0.0,0.0,3,0,0.0
YJL219W,0.26666666666666666,0.5628221684153887,12.5,8.1,6,0,1.5628221684153887
YML129C,0.0,0.0,0.0,0.0,3,0,0.0
YAR031W,0.027777777777777776,0.09953703703703703,2.25,6.0,9,0,1.099537037037037
YBR069C,0.11904761904761904,2.146737233634164,259.91666666666663,88.75,28,0,3.146737233634164
YCR030C,0.08571428571428572,0.6842817437356539,67.3,5.125,15,0,1.6842817437356539
YJR015W,0.16483516483516483,0.9879685781928478,14.916666666666668,10.21904761904762,14,0,1.9879685781928478
YAR033W,0.38095238095238093,0.5881242777524938,20.333333333333332,2.083333333333333,7,0,1.5881242777524938
YGL051W,0.1431451612903226,3.154141674506636,96.02083333333333,54.669047619047625,32,0,4.154141674506636
YKL174C,0.06666666666666667,0.1989247311827957,4.0,0.0,6,0,0.5340598663179308
YPR198W,0.2222222222222222,1.9892208326164913,115.58333333333334,106.5,19,0,2.9892208326164913
YAR035W,0.0,0.0,0.0,0.0,5,0,0.0
YGR069W,0.0,0.0,0.0,0.0,2,0,0.0
YLR295C,0.0016774193548387097,0.20942140296978998,22.708333333333332,21.05,125,0,1.20942140296979
YLR381W,0.0,0.0,0.0,0.0,3,0,0.0
YLR447C,0.0035834266517357225,0.33187689969604856,16.041666666666664,24.581096681096685,95,0,1.3318768996960486
YAR042W,0.1,0.25662251655629137,2.708333333333333,2.2666666666666666,5,0,1.2566225165562914
YER120W,0.0,0.0,0.0,0.0,14,0,0.0
YGR192C,0.027777777777777776,0.03382034632034632,1.0,0.0,9,0,0.8551536796536796
YLR397C,0.1,0.25662251655629137,11.666666666666666,1.6666666666666667,5,1,1.2566225165562914
YAR047C,0.0,0.0,0.0,0.0,1,0,0.0
YAR064W,0.0,0.0,0.0,0.0,2,0,0.0
YGL070C,0.02857142857142857,1.5999999999999999,19.0,60.90238095238095,56,0,2.5999999999999996
YAR066W,0.0,0.0,0.0,0.0,4,0,0.0
YDR074W,0.07142857142857142,0.3571428571428571,3.0,0.0,8,0,0.5571428571428572
YLR145W,0.0,0.0,0.0,0.0,1,1,0.0
YPR086W,0.005547226386806597,0.6409537166900419,69.83333333333334,50.125793650793646,116,1,1.6409537166900419
YAR068W,0.0,0.0,0.0,0.0,1,0,0.0
YAR069C,0.0,0.0,0.0,0.0,1,0,0.0
YPL215W,0.0,0.0,0.0,0.0,5,0,0.0
YAR071W,0.0,0.0,0.0,0.0,1,0,0.0
YLR453C,0.002997002997002997,0.20225694444444448,17.166666666666664,15.35,78,0,1.2022569444444444
YAR073W,0.0,0.0,0.0,0.0,3,0,0.0
YDL213C,0.052083333333333336,3.176634488526103,137.125,85.31541118839883,64,0,4.176634488526103
YLR383W,0.018018018018018018,0.37378573167918605,24.6,45.89662257247396,37,1,1.373785731679186
YOL115W,0.018893387314439947,0.5045914324408994,34.166666666666664,12.297812713602188,39,0,1.5045914324408995
YBL001C,0.16666666666666666,0.04311270125223614,0.0,2.0090909090909093,4,0,1.043112701252236
YDR510W,0.022792022792022793,0.3401362110352686,0.0,8.818181818181817,27,1,1.3401362110352686
YER067W,0.0,0.0,0.0,0.0,3,0,0.0
YPL068C,0.0,0.0,0.0,0.0,1,0,0.0
YBL002W,0.035650623885918005,1.1199066442907593,31.666666666666668,14.080158730158727,34,0,2.1199066442907593
YBR114W,0.007936507936507936,0.2857142857142857,30.833333333333332,5.025,36,0,1.2857142857142856
YBR245C,0.15789473684210525,3.0221409137817803,57.5,13.86111111111111,20,0,4.02214091378178
YCR040W,0.10714285714285714,0.618140589569161,4.0,0.0,8,0,0.7914714773167765
YDR121W,0.5,0.8939393939393938,17.0,1.4285714285714286,5,0,1.8939393939393938
YGL241W,0.2,0.19404572036150983,4.944444444444445,4.934523809523809,6,0,1.1940457203615098
YGR054W,0.03571428571428571,0.06929510155316607,0.0,3.5,8,0,1.069295101553166
YGR067C,0.0,0.0,0.0,0.0,11,0,0.0
YHR197W,0.08562367864693446,3.493479326702743,179.5,80.17857142857143,44,1,4.493479326702743
YIL035C,0.05262027491408935,5.049371159754223,0.0,299.8757936507937,97,0,6.049371159754223
YIL126W,0.19047619047619047,0.625,8.5,0.0,7,1,0.9297619047619048
YJR090C,0.08735632183908046,1.340650465615503,103.49999999999999,83.81361089890501,30,0,2.3406504656155027
YKR001C,0.13333333333333333,1.6901482088188078,31.0,18.416666666666668,16,0,2.690148208818808
YKR048C,0.03303303303303303,0.9888213590662376,25.38888888888889,18.78392857142857,37,0,1.9888213590662376
YLR074C,0.060451977401129946,3.514667305074322,85.58333333333333,148.68809523809523,60,0,4.5146673050743225
YMR036C,0.08823529411764706,0.58007675309855,0.0,27.879329004329005,17,0,1.58007675309855
YMR091C,0.3333333333333333,0.20223285486443382,5.5,7.2,4,0,1.2022328548644339
YNL068C,0.0,0.0,0.0,0.0,6,0,0.0
YNL157W,0.0,0.0,0.0,0.0,9,0,0.0
YNL262W,0.14102564102564102,1.2582419277180947,25.5,8.147619047619047,13,1,2.2582419277180947
YOL006C,0.009523809523809525,0.10173160173160173,1.3333333333333333,0.0,15,0,0.1953486230081975
YOL087C,0.04329004329004329,0.7669244276473193,21.5,114.0,22,0,1.7669244276473193
YOL108C,0.018115942028985508,0.2897012454733594,15.333333333333334,0.0,24,0,0.3522344320303755
YOR116C,0.1339031339031339,3.0352072602576636,82.0,24.38452380952381,27,1,4.035207260257664
YOR207C,0.1794871794871795,1.2222128219003219,26.5,6.285714285714286,13,1,2.222212821900322
YOR304W,0.18181818181818182,1.3121821291585654,15.0,5.361111111111111,11,0,2.3121821291585656
YPL082C,0.1282051282051282,1.2405768208399788,9.5,7.022549019607843,13,1,2.240576820839979
YPR175W,0.13333333333333333,1.0606060606060606,5.25,2.1142857142857143,10,1,2.0606060606060606
YPR190C,0.35714285714285715,0.8820511086136086,13.916666666666668,4.0,8,1,1.8820511086136085
YBL003C,0.0,0.0,0.0,0.0,6,1,0.0
YCR057C,0.06597222222222222,4.167393966946824,111.375,88.07380952380952,64,1,5.167393966946824
YPL153C,0.04126984126984127,0.9498293292809511,73.33333333333333,27.084126984126986,36,1,1.9498293292809512
YBL004W,0.11067193675889328,1.4193968252944331,24.000000000000004,9.363095238095235,23,1,2.419396825294433
YBL038W,0.03896103896103896,0.7703222703222703,12.666666666666666,7.833333333333333,22,0,1.7703222703222703
YBR143C,0.01904761904761905,0.3474853577794754,20.833333333333336,1.0,21,1,1.3474853577794754
YBR247C,0.13109243697478992,3.8529919570982267,39.777777777777786,37.10950715950716,35,1,4.852991957098227
YBR251W,0.05238095238095238,1.8594827586206897,30.38888888888889,38.833333333333336,36,0,2.8594827586206897
YCL059C,0.1319073083778966,3.7880127738198857,74.62500000000001,74.53333333333333,34,1,4.788012773819886
YDR060W,0.21428571428571427,4.949980785784908,44.33333333333333,40.692279942279946,29,1,5.949980785784908
YDR280W,0.33986928104575165,5.517160758011741,37.77777777777778,60.285714285714285,18,1,6.517160758011741
YER082C,0.06207482993197279,2.7765188123600404,88.08333333333334,53.40514449001292,49,1,3.7765188123600404
YGR090W,0.07130333138515488,4.076031974092319,99.79166666666669,88.6145406880701,59,1,5.076031974092319
YGR220C,0.0,0.0,0.0,0.0,32,0,0.0
YHR089C,0.14285714285714285,2.066147037022651,66.54166666666666,54.5,22,1,3.066147037022651
YJL095W,0.050816696914700546,2.8517266208282557,174.66666666666666,92.57738095238092,58,0,3.8517266208282557
YKR086W,0.005847953216374269,0.09401709401709402,2.0,0.0,19,1,0.15621805095489305
YNL110C,0.23295454545454544,6.401204113274496,58.55555555555554,162.0,33,1,7.401204113274496
YNL284C,0.03968253968253968,0.9475279404691166,20.444444444444443,24.666666666666664,28,0,1.9475279404691166
YOL139C,0.07966457023060797,3.5998571945481372,0.0,156.9785714285714,54,1,4.599857194548138
YPL043W,0.17317073170731706,6.396895094006827,105.25,108.3647546897547,41,1,7.396895094006827
YPR137W,0.09090909090909091,0.3580627705627706,6.166666666666666,13.433333333333334,11,1,1.3580627705627706
YBL005W,0.2,0.056526152376403155,3.0,2.857142857142857,5,0,1.0565261523764031
YCR009C,0.06219512195121951,1.393423829840748,196.83333333333331,38.180735930735935,41,0,2.393423829840748
YCR088W,0.07756813417190776,3.0577079544673147,585.6166666666667,119.16666666666669,54,1,4.057707954467315
YDR176W,0.19384615384615383,3.8388698730948647,53.83333333333333,54.46883035265387,26,0,4.838869873094865
YDR388W,0.025873736167502586,4.105692544084295,1328.7999999999997,414.6626516242616,159,0,5.105692544084295
YBL005W-B,0.0,0.0,0.0,0.0,1,0,0.0
YBL006C,0.0,0.0,0.0,0.0,1,0,0.0
YDR489W,0.0,0.0,0.0,0.0,7,1,0.0
YBL037W,0.26666666666666666,0.8601083296735471,3.5,1.6,6,0,1.860108329673547
YBL047C,0.0989010989010989,0.864839604258148,13.1,14.840909090909092,14,0,1.8648396042581479
YBL105C,0.07905138339920949,1.0908425673017677,0.0,16.636363636363637,23,1,2.0908425673017677
YBR059C,0.06666666666666667,0.918089701166902,0.0,0.0,21,0,0.990704246980816
YBR098W,0.10714285714285714,0.07574296905406053,52.2,0.0,8,0,1.0757429690540605
YBR108W,0.19166666666666668,0.5891114455022322,225.83333333333334,8.2,16,0,1.5891114455022322
YBR150C,0.6666666666666666,0.02771710465969547,12.233333333333333,1.3333333333333333,3,0,1.0277171046596956
YBR205W,0.045454545454545456,0.053302629073674786,75.2,2.5,12,0,1.053302629073675
YBR250W,0.0,0.0,0.0,0.0,3,0,0.0
YCL008C,0.14545454545454545,0.3860042571557377,36.788888888888884,3.8,11,0,1.3860042571557378
YCL034W,0.8333333333333334,0.10419385880500394,50.2,11.0,4,0,1.104193858805004
YCL045C,0.0,0.0,0.0,0.0,2,0,0.0
YCR095C,0.1,0.2572463768115942,0.0,0.0,5,0,0.6459787711777913
YCR100C,0.0,0.0,0.0,0.0,3,0,0.0
YDL002C,0.10294117647058823,1.2311346637052991,35.3,40.06666666666667,17,0,2.231134663705299
YDL091C,0.0,0.0,0.0,0.0,2,0,0.0
YDL139C,0.2,0.05312500744531565,50.2,0.0,6,1,1.0531250074453156
YDL146W,0.39285714285714285,0.26771799058739376,51.1,19.0,8,0,1.2677179905873937
YDL203C,0.03571428571428571,0.15000000000000002,0.0,8.0,8,0,1.15
YDL206W,0.5,0.13655405405405407,25.8,17.0,4,0,1.136554054054054
YDR172W,0.02564102564102564,0.2791666666666667,6.5,0.0,13,1,0.37101511672407195
YDR271C,0.05555555555555555,0.03197174521982706,0.0,0.0,9,0,1.0319717452198272
YDR382W,0.044444444444444446,0.2994227994227994,3.0,1.0,10,0,1.2994227994227994
YDR423C,0.0,0.0,0.0,0.0,2,0,0.0
YDR520C,0.0,0.0,0.0,0.0,3,0,0.0
YEL068C,0.06666666666666667,0.029225255031706643,0.0,0.0,6,0,1.0292252550317067
YER014W,0.0,0.0,0.0,0.0,1,0,0.0
YER025W,0.13538461538461538,1.8528869834722594,0.0,79.53358585858585,26,1,2.8528869834722594
YER027C,0.21428571428571427,0.5125396825396825,20.233333333333334,4.9,8,0,1.5125396825396824
YER151C,0.2,0.18148880105401843,0.0,2.033333333333333,6,0,1.1814888010540185
YFL010C,0.07142857142857142,0.04034196654779487,16.733333333333334,5.0,8,0,1.0403419665477949
YFR013W,0.19047619047619047,0.3846634568145249,56.3,0.0,7,0,0.879839661108954
YGL035C,0.041666666666666664,0.24580134635638798,52.2,1.5714285714285714,16,0,1.245801346356388
YGL201C,0.09473684210526316,0.8540049306619324,143.7,4.846491228070176,20,1,1.8540049306619324
YGL215W,0.06666666666666667,0.18992248062015504,0.0,4.333333333333334,6,0,1.189922480620155
YGL238W,0.14285714285714285,0.07233719372481046,29.76666666666667,2.0090909090909093,7,1,1.0723371937248105
YGR166W,0.2,0.31661841742486907,2.0,2.5,5,0,1.316618417424869
YGR227W,0.3,0.053302629073674786,37.6,2.0,5,0,1.053302629073675
YGR240C,0.09090909090909091,2.190624766293441,157.79999999999998,90.11304112554112,44,0,3.190624766293441
YHL002W,0.024675324675324677,1.0964951765931557,123.65555555555555,22.756204906204907,56,0,2.0964951765931557
YHL016C,0.0,0.0,0.0,0.0,1,0,0.0
YHR016C,0.04107981220657277,2.477223340711367,855.3000000000001,80.64999999999999,72,0,3.477223340711367
YIL076W,0.37777777777777777,1.2603274582200836,16.679166666666664,8.206349206349206,10,0,2.2603274582200834
YIL095W,0.08669354838709678,1.541986578873989,316.9833333333333,41.51259778233463,32,0,2.5419865788739893
YIL156W,0.225,0.6970952304192312,209.7,2.0075757575757573,16,0,1.6970952304192313
YIL173W,0.0,0.0,0.0,0.0,4,0,0.0
YIR003W,0.19852941176470587,0.7218767660734497,193.53333333333333,38.0,17,0,1.7218767660734497
YIR006C,0.19696969696969696,1.1210666253813641,30.375,0.0,12,1,1.2967651008423493
YJL004C,0.08823529411764706,0.8716624215590677,55.43333333333333,9.633333333333336,17,0,1.8716624215590678
YJL145W,0.0,0.0,0.0,0.0,1,0,0.0
YJL151C,0.32142857142857145,0.20204224691291994,18.925,29.0,8,0,1.20204224691292
YJL201W,0.6666666666666666,0.04034196654779487,50.2,0.0,3,0,1.0403419665477949
YKL054C,0.0,0.0,0.0,0.0,3,0,0.0
YKL074C,0.13333333333333333,0.8148221343873518,0.0,0.0,10,0,0.9784570280731792
YKR022C,0.0,0.0,0.0,0.0,5,1,0.0
YKR030W,0.10714285714285714,0.053302629073674786,25.06666666666667,0.0,8,0,1.053302629073675
YKR095W,0.1,0.021929824561403508,0.0,0.0,5,0,1.0219298245614035
YLL005C,0.26666666666666666,0.17264903430243295,69.7,0.0,6,0,1.172649034302433
YLL018C,0.06666666666666667,0.0250384024577573,9.333333333333334,2.0,6,1,1.0250384024577572
YLR064W,0.3333333333333333,0.034291546379727644,12.55,0.0,4,0,1.0342915463797278
YLR078C,0.15076923076923077,3.318567911314986,69.23333333333333,53.08333333333333,26,1,4.318567911314986
YLR088W,0.1,0.07017543859649122,2.0,3.5,5,1,1.0701754385964912
YLR095C,0.3333333333333333,0.17391304347826086,25.2,0.0,3,0,1.1739130434782608
YLR106C,0.16666666666666666,0.8493039224136629,20.25,6.714285714285714,12,1,1.849303922413663
YLR144C,0.24444444444444444,0.21736846446821242,162.03333333333333,12.0,10,0,1.2173684644682123
YLR150W,0.0,0.0,0.0,0.0,5,0,0.0
YLR315W,0.0,0.0,0.0,0.0,5,0,0.0
YLR337C,0.24166666666666667,0.7648599111526772,175.7,23.32738095238096,16,0,1.7648599111526773
YLR363W-A,0.0,0.0,0.0,0.0,1,0,0.0
YML075C,0.19298245614035087,1.6237407437535316,47.59999999999999,36.43333333333334,19,0,2.6237407437535314
YML097C,0.0,0.0,0.0,0.0,3,0,0.0
YML116W,0.0,0.0,0.0,0.0,3,0,0.0
YMR147W,0.0,0.0,0.0,0.0,7,0,0.0
YMR192W,0.14545454545454545,0.26543316473006956,49.56666666666666,4.0,11,0,1.2654331647300696
YMR253C,0.3333333333333333,0.03197174521982706,25.1,7.0,4,0,1.0319717452198272
YMR313C,0.3333333333333333,0.034291546379727644,25.1,1.6666666666666667,4,0,1.0342915463797278
YNL020C,0.12380952380952381,1.0315946394964877,119.95,0.0,15,1,1.1516122501637496
YNL084C,0.12418300653594772,0.9279160950708992,32.9875,19.966666666666665,18,0,1.9279160950708993
YNL106C,0.02857142857142857,0.14429484414806573,52.53333333333333,9.00328947368421,21,0,1.1442948441480658
YNL116W,0.058333333333333334,0.4704847653840195,44.53333333333333,11.241414141414142,16,0,1.4704847653840196
YNL138W,0.11052631578947368,0.795133214220231,130.13333333333333,12.916666666666666,20,1,1.795133214220231
YNL144C,0.0,0.0,0.0,0.0,2,0,0.0
YNL152W,0.3333333333333333,0.18716401553020215,80.5,5.5,7,1,1.1871640155302021
YNL161W,0.0412262156448203,1.2217230018246226,0.0,43.31190476190476,44,1,2.2217230018246226
YNL176C,0.09523809523809523,0.03258657342959198,25.1,0.0,7,0,1.032586573429592
YNL285W,0.0,0.0,0.0,0.0,3,0,0.0
YNR041C,0.0,0.0,0.0,0.0,4,0,0.0
YOL028C,0.3333333333333333,0.02023338979860719,25.2,0.0,3,0,1.0202333897986071
YOR109W,0.08333333333333333,0.053302629073674786,75.2,1.4285714285714286,9,0,1.053302629073675
YOR211C,0.0,0.0,0.0,0.0,3,0,0.0
YOR322C,0.0,0.0,0.0,0.0,3,0,0.0
YOR388C,0.0,0.0,0.0,0.0,4,0,0.0
YPL012W,0.10526315789473684,1.2062843904175171,26.72222222222222,2.1142857142857143,20,1,2.206284390417517
YPL027W,0.6666666666666666,0.2749094202898551,0.0,0.0,3,0,1.274909420289855
YPL084W,0.05555555555555555,0.07610460191981931,8.65,2.388888888888889,9,0,1.0761046019198193
YPL157W,0.0,0.0,0.0,0.0,3,0,0.0
YPL246C,0.25,0.1492553616670183,37.6,3.085714285714286,8,0,1.1492553616670182
YPL249C,0.14285714285714285,0.07433107824974386,37.6,1.25,8,0,1.074331078249744
YPR030W,0.07142857142857142,0.06719902801500238,2.25,23.75,8,0,1.0671990280150023
YPR048W,0.0,0.0,0.0,0.0,7,1,0.0
YPR091C,0.6666666666666666,0.07017817343684743,37.65,0.0,4,0,1.0701781734368474
YPR159W,0.09090909090909091,0.1424047809285423,14.6,4.714285714285714,11,0,1.1424047809285423
YPR171W,0.16993464052287582,0.7183723310752612,81.54444444444444,9.23138528138528,18,0,1.7183723310752612
YBL008W,0.25,1.2563492063492063,6.666666666666667,3.6941176470588233,8,0,2.2563492063492063
YBR289W,0.21666666666666667,2.9979912115505334,87.33333333333333,2.0,16,0,3.6651045747566977
YGR180C,0.06666666666666667,0.5032679738562091,5.611111111111111,10.0,10,0,1.5032679738562091
YJL115W,0.09090909090909091,0.9666666666666666,21.333333333333332,6.344117647058823,11,0,1.9666666666666666
YOR038C,0.6,1.0452380952380953,12.5,0.0,5,0,1.6192699858986876
YOR290C,0.15789473684210525,2.6127070471174005,138.41666666666666,0.0,19,0,2.6731404344029404
YBL009W,0.022222222222222223,0.14559386973180077,0.0,2.321428571428571,10,0,1.1455938697318007
YDL053C,0.0,0.0,0.0,0.0,9,0,0.0
YHR121W,0.03571428571428571,0.12916666666666665,0.0,2.5,8,0,1.1291666666666667
YKL203C,0.125,1.5815517961570593,27.880000000000003,17.254621848739497,16,1,2.5815517961570595
YLR196W,0.02547065337763012,0.8581972794222227,0.0,194.0,43,1,1.8581972794222228
YOL041C,0.03908045977011494,0.9453190555359854,15.666666666666666,26.0,30,0,1.9453190555359854
YOR017W,0.0,0.0,0.0,0.0,9,0,0.0
YOR233W,0.16666666666666666,0.3849158740737697,0.0,7.571428571428571,9,1,1.3849158740737697
YBL010C,0.0,0.0,0.0,0.0,1,0,0.0
YBL013W,0.0,0.0,0.0,0.0,1,0,0.0
YBL014C,0.3333333333333333,0.19523809523809524,2.0,2.1666666666666665,3,1,1.1952380952380952
YHL004W,0.05238095238095238,1.850933729489853,28.27777777777778,60.5,36,0,2.850933729489853
YJL025W,0.0,0.0,0.0,0.0,2,1,0.0
YOR158W,0.14285714285714285,0.30753409344958643,7.388888888888889,21.5,7,0,1.3075340934495865
YBL015W,0.0,0.0,0.0,0.0,4,0,0.0
YJR035W,0.041025641025641026,0.9934061597542665,106.66666666666667,13.816666666666666,40,0,1.9934061597542665
YBL016W,0.04367816091954023,1.0576684733974615,40.15,12.492063492063494,30,0,2.0576684733974613
YBR083W,0.2857142857142857,0.548532562693377,9.0,10.666666666666668,7,0,1.548532562693377
YDL159W,0.07692307692307693,0.5839730821402486,0.0,10.012121212121214,14,0,1.5839730821402487
YDR103W,0.10909090909090909,0.5521602414524376,0.0,8.588095238095237,11,0,1.5521602414524376
YER075C,0.05128205128205128,0.08639337206303008,0.0,2.002923976608187,13,0,1.08639337206303
YFR028C,0.055412371134020616,5.056208263722673,160.7666666666667,294.84772800299123,97,1,6.056208263722673
YGL057C,0.0,0.0,0.0,0.0,2,0,0.0
YGL158W,0.0761904761904762,2.1559279525885677,0.0,197.66666666666663,36,0,3.1559279525885677
YGR097W,0.1774891774891775,1.8215578955698397,176.36666666666667,57.66666666666666,22,0,2.82155789556984
YHR005C,0.009523809523809525,0.08711433756805807,0.0,2.071428571428571,15,1,1.087114337568058
YHR084W,0.2727272727272727,1.4582390990739449,26.0,22.54920634920635,11,1,2.458239099073945
YHR168W,0.0,0.0,0.0,0.0,3,0,0.0
YIL169C,0.0,0.0,0.0,0.0,3,0,0.0
YJL076W,0.13368983957219252,3.2726877421156138,201.51666666666668,133.98571428571427,34,1,4.272687742115614
YLR362W,0.07368421052631578,0.9419352250568487,0.0,20.21602564102564,20,0,1.9419352250568487
YML117W,0.0,0.0,0.0,0.0,8,0,0.0
YMR295C,0.0,0.0,0.0,0.0,5,0,0.0
YNL053W,0.1,0.605047929163486,0.0,28.5,16,0,1.605047929163486
YOL130W,0.0,0.0,0.0,0.0,7,1,0.0
YPR115W,0.052873563218390804,1.1947669291041576,56.66666666666667,30.51673669467787,30,0,2.1947669291041576
YBL017C,0.1,0.06691729323308271,1.0,2.0,5,0,1.0669172932330828
YDR432W,0.02564102564102564,0.22717370348949295,6.916666666666667,3.0416666666666665,13,1,1.227173703489493
YMR197C,0.2564102564102564,2.666468253968254,52.58333333333333,29.055555555555557,13,1,3.666468253968254
YBL018C,0.0,0.0,0.0,0.0,2,1,0.0
YBL019W,0.0,0.0,0.0,0.0,1,0,0.0
YEL009C,0.25,1.9920071612986945,11.0,25.47789987789988,16,0,2.9920071612986945
YBL020W,0.0,0.0,0.0,0.0,1,1,0.0
YBL021C,0.06060606060606061,0.18595550719398943,27.5,7.457142857142857,12,0,1.1859555071939893
YBL075C,0.032196969696969696,0.6432124969098441,59.25,30.67877073906485,33,0,1.643212496909844
YDR502C,0.015053763440860216,0.2608694446414103,0.0,18.92857142857143,31,0,1.2608694446414104
YER103W,0.02857142857142857,0.27686503383514255,46.333333333333336,37.85714285714286,21,0,1.2768650338351426
YHL006C,0.047619047619047616,0.3333333333333333,2.0,2.05,7,0,1.3333333333333333
YML048W,0.1367231638418079,7.675888869478424,489.3916666666667,536.1666666666667,60,0,8.675888869478424
YBL022C,0.1,0.023458810692853244,0.0,2.128571428571429,5,0,1.0234588106928533
YGR040W,0.020772476468679,1.4227759008397485,171.05833333333334,111.01349206349204,79,0,2.4227759008397483
YML029W,0.0,0.0,0.0,0.0,4,0,0.0
YOR136W,0.06461538461538462,0.8558642689925264,151.33333333333331,43.66666666666667,26,0,1.8558642689925264
YBL023C,0.10989010989010989,1.260014985014985,14.5,7.100079744816587,14,1,2.260014985014985
YBR126C,0.029556650246305417,0.5940159778766552,41.45,21.90580808080808,29,0,1.5940159778766552
YDL171C,0.0,0.0,0.0,0.0,5,0,0.0
YDR052C,0.23809523809523808,0.27432390658343475,0.0,14.04978354978355,7,1,1.2743239065834349
YEL032W,0.3888888888888889,2.66751012145749,25.0,7.100079744816587,9,1,3.66751012145749
YIL150C,0.3333333333333333,1.4560790087105877,10.5,10.666666666666666,7,1,2.4560790087105877
YJL194W,0.16666666666666666,2.254626480242153,6.25,25.337662337662337,16,1,3.254626480242153
YLR103C,0.07142857142857142,0.2813348416289593,6.5,0.0,8,1,0.5352265068595872
YLR274W,0.6,1.7701232977548766,5.75,6.105263157894736,6,1,2.7701232977548766
YOR080W,0.031313131313131314,1.1542034967833152,81.83333333333333,46.56587301587302,45,0,2.1542034967833152
YOR196C,0.0,0.0,0.0,0.0,2,0,0.0
YPL001W,0.2222222222222222,0.8785687601477075,11.166666666666668,8.321428571428571,9,0,1.8785687601477075
YPR019W,0.19696969696969696,2.01240134134871,24.0,7.196969696969697,12,1,3.01240134134871
YPR120C,0.05,0.7926723342682594,0.0,170.65,25,1,1.7926723342682593
YBL024W,0.0,0.0,0.0,0.0,4,0,0.0
YGR237C,0.0,0.0,0.0,0.0,3,0,0.0
YBL025W,0.1111111111111111,0.4823322510822511,32.15,5.5,10,0,1.482332251082251
YBR274W,0.0427807486631016,0.9687349788587158,181.36666666666667,14.439466312840924,34,0,1.9687349788587158
YDL113C,0.05555555555555555,0.07118345763147743,4.25,2.05,9,0,1.0711834576314774
YDR247W,0.044444444444444446,1.233302515771369,214.2,43.0,36,0,2.233302515771369
YER178W,0.021164021164021163,0.38970378249858767,27.0,4.622222222222223,28,0,1.3897037824985876
YHR200W,0.3003003003003003,10.113444871321533,0.0,262.81666666666666,37,0,11.113444871321533
YIL141W,0.0,0.0,0.0,0.0,3,0,0.0
YJR087W,0.0,0.0,0.0,0.0,2,0,0.0
YKL135C,0.12121212121212122,0.9519567911604451,24.427777777777777,13.0,12,0,1.9519567911604452
YMR270C,0.15555555555555556,0.6246933621933621,32.15,9.25,10,1,1.6246933621933621
YBL066C,0.047619047619047616,0.05953905249679898,4.5,0.0,7,0,0.8593342393887601
YBR019C,0.014141414141414142,0.5065077978998026,0.0,29.4,45,0,1.5065077978998027
YCR020C-A,0.3333333333333333,0.6942646872224336,0.0,0.0,4,0,1.1743889675843089
YCR066W,0.09523809523809523,0.28313212608987254,4.0,1.3333333333333333,7,0,1.2831321260898725
YCR077C,0.07807807807807808,2.310418925413781,48.4,55.75555555555555,37,0,3.310418925413781
YDL055C,0.026360544217687076,0.8465930092766246,107.66666666666667,68.93333333333334,49,1,1.8465930092766247
YDL097C,0.3971774193548387,10.769592149445076,0.0,157.41825396825396,32,1,11.769592149445076
YDL160C,0.08421052631578947,1.031298853606425,35.33333333333333,16.851190476190474,20,0,2.031298853606425
YDL175C,0.058823529411764705,0.36990641015536846,41.66666666666667,18.600793650793648,17,0,1.3699064101553684
YDR166C,0.3333333333333333,0.20833333333333331,0.0,1.0,3,1,1.2083333333333333
YDR378C,0.2904761904761905,3.678299936750641,24.27777777777778,54.49206349206349,21,1,4.678299936750641
YDR440W,0.0,0.0,0.0,0.0,2,0,0.0
YEL015W,0.09881422924901186,1.3825141177382463,65.5,15.444486215538848,23,0,2.3825141177382463
YER112W,0.08585858585858586,3.4851688773656844,114.91666666666667,95.73690476190475,45,1,4.485168877365684
YER146W,0.12063492063492064,3.640827661748307,155.66666666666666,58.35068542568543,36,1,4.6408276617483075
YGL173C,0.032428355957767725,1.504554242099,40.583333333333336,43.82739234449761,52,0,2.504554242099
YGL185C,0.0,0.0,0.0,0.0,4,0,0.0
YGL234W,0.025,0.16349761051373954,0.0,8.75079365079365,16,0,1.1634976105137396
YGR077C,0.0,0.0,0.0,0.0,2,0,0.0
YGR091W,0.1935483870967742,4.995759738065041,83.33333333333334,200.5,31,1,5.995759738065041
YGR158C,0.34545454545454546,2.4211605350172043,12.472222222222221,18.205555555555552,11,1,3.4211605350172043
YHR165C,0.11282051282051282,4.008341800630532,152.0,64.83888888888887,40,1,5.008341800630532
YIL048W,0.19047619047619047,0.17371513463062757,4.611111111111111,0.0,7,1,1.1737151346306276
YIL066C,0.056818181818181816,0.9865823188557935,99.0,73.25198412698414,33,0,1.9865823188557936
YIL132C,0.03571428571428571,0.039047619047619046,2.25,2.166666666666667,8,0,1.039047619047619
YJR022W,0.05333333333333334,3.9148563408000623,127.75000000000001,181.76666666666665,75,1,4.914856340800062
YLR039C,0.16666666666666666,0.39215686274509803,4.666666666666667,1.5714285714285714,4,0,1.392156862745098
YLR120C,0.0,0.0,0.0,0.0,1,0,0.0
YLR126C,0.0,0.0,0.0,0.0,1,0,0.0
YLR128W,0.0,0.0,0.0,0.0,4,0,0.0
YLR147C,0.13953488372093023,5.594410950378332,99.66666666666666,105.53571428571428,43,1,6.594410950378332
YLR275W,0.3602941176470588,3.669770753000978,124.99999999999999,32.97698412698413,17,1,4.669770753000979
YLR438C-A,0.20935960591133004,4.708808484906248,76.91666666666667,68.93253968253968,29,1,5.708808484906248
YMR066W,0.018461538461538463,0.22667690400718216,31.5,0.0,26,0,0.308121189398311
YMR207C,0.0,0.0,0.0,0.0,1,0,0.0
YMR237W,0.0,0.0,0.0,0.0,1,0,0.0
YMR268C,0.7142857142857143,0.9475139123026448,28.333333333333332,20.75,7,1,1.9475139123026448
YNL147W,0.27705627705627706,3.9166358891711,43.166666666666664,38.43452380952381,22,1,4.916635889171101
YNL264C,0.0,0.0,0.0,0.0,1,0,0.0
YNL287W,0.15441176470588236,1.696742424242424,15.416666666666666,30.57142857142857,17,1,2.696742424242424
YOL102C,0.0,0.0,0.0,0.0,7,1,0.0
YOL149W,0.29473684210526313,3.595771503396379,92.25,43.98571428571429,20,1,4.595771503396379
YOR043W,0.0,0.0,0.0,0.0,9,0,0.0
YOR191W,0.022222222222222223,0.036274509803921565,5.833333333333333,1.5714285714285714,10,0,1.0362745098039217
YPL115C,0.08571428571428572,0.555118810083683,5.833333333333333,24.458333333333336,15,1,1.555118810083683
YPL119C,0.0,0.0,0.0,0.0,1,0,0.0
YPL249C-A,0.16666666666666666,0.03132911392405063,2.0,3.75,4,0,1.0313291139240506
YPR032W,0.0,0.0,0.0,0.0,6,0,0.0
YPR132W,0.2857142857142857,0.6428728520092493,15.0,7.432539682539682,8,0,1.6428728520092493
YPR184W,0.06666666666666667,0.04265593561368209,2.25,0.0,6,0,1.0426559356136822
YBL027W,0.2,0.04169676381190774,5.5,0.0,5,0,1.0416967638119077
YBL029W,0.0,0.0,0.0,0.0,1,0,0.0
YBL030C,0.017204301075268817,0.3436390769962088,28.066666666666666,14.05,31,1,1.3436390769962088
YDL132W,0.04296698326549073,2.571728065751485,118.4,261.5928571428571,67,1,3.571728065751485
YEL020W-A,0.6666666666666666,0.43015873015873013,3.0,4.025,3,1,1.4301587301587302
YER161C,0.06155632984901278,1.7864967181573104,140.66666666666669,85.87857142857142,42,0,2.78649671815731
YER171W,0.033282130056323606,1.7405733363396574,153.66666666666669,63.36180816517504,63,1,2.7405733363396574
YGL137W,0.04717444717444717,5.089506502837609,314.59583333333336,609.3845238095239,111,1,6.089506502837609
YGR082W,0.03571428571428571,0.2857142857142857,2.0,2.2666666666666666,8,1,1.2857142857142856
YGR262C,0.02937853107344633,1.4437659505481235,45.55555555555556,88.73214285714285,60,0,2.4437659505481237
YHR005C-A,0.17857142857142858,1.2873015873015872,6.0,5.800000000000001,8,1,2.287301587301587
YHR133C,0.2645161290322581,5.519077089360854,397.9333333333334,182.23333333333332,31,0,6.519077089360854
YHR166C,0.16333333333333333,3.8023522083421653,39.583333333333336,50.65,25,1,4.802352208342166
YLR268W,0.13,2.74550505050505,54.416666666666664,55.28174603174603,25,0,3.74550505050505
YML058W,0.023715415019762844,0.26563102406567063,14.083333333333332,21.5,23,0,1.2656310240656707
YPL150W,0.008602150537634409,0.08667832028139617,0.0,20.5,31,0,1.086678320281396
YPL194W,0.13186813186813187,0.4128428064099936,9.0,39.158008658008654,14,0,1.4128428064099936
YBL031W,0.0,0.0,0.0,0.0,1,0,0.0
YBL032W,0.09523809523809523,0.5882275196823359,29.97222222222222,20.666666666666668,15,0,1.5882275196823359
YFR012W,0.0,0.0,0.0,0.0,1,0,0.0
YGL049C,0.10822510822510822,1.5092866797298967,70.5,36.16944444444445,22,0,2.5092866797298967
YML105C,0.0,0.0,0.0,0.0,3,1,0.0
YMR125W,0.1349527665317139,4.898452708865148,86.99999999999999,97.34166666666664,39,0,5.898452708865148
YMR310C,0.0,0.0,0.0,0.0,4,0,0.0
YNL005C,0.05555555555555555,0.18108465608465607,5.111111111111111,8.333333333333334,9,0,1.1810846560846562
YNL112W,0.047619047619047616,0.07708333333333334,0.0,0.0,7,1,0.694843951093951
YPL237W,0.2878787878787879,1.7285023433618343,0.0,18.472222222222225,12,1,2.7285023433618343
YBL033C,0.0,0.0,0.0,0.0,2,0,0.0
YNL105W,0.0,0.0,0.0,0.0,2,0,0.0
YPR172W,0.0,0.0,0.0,0.0,5,0,0.0
YBL034C,0.0,0.0,0.0,0.0,4,1,0.0
YDR330W,0.0,0.0,0.0,0.0,1,0,0.0
YER177W,0.02865388579674294,2.7068223388598756,0.0,149.42837995337993,99,0,3.7068223388598756
YBL035C,0.2,1.3021519543258675,8.5,7.908333333333333,10,1,2.3021519543258675
YBR087W,0.2948717948717949,2.314738630545082,18.5,44.05357142857143,13,1,3.314738630545082
YDL058W,0.0,0.0,0.0,0.0,3,1,0.0
YIR008C,0.4,0.7258454106280192,0.0,4.666666666666667,5,1,1.7258454106280192
YKL045W,0.2,0.18783113022243456,0.0,2.2857142857142856,5,1,1.1878311302224345
YNL102W,0.1111111111111111,0.892512077294686,8.5,2.761904761904762,10,1,1.892512077294686
YNL290W,0.11229946524064172,2.751942283111316,164.83333333333334,119.81309523809524,34,1,3.751942283111316
YOL094C,0.0960960960960961,2.752579140124304,183.33333333333331,123.8535714285714,37,1,3.752579140124304
YOR217W,0.8333333333333334,0.6355555555555555,4.0,7.583333333333333,4,1,1.6355555555555554
YBL036C,0.0,0.0,0.0,0.0,13,0,0.0
YDR023W,0.0,0.0,0.0,0.0,9,1,0.0
YDR226W,0.07142857142857142,0.030552532049167712,0.0,1.25,8,1,1.0305525320491677
YDR342C,0.014705882352941176,0.04786976916859703,9.333333333333334,0.0,17,0,0.35507581190398496
YDR343C,0.02564102564102564,0.058749332347261596,0.0,28.0,13,0,1.0587493323472617
YGR087C,0.07142857142857142,0.07728578892371996,4.5,3.113636363636364,8,0,1.07728578892372
YMR319C,0.006535947712418301,0.09728506787330317,4.5,0.0,18,0,0.16446853040560291
YOL055C,0.014025245441795231,1.2728120196219253,0.0,157.78333333333333,93,0,2.2728120196219255
YOL078W,0.10909090909090909,0.517272602524896,19.875,11.142857142857144,11,1,1.517272602524896
YJR005W,0.14285714285714285,0.7407407407407407,3.5,2.05,7,0,1.7407407407407407
YJR058C,0.3,0.8074074074074075,3.5,2.5,5,0,1.8074074074074074
YOL062C,0.015873015873015872,0.29868129507890034,6.75,2.05,28,0,1.2986812950789004
YCL014W,0.09090909090909091,0.4288381676189154,0.0,0.0,12,0,0.6408274395017222
YDR164C,0.047619047619047616,0.25757575757575757,0.0,2.761904761904762,7,1,1.2575757575757576
YDR237W,0.16666666666666666,0.08465608465608465,2.0,2.333333333333333,4,0,1.0846560846560847
YDR322W,0.06666666666666667,0.08465608465608465,2.0,2.083333333333333,6,0,1.0846560846560847
YDR462W,0.16666666666666666,0.08465608465608465,2.0,2.083333333333333,4,0,1.0846560846560847
YGR033C,0.0,0.0,0.0,0.0,5,0,0.0
YJL005W,0.08771929824561403,0.8338982316547712,0.0,17.256944444444443,19,1,1.8338982316547712
YJL063C,0.0,0.0,0.0,0.0,5,0,0.0
YJR138W,0.07352941176470588,0.4698768425313047,6.0,19.5,17,0,1.4698768425313047
YKR085C,0.0,0.0,0.0,0.0,2,0,0.0
YLR189C,0.0,0.0,0.0,0.0,2,0,0.0
YLR439W,0.06666666666666667,0.08465608465608465,2.0,2.083333333333333,6,0,1.0846560846560847
YML025C,0.0,0.0,0.0,0.0,6,1,0.0
YMR024W,0.09523809523809523,0.12419856831621537,2.0,4.380952380952381,7,0,1.1241985683162155
YOR150W,0.16666666666666666,0.08465608465608465,2.0,2.083333333333333,4,0,1.0846560846560847
YPR100W,0.0,0.0,0.0,0.0,1,0,0.0
YBL039C,0.08408408408408409,1.961829207343706,0.0,102.7190476190476,37,0,2.961829207343706
YDR260C,0.08225108225108226,0.5818014182620128,0.0,61.55000000000001,22,0,1.5818014182620128
YDR394W,0.14062927496580027,11.4368197589124,610.6666666666666,836.0988095238095,86,1,12.4368197589124
YEL056W,0.03684210526315789,0.49817111120167146,3.333333333333333,8.588095238095237,20,0,1.4981711112016716
YER179W,0.04,1.159427127429937,114.83333333333334,104.57698412698412,50,0,2.159427127429937
YFR004W,0.4014778325123153,9.332119904606884,0.0,134.01130952380953,29,1,10.332119904606884
YGL081W,0.04743083003952569,0.4711756667262261,0.0,31.626984126984127,23,0,1.4711756667262261
YIL094C,0.056666666666666664,0.6028871212329895,25.5,45.25,25,0,1.6028871212329894
YJR103W,0.0,0.0,0.0,0.0,3,0,0.0
YJR109C,0.0761904761904762,0.32268110713790016,14.5,12.63517316017316,15,0,1.3226811071379
YLR291C,0.030227743271221533,1.9342304390448508,0.0,175.48333333333335,70,1,2.9342304390448506
YMR117C,0.047619047619047616,1.2615668138543619,20.25,71.25,36,1,2.261566813854362
YNR031C,0.0773109243697479,1.5913728269589955,0.0,44.53778966131907,35,0,2.5913728269589953
YOL126C,0.037037037037037035,0.6096548317712688,41.5,26.035714285714285,28,0,1.6096548317712687
YOR117W,0.245014245014245,4.725997346545058,17.5,122.15238095238097,27,1,5.725997346545058
YOR261C,0.32019704433497537,7.509573298056015,0.0,245.33333333333331,29,1,8.509573298056015
YPL070W,0.06818181818181818,1.4805118592459303,35.33333333333333,110.66666666666669,33,0,2.4805118592459303
YPL140C,0.07767722473604827,2.6851657745687865,0.0,153.5858296072693,52,0,3.6851657745687865
YPL259C,0.019027484143763214,0.7758341790642341,28.166666666666668,39.333333333333336,44,0,1.7758341790642342
YBL040C,0.17857142857142858,0.24532449399086553,14.666666666666668,7.85,8,1,1.2453244939908656
YDR414C,0.0627177700348432,2.322693731356714,108.20833333333333,83.5,42,0,3.322693731356714
YJR010C-A,0.19487179487179487,6.408249369552789,165.66666666666666,216.13333333333333,40,0,7.408249369552789
YMR215W,0.3012684989429176,11.64848858172861,307.31666666666666,458.75,44,0,12.64848858172861
YOL020W,0.0,0.0,0.0,0.0,8,0,0.0
YPR156C,0.2845849802371542,3.28364122872431,119.75,81.67651515151515,23,0,4.28364122872431
YBL041W,0.25,0.6450776807291554,2.0,18.85,9,1,1.6450776807291554
YCR073C,0.08333333333333333,0.2894221990348246,0.0,0.0,9,0,0.5773521975326463
YDL020C,1.0,0.1875,0.0,2.2666666666666666,2,0,1.1875
YDL147W,0.19237588652482268,8.651707407612513,0.0,278.0,48,1,9.651707407612513
YER012W,0.20084566596194503,8.084088651887923,49.416666666666664,228.06190476190477,44,1,9.084088651887923
YER105C,0.022222222222222223,0.08966861598440545,2.0,0.0,10,0,0.3374947029409272
YIL007C,0.07352941176470588,0.6747377956811242,0.0,25.33333333333333,17,0,1.6747377956811242
YPR103W,0.21739130434782608,4.218113129840567,14.0,59.74999999999999,24,1,5.218113129840567
YBL042C,0.0,0.0,0.0,0.0,2,0,0.0
YER021W,0.5157894736842106,5.926954091441607,0.0,197.3333333333333,20,1,6.926954091441607
YNL121C,0.0,0.0,0.0,0.0,10,0,0.0
YBL043W,0.0,0.0,0.0,0.0,2,0,0.0
YBL100W-A,0.1,0.09866220735785954,0.0,2.083333333333333,5,0,1.0986622073578596
YBL044W,0.0,0.0,0.0,0.0,3,0,0.0
YJL159W,0.0,0.0,0.0,0.0,5,0,0.0
YMR304W,0.014492753623188406,0.24459968747127492,0.0,4.708333333333333,24,0,1.244599687471275
YBL045C,0.07352941176470588,0.8296744287756773,13.416666666666666,8.266666666666667,17,0,1.8296744287756774
YDL179W,0.05714285714285714,0.2638433718180554,0.0,5.142857142857143,15,0,1.2638433718180555
YDR339C,0.0,0.0,0.0,0.0,6,1,0.0
YLR090W,0.16666666666666666,0.0691225165562914,4.5,0.0,4,0,1.0691225165562914
YLR442C,0.036290322580645164,0.8753216493865086,27.5,9.346288515406162,32,0,1.8753216493865086
YOR125C,0.0,0.0,0.0,0.0,13,0,0.0
YPR054W,0.045584045584045586,0.5559181813726188,0.0,59.70000000000001,27,0,1.5559181813726188
YPR191W,0.08088235294117647,0.7856186315675432,19.416666666666664,18.38095238095238,17,0,1.785618631567543
YBL046W,0.3333333333333333,0.2235583888727905,10.0,2.0,4,0,1.2235583888727906
YDL112W,0.0,0.0,0.0,0.0,4,0,0.0
YDR075W,0.027586206896551724,0.4060292379661983,28.5,35.84761904761904,30,0,1.4060292379661983
YML010W,0.1523809523809524,1.9549257231845818,8.75,13.209866220735783,15,1,2.954925723184582
YNL201C,0.026143790849673203,0.3097218197623877,15.0,4.0,18,0,1.3097218197623877
YDR348C,0.0,0.0,0.0,0.0,5,0,0.0
YNL243W,0.225,1.309468222441883,3.625,21.40216567058672,16,1,2.309468222441883
YOL016C,0.2,0.3230372037600953,0.0,22.5,6,0,1.3230372037600953
YBL049W,0.04329004329004329,0.6904432334042265,0.0,72.0,22,0,1.6904432334042265
YCL039W,0.043478260869565216,0.7071678759593827,29.375,31.999999999999996,24,0,1.7071678759593827
YDL143W,0.0033333333333333335,0.05386178861788618,0.0,0.0,25,1,0.11574858107071637
YDR255C,0.3333333333333333,0.09109730848861283,0.0,3.333333333333333,3,0,1.0910973084886129
YER066C-A,0.07575757575757576,0.2175430791927119,0.0,25.28609625668449,12,0,1.217543079192712
YGL227W,0.3333333333333333,0.09109730848861283,0.0,3.333333333333333,3,0,1.0910973084886129
YGR172C,0.09523809523809523,1.7933717357910908,37.27777777777778,42.95,21,1,2.7933717357910908
YHL010C,0.0,0.0,0.0,0.0,4,0,0.0
YIL017C,1.0,0.09109730848861283,0.0,3.333333333333333,2,0,1.0910973084886129
YIL097W,0.16666666666666666,0.09109730848861283,0.0,3.333333333333333,4,0,1.0910973084886129
YIL142W,0.10384068278805121,2.7086285216815185,376.33333333333337,261.75,38,1,3.7086285216815185
YJL014W,0.0,0.0,0.0,0.0,19,1,0.0
YJL111W,0.003952569169960474,0.0572192513368984,0.0,2.8166666666666664,23,1,1.0572192513368983
YMR135C,0.3333333333333333,0.09109730848861283,0.0,3.333333333333333,3,0,1.0910973084886129
YBR272C,0.24110671936758893,4.02068854398493,31.333333333333336,85.08333333333334,23,0,5.02068854398493
YCR082W,0.1,0.04265593561368209,0.0,10.5,5,0,1.0426559356136822
YDL133W,0.0,0.0,0.0,0.0,3,0,0.0
YDL173W,0.0,0.0,0.0,0.0,2,0,0.0
YDR160W,0.0,0.0,0.0,0.0,3,1,0.0
YDR189W,0.2777777777777778,1.056111111111111,26.166666666666664,9.74047619047619,9,1,2.056111111111111
YER101C,0.0,0.0,0.0,0.0,1,0,0.0
YGL095C,0.38095238095238093,1.167171717171717,14.944444444444446,10.004292929292928,7,0,2.1671717171717173
YIL084C,0.14285714285714285,0.3588235294117647,8.5,10.96969696969697,7,0,1.3588235294117648
YKL090W,0.0,0.0,0.0,0.0,3,0,0.0
YLL009C,0.0,0.0,0.0,0.0,2,0,0.0
YLR026C,0.1380952380952381,2.7158730158730156,52.833333333333336,25.65396825396825,21,1,3.7158730158730156
YLR093C,0.35714285714285715,1.6579365079365078,39.9,20.5,8,0,2.657936507936508
YLR130C,0.0,0.0,0.0,0.0,1,0,0.0
YNL204C,0.0,0.0,0.0,0.0,3,0,0.0
YOL018C,0.09090909090909091,0.856060606060606,15.277777777777779,10.693181818181818,12,0,1.856060606060606
YOL032W,0.0,0.0,0.0,0.0,1,0,0.0
YOL036W,0.13333333333333333,0.1285784972078886,0.0,2.05,6,0,1.1285784972078887
YOL135C,0.18371212121212122,5.613498672313652,38.833333333333336,99.59999999999998,33,1,6.613498672313652
YOR106W,0.28888888888888886,2.153968253968254,48.9,18.355555555555554,10,1,3.153968253968254
YOR245C,0.0,0.0,0.0,0.0,4,0,0.0
YOR307C,0.13333333333333333,0.1747702589807853,8.5,0.0,6,0,0.9376765687322193
YPL192C,0.0,0.0,0.0,0.0,4,0,0.0
YIL151C,0.0,0.0,0.0,0.0,5,0,0.0
YKR096W,0.2,0.3130888719124013,6.111111111111111,22.0,6,0,1.3130888719124014
YBL052C,0.0,0.0,0.0,0.0,5,0,0.0
YGL207W,0.1111111111111111,1.363253486279802,6.5,18.02669082125604,19,1,2.363253486279802
YNL258C,0.027777777777777776,0.09692307692307693,4.0,0.0,9,1,0.38351919685253016
YOR064C,0.0,0.0,0.0,0.0,3,0,0.0
YPL129W,0.11428571428571428,0.9864788198577525,16.5,116.0,15,0,1.9864788198577525
YBL053W,0.0,0.0,0.0,0.0,3,0,0.0
YEL069C,0.0,0.0,0.0,0.0,3,0,0.0
YPR165W,0.017543859649122806,0.22833224760578355,0.8,0.8974358974358974,19,1,1.2283322476057836
YBL054W,0.0,0.0,0.0,0.0,1,0,0.0
YBR039W,0.09486166007905138,0.7834599542904845,77.44166666666666,64.8,23,0,1.7834599542904845
YBR097W,0.0,0.0,0.0,0.0,2,0,0.0
YDL060W,0.1503267973856209,1.5723442744907075,22.416666666666664,17.599999999999998,18,1,2.5723442744907077
YDL145C,0.0815686274509804,3.174046427015475,180.33333333333331,176.8011904761905,51,1,4.174046427015475
YDR071C,0.13333333333333333,0.4238095238095238,0.0,2.9,6,0,1.4238095238095239
YDR076W,0.05555555555555555,0.06300423590746171,4.5,1.8333333333333333,9,0,1.0630042359074616
YDR148C,0.06585365853658537,1.7446930671013614,252.83333333333337,151.33333333333334,41,0,2.7446930671013616
YGR205W,0.0,0.0,0.0,0.0,5,0,0.0
YHL030W,0.2,2.6475674755614027,9.25,39.40833333333333,21,0,3.6475674755614027
YMR246W,0.13071895424836602,0.7072612105745781,0.0,24.33333333333333,18,0,1.7072612105745781
YNL250W,0.07258064516129033,1.5344556489718242,0.0,62.3318407083113,32,0,2.534455648971824
YOR020C,0.2222222222222222,0.28206846358332005,30.666666666666664,21.0,9,1,1.28206846358332
YOR086C,0.0,0.0,0.0,0.0,2,0,0.0
YBL058W,0.2,0.38568973981345117,9.65,18.2,6,0,1.3856897398134511
YBR223C,0.02857142857142857,0.15534751266846913,12.5,24.7,15,0,1.1553475126684691
YDL190C,0.08974358974358974,0.586475208640157,19.3,15.992857142857144,13,0,1.586475208640157
YKL213C,0.2,0.35519412605920897,3.3000000000000003,5.337301587301588,6,0,1.3551941260592089
YBL059W,0.0,0.0,0.0,0.0,2,0,0.0
YCR099C,0.0,0.0,0.0,0.0,8,0,0.0
YBL061C,0.0,0.0,0.0,0.0,5,0,0.0
YBR023C,0.0,0.0,0.0,0.0,4,0,0.0
YNL233W,0.0,0.0,0.0,0.0,3,0,0.0
YBL063W,0.0,0.0,0.0,0.0,1,0,0.0
YBL064C,0.0,0.0,0.0,0.0,4,0,0.0
YDR488C,0.025,0.056693233461065334,14.5,0.0,16,0,0.49766296606890836
YBL065W,0.0,0.0,0.0,0.0,1,0,0.0
YER022W,0.01529051987767584,1.666666666666667,120.25,72.15039682539683,109,1,2.666666666666667
YGR117C,0.0,0.0,0.0,0.0,3,0,0.0
YPL026C,0.0,0.0,0.0,0.0,11,0,0.0
YBL067C,0.0,0.0,0.0,0.0,2,0,0.0
YBL068W,0.6666666666666666,0.825,3.0,1.0,3,0,1.825
YHL011C,0.06666666666666667,0.4,2.0,1.0,6,0,1.4
YKL181W,0.3,1.2,4.0,4.0,5,0,2.2
YOL061W,0.08333333333333333,0.6527777777777778,3.0,3.083333333333333,9,0,1.6527777777777777
YBL071C,0.0,0.0,0.0,0.0,2,0,0.0
YNL261W,0.7142857142857143,3.928571428571429,20.5,7.435064935064935,7,1,4.928571428571429
YBL072C,0.0,0.0,0.0,0.0,5,0,0.0
YDR459C,0.0,0.0,0.0,0.0,5,0,0.0
YFL017C,0.0,0.0,0.0,0.0,8,1,0.0
YLR140W,0.0,0.0,0.0,0.0,1,1,0.0
YBL074C,0.5,0.25248074938477416,3.8333333333333335,15.0,4,1,1.252480749384774
YDL208W,0.09473684210526316,1.1664990898363266,32.70833333333333,27.666666666666668,20,1,2.1664990898363268
YDR283C,0.13725490196078433,1.0219312985939004,100.0,33.22115384615385,18,0,2.0219312985939
YCR002C,0.0919661733615222,3.2444016039840435,84.5,130.32406466082935,44,0,4.244401603984043
YDL225W,0.09745293466223699,3.0542490751696354,121.91666666666667,108.81439393939397,43,0,4.054249075169635
YDR128W,0.07682926829268293,2.020738145571683,135.73333333333335,89.82237345987346,41,0,3.020738145571683
YDR142C,0.02467343976777939,1.0738394424716404,45.625,74.16666666666666,53,0,2.07383944247164
YGL004C,0.19396051103368175,7.5079704048055,19.75,207.33333333333331,42,0,8.5079704048055
YHR186C,0.15333333333333332,2.757810805308116,57.74666666666668,48.54861111111112,25,1,3.757810805308116
YHR199C,0.0380952380952381,0.4447715617862861,25.499999999999996,77.0,21,0,1.4447715617862862
YJL128C,0.03832752613240418,1.0935555250215243,159.5333333333333,7.063492063492063,42,0,2.0935555250215243
YNL135C,0.022556390977443608,0.9435461906281642,75.33333333333333,75.72281329781329,57,0,1.9435461906281644
YOL133W,0.030867792661619105,3.082211515101647,338.98333333333323,329.7015873015873,102,1,4.082211515101648
YOR250C,0.2857142857142857,0.8235979174278407,16.5,9.433333333333334,8,1,1.8235979174278407
YBL076C,0.0,0.0,0.0,0.0,8,1,0.0
YBR058C,0.0,0.0,0.0,0.0,10,0,0.0
YDL100C,0.0,0.0,0.0,0.0,35,0,0.0
YLR016C,0.022222222222222223,0.020923520923520924,2.0,3.0,10,0,1.020923520923521
YNL244C,0.0196078431372549,1.3026279374025056,0.0,64.73214285714286,69,1,2.3026279374025056
YBL078C,0.07142857142857142,0.5396825396825397,1.2,4.274242424242424,8,0,1.5396825396825395
YHR171W,0.07142857142857142,0.4396825396825397,25.7,4.289393939393939,8,0,1.4396825396825397
YNR007C,0.21428571428571427,0.6348115026367989,54.45,9.5012987012987,8,0,1.6348115026367989
YOR100C,0.0,0.0,0.0,0.0,3,0,0.0
YBL079W,0.13333333333333333,0.17763260835549993,4.229166666666666,0.0,6,0,0.9282455423641618
YGR052W,0.06477732793522267,1.8864425276291878,343.3,261.0,39,0,2.886442527629188
YJL061W,0.17142857142857143,1.351669374435204,20.0,34.79102564102564,15,1,2.351669374435204
YKL068W,0.08235294117647059,2.0083514487102274,30.25,70.42857142857143,35,0,3.0083514487102274
YBL080C,0.0,0.0,0.0,0.0,2,0,0.0
YCR106W,0.0,0.0,0.0,0.0,3,0,0.0
YBL081W,0.0,0.0,0.0,0.0,2,0,0.0
YDL167C,0.0,0.0,0.0,0.0,3,0,0.0
YBL082C,0.0,0.0,0.0,0.0,1,0,0.0
YKL210W,0.06666666666666667,0.2437121162605378,15.375,18.702272727272728,16,1,1.2437121162605378
YBL084C,0.9722222222222222,6.282034632034631,39.75,11.07857142857143,9,1,7.282034632034631
YDL008W,0.8181818181818182,7.560341095685924,0.0,39.40634920634921,11,1,8.560341095685924
YDR118W,0.8222222222222222,6.400781211126039,34.0,58.96666666666667,10,1,7.400781211126039
YFR036W,0.5909090909090909,6.173943872219735,71.5,23.12857142857143,12,0,7.173943872219735
YGL240W,0.7777777777777778,6.282034632034631,39.75,11.07857142857143,10,0,7.282034632034631
YKL022C,0.4230769230769231,4.991883116883117,72.83333333333334,21.03333333333333,13,1,5.991883116883117
YLR127C,0.42857142857142855,5.889778325123153,42.0,51.5,15,1,6.889778325123153
YNL172W,0.7090909090909091,6.546671144947007,15.666666666666666,23.12857142857143,11,1,7.546671144947007
YOR249C,0.7272727272727273,7.011796536796537,76.0,31.33333333333333,11,1,8.011796536796538
YBR003W,0.0,0.0,0.0,0.0,4,0,0.0
YBR102C,0.10256410256410256,1.0603300208563367,5.666666666666667,11.0,13,1,2.0603300208563367
YBR238C,0.0,0.0,0.0,0.0,3,0,0.0
YDL155W,0.06818181818181818,1.509542936637463,0.0,165.99523809523808,33,1,2.5095429366374633
YDL176W,0.0,0.0,0.0,0.0,1,0,0.0
YDR036C,0.1895424836601307,2.4809571286141576,23.055555555555557,29.83333333333333,18,0,3.4809571286141576
YDR239C,0.16666666666666666,0.17760423056475688,26.033333333333335,2.5,9,0,1.177604230564757
YDR329C,0.06666666666666667,0.10132575757575758,2.9166666666666665,0.0,6,0,0.7592696828094023
YDR332W,0.0,0.0,0.0,0.0,2,0,0.0
YDR372C,0.0,0.0,0.0,0.0,6,0,0.0
YER008C,0.1388888888888889,0.5059852915116073,0.0,16.41287878787879,9,1,1.5059852915116072
YER028C,0.0,0.0,0.0,0.0,4,0,0.0
YER124C,0.13333333333333333,0.09797979797979799,0.0,4.4,6,0,1.097979797979798
YER164W,0.18181818181818182,0.5962782801598592,6.0,7.497222222222222,11,0,1.5962782801598592
YFR034C,0.08974358974358974,0.44627599832203413,5.0,13.11111111111111,13,0,1.4462759983220341
YHL014C,0.0,0.0,0.0,0.0,2,0,0.0
YJL155C,0.0,0.0,0.0,0.0,4,0,0.0
YJR056C,0.16666666666666666,0.11724608043626449,0.0,0.0,4,0,1.1172460804362645
YJR061W,0.0,0.0,0.0,0.0,4,0,0.0
YKL125W,0.0,0.0,0.0,0.0,2,1,0.0
YKL218C,0.0,0.0,0.0,0.0,2,0,0.0
YLL040C,0.0,0.0,0.0,0.0,6,0,0.0
YLR314C,0.10344827586206896,2.1290376054033877,33.91666666666667,53.99761072261072,29,1,3.1290376054033877
YMR124W,0.045454545454545456,0.21171494677795644,0.0,12.5,12,0,1.2117149467779564
YMR244W,0.0,0.0,0.0,0.0,3,0,0.0
YNL078W,0.11538461538461539,0.6093186542599849,12.791666666666666,8.523809523809522,13,0,1.6093186542599849
YNL234W,0.0,0.0,0.0,0.0,5,0,0.0
YNR016C,0.058823529411764705,0.34106193706047594,11.61111111111111,2.5,18,1,1.341061937060476
YOL019W,0.0,0.0,0.0,0.0,2,0,0.0
YOL070C,0.21212121212121213,0.8081928185254964,14.625,2.7232142857142856,12,0,1.8081928185254963
YPL038W,0.075,0.34521455024769027,9.416666666666668,10.4,16,0,1.3452145502476902
YPL158C,0.26666666666666666,0.13655483835308205,4.0,1.1111111111111112,6,0,1.1365548383530821
YBL086C,0.0,0.0,0.0,0.0,2,0,0.0
YLR322W,0.0,0.0,0.0,0.0,4,0,0.0
YLR025W,0.08333333333333333,0.521054964539007,2.458333333333333,2.5,9,0,1.521054964539007
YNL265C,0.16483516483516483,1.4594883289209906,3.0,19.666666666666668,14,0,2.4594883289209903
YPL110C,0.0,0.0,0.0,0.0,9,0,0.0
YBL089W,0.0,0.0,0.0,0.0,5,0,0.0
YBR068C,0.06666666666666667,0.16507936507936508,2.25,1.25,6,0,1.1650793650793652
YLR325C,0.0,0.0,0.0,0.0,3,0,0.0
YOR082C,0.0,0.0,0.0,0.0,2,0,0.0
YBL090W,1.0,0.05714285714285714,2.0,2.333333333333333,2,0,1.0571428571428572
YBL091C,0.0,0.0,0.0,0.0,1,0,0.0
YBL092W,0.0,0.0,0.0,0.0,3,1,0.0
YDR026C,0.0,0.0,0.0,0.0,4,0,0.0
YDR398W,0.013793103448275862,0.2717478294786415,2.0,2.5,30,1,1.2717478294786415
YBL093C,0.19,4.041308825583019,31.333333333333332,43.9357142857143,25,0,5.041308825583019
YBR193C,0.2916666666666667,2.1385072092259216,26.5,34.59642857142857,16,1,3.1385072092259216
YCR081W,0.35714285714285715,0.7353003111876492,10.0,7.410714285714286,8,0,1.735300311187649
YDR308C,0.4090909090909091,1.8775000917161933,26.0,41.05,12,1,2.8775000917161933
YGL025C,0.38095238095238093,0.628008658008658,5.0,7.601190476190475,7,0,1.6280086580086581
YGL151W,0.35714285714285715,0.69906162464986,6.0,12.239285714285716,8,0,1.69906162464986
YGR104C,0.25862068965517243,6.744215897690756,24.0,73.51309523809525,29,0,7.744215897690756
YHR058C,0.32051282051282054,1.5023295403592012,18.0,28.2,13,1,2.5023295403592014
YHR147C,0.0,0.0,0.0,0.0,3,0,0.0
YKL129C,0.08843537414965986,3.122177073421556,345.41666666666663,85.25968614718613,49,0,4.122177073421556
YLR071C,0.3181818181818182,1.5371991708856114,14.0,14.792063492063496,12,1,2.5371991708856116
YML007W,0.13186813186813187,0.5333658483590943,18.416666666666664,19.375,14,0,1.5333658483590944
YMR112C,0.6190476190476191,0.7994510582010582,6.0,22.0,7,1,1.799451058201058
YNL236W,0.07635467980295567,1.9623668119637656,32.25,28.923809523809524,29,0,2.962366811963766
YNR010W,0.2909090909090909,1.1129761904761906,7.0,16.77261904761905,11,0,2.1129761904761906
YOL051W,0.3241106719367589,5.939149016394779,45.0,41.0781746031746,23,0,6.939149016394779
YOR140W,0.3,0.261096746390864,4.0,5.75,5,0,1.261096746390864
YOR174W,0.11666666666666667,2.3431815002601715,23.5,34.8,25,1,3.3431815002601715
YPR070W,0.5,1.0428311871744074,10.0,9.32857142857143,8,0,2.042831187174407
YPR168W,0.2857142857142857,0.3767110573042776,9.0,12.25,7,1,1.3767110573042776
YBL094C,0.0,0.0,0.0,0.0,2,0,0.0
YBL095W,0.0,0.0,0.0,0.0,2,0,0.0
YBR162C,0.0,0.0,0.0,0.0,10,0,0.0
YBL097W,0.0,0.0,0.0,0.0,1,1,0.0
YLR373C,0.004301075268817204,0.11538461538461539,0.0,10.333333333333334,31,0,1.1153846153846154
YBL098W,0.0,0.0,0.0,0.0,1,0,0.0
YDL226C,0.03333333333333333,0.38651315789473684,6.208333333333333,2.95,16,0,1.3865131578947367
YBR088C,0.07076923076923076,1.312298800055651,51.833333333333336,18.516666666666666,26,1,2.3122988000556512
YBR264C,0.030303030303030304,0.21145510835913311,4.333333333333333,1.3333333333333333,12,0,1.2114551083591332
YBR288C,0.037037037037037035,0.4055990176917577,15.666666666666666,43.083333333333336,28,0,1.4055990176917577
YCR001W,0.022222222222222223,0.024868705591597158,0.0,3.157142857142857,10,0,1.0248687055915973
YCR014C,0.045454545454545456,0.2164470197505565,12.333333333333334,5.4,12,0,1.2164470197505566
YCR079W,0.04367816091954023,0.8477200651861505,4.5,35.60119047619049,30,0,1.8477200651861505
YDL004W,1.0,0.017195767195767195,2.0,1.75,2,1,1.0171957671957672
YDL013W,0.03684210526315789,0.3609649255206031,7.25,4.131578947368421,20,1,1.360964925520603
YDL164C,0.02857142857142857,0.25731474139661004,4.166666666666666,16.88095238095238,21,1,1.25731474139661
YDL200C,0.04941176470588235,1.7108793758793712,425.58333333333337,467.0,51,0,2.7108793758793714
YDR131C,0.08771929824561403,0.4748198165036771,19.5,96.0,19,0,1.4748198165036772
YDR143C,0.14035087719298245,0.7821570762261776,0.0,131.5,19,0,1.7821570762261776
YDR200C,0.04843304843304843,0.8137939960303815,31.916666666666664,21.416666666666668,27,0,1.8137939960303815
YDR227W,0.06417112299465241,1.2688063963988296,94.33333333333334,98.28051629742806,34,0,2.26880639639883
YDR322C-A,1.0,0.017195767195767195,2.0,0.0,2,0,1.0171957671957672
YDR419W,0.01818181818181818,0.017195767195767195,4.0,0.875,11,0,1.0171957671957672
YER059W,0.05847953216374269,0.5225931213986683,5.833333333333333,115.25,19,0,1.5225931213986683
YER173W,0.06755260243632337,1.9259863552278482,168.5,130.79761904761904,43,0,2.925986355227848
YGL131C,0.047619047619047616,0.02094757622285589,0.0,3.5782828282828287,7,0,1.020947576222856
YGL163C,0.02666666666666667,0.27978477596657636,16.5,23.121428571428574,25,0,1.2797847759665764
YGR123C,0.014705882352941176,0.11784471853257432,4.5,9.666666666666666,17,0,1.1178447185325744
YJL044C,0.03571428571428571,0.017323775388291517,4.0,1.5,8,0,1.0173237753882916
YJL087C,0.1,0.05803571428571428,0.0,2.011111111111111,5,1,1.0580357142857142
YJL106W,0.047619047619047616,1.1071421102548953,0.0,89.1,36,0,2.1071421102548955
YJL180C,0.3333333333333333,0.017323775388291517,2.0,2.0,3,0,1.0173237753882916
YKL193C,0.046153846153846156,0.614786745246905,57.2,20.0,26,1,1.6147867452469051
YKL215C,0.0,0.0,0.0,0.0,3,0,0.0
YLL019C,0.025525525525525526,0.6522688517659627,0.0,18.08452380952381,37,0,1.6522688517659627
YLR186W,0.05263157894736842,0.3728816621225217,10.333333333333332,12.50338827838828,19,1,1.3728816621225217
YLR222C,0.054187192118226604,0.8793563178073569,44.916666666666664,28.42867965367965,29,1,1.879356317807357
YLR238W,0.2727272727272727,0.6600236596797807,100.5,35.761147186147184,11,0,1.6600236596797808
YLR320W,0.0,0.0,0.0,0.0,11,0,0.0
YLR340W,0.015810276679841896,0.24434361934361937,7.0,5.866666666666666,23,1,1.2443436193436193
YMR284W,0.12,0.9938720947155104,49.0,59.77119547119546,25,0,1.9938720947155104
YNL012W,0.0,0.0,0.0,0.0,10,0,0.0
YNL061W,0.12295081967213115,7.014903700373403,133.16666666666666,233.02380952380952,61,1,8.014903700373402
YNL090W,0.025,0.12281564649628454,3.333333333333333,11.583333333333332,16,0,1.1228156464962846
YNL113W,0.11692307692307692,1.2266222526517794,44.25,83.87619047619046,26,1,2.2266222526517794
YNL182C,0.11428571428571428,1.1505980193897667,84.49999999999999,24.6743672993673,21,1,2.1505980193897667
YNL311C,0.02849002849002849,0.4420711110948013,44.33333333333333,17.484325478443125,27,0,1.4420711110948012
YNL315C,0.3333333333333333,0.017195767195767195,4.0,2.333333333333333,3,0,1.0171957671957672
YOR386W,0.022222222222222223,0.017195767195767195,2.0,3.5,10,0,1.0171957671957672
YPL164C,0.0380952380952381,0.2687941909923054,0.0,12.3,15,0,1.2687941909923053
YPL271W,0.3333333333333333,0.017195767195767195,2.0,1.75,3,0,1.0171957671957672
YPR020W,0.10714285714285714,0.3201058201058201,3.0,4.6,8,0,1.32010582010582
YPR111W,0.07130124777183601,1.0588398630611466,0.0,151.94612193362192,34,1,2.058839863061147
YBL100C,0.0,0.0,0.0,0.0,1,0,0.0
YJL070C,0.0,0.0,0.0,0.0,7,0,0.0
YGR161W-B,0.0,0.0,0.0,0.0,2,0,0.0
YJL162C,0.0,0.0,0.0,0.0,2,0,0.0
YBL101C,0.0,0.0,0.0,0.0,4,0,0.0
YER125W,0.03913273400317292,2.076155955840375,175.05,65.06061643035326,62,1,3.076155955840375
YOL122C,0.0,0.0,0.0,0.0,1,0,0.0
YBL102W,0.047619047619047616,0.1125,4.666666666666667,2.6666666666666665,7,1,1.1125
YFL058W,0.0,0.0,0.0,0.0,1,0,0.0
YGR068C,0.1,0.04552058111380145,0.0,17.0,5,0,1.0455205811138015
YBL103C,0.05847953216374269,0.7562134620405516,89.9,9.444444444444445,19,0,1.7562134620405516
YDR212W,0.045584045584045586,0.857549529650389,56.083333333333336,63.5,27,1,1.857549529650389
YDR448W,0.2014260249554367,6.251475622610692,72.5,98.35561938061942,34,0,7.251475622610692
YFR021W,0.05434782608695652,0.7204108362817637,14.000000000000002,20.349206349206348,24,0,1.7204108362817636
YHR099W,0.14285714285714285,5.725628479616922,168.0,100.99666289163194,42,1,6.725628479616922
YIR023W,0.2,0.37962962962962965,25.2,1.2,5,0,1.3796296296296298
YJR066W,0.10846560846560846,2.644490956876373,60.54000000000001,32.93214285714286,28,0,3.644490956876373
YML091C,0.2222222222222222,0.5365847457073778,53.33333333333333,0.0,9,1,0.9507266384838253
YMR033W,0.5,0.37777777777777777,18.333333333333332,0.0,4,1,1.3777777777777778
YNL006W,0.13538461538461538,2.713784192436491,58.94666666666667,42.89603174603175,26,1,3.713784192436491
YNL076W,0.18181818181818182,0.7581916957143817,69.6,0.0,11,0,0.9979967250307071
YNL098C,0.19047619047619047,0.6539682539682539,5.25,2.906746031746032,7,0,1.6539682539682539
YNR023W,0.2857142857142857,0.9868442292171105,32.333333333333336,2.0,8,0,1.9868442292171105
YOL067C,1.0,0.09903381642512077,2.0,0.0,2,0,1.0990338164251208
YBL104C,0.027777777777777776,0.03787878787878788,1.5,6.333333333333333,9,0,1.0378787878787878
YDR316W,0.0,0.0,0.0,0.0,11,0,0.0
YNL054W,0.0,0.0,0.0,0.0,3,0,0.0
YBR045C,0.2,0.18746495654611717,0.0,8.8,6,0,1.1874649565461173
YGL022W,0.6071428571428571,2.8471053579412713,6.0,2.083333333333333,8,1,3.5788427091855475
YGR254W,0.029850746268656716,1.5812962209305255,324.46666666666664,84.15873015873015,67,0,2.5812962209305255
YOR231W,0.06666666666666667,0.45432133188897217,0.0,13.465873015873017,16,0,1.454321331888972
YCL017C,0.0,0.0,0.0,0.0,5,1,0.0
YHR098C,0.07142857142857142,0.15364145658263306,4.895833333333333,0.0,8,1,0.6185457409946657
YHR161C,0.1111111111111111,0.474508914025043,9.0625,0.0,9,0,0.7086691327838566
YIL033C,0.09166666666666666,0.6694582687444307,11.777777777777775,17.197005772005774,16,0,1.6694582687444308
YOR197W,0.027777777777777776,0.128584229390681,0.0,0.0,9,0,0.3446121039551409
YPL174C,0.06666666666666667,0.5734724329339076,35.108333333333334,29.0,15,0,1.5734724329339076
YBL107C,0.0,0.0,0.0,0.0,1,0,0.0
YBL108W,0.0,0.0,0.0,0.0,1,0,0.0
YBL112C,0.0,0.0,0.0,0.0,1,0,0.0
YBL113C,0.0,0.0,0.0,0.0,1,0,0.0
YLR348C,0.0,0.0,0.0,0.0,1,0,0.0
YBR001C,0.0,0.0,0.0,0.0,3,0,0.0
YHR102W,0.017316017316017316,0.1789752280380661,0.0,9.987768440709615,22,1,1.178975228038066
YBR004C,0.0,0.0,0.0,0.0,1,1,0.0
YLR082C,0.14285714285714285,0.1774527987825177,4.916666666666667,0.0,7,0,0.9824958515676443
YBR006W,0.0,0.0,0.0,0.0,2,0,0.0
YKL023W,0.0,0.0,0.0,0.0,11,0,0.0
YBR007C,0.0,0.0,0.0,0.0,1,0,0.0
YBR008C,0.0,0.0,0.0,0.0,1,0,0.0
YBR010W,0.10526315789473684,1.1449273615051203,0.0,19.25966386554622,19,0,2.14492736150512
YCR084C,0.0380952380952381,0.4759889826818978,11.5,8.141443850267379,21,0,1.4759889826818977
YDR224C,0.07246376811594203,1.1940113761479454,11.416666666666666,25.500000000000004,24,1,2.1940113761479454
YDR477W,0.050170068027210885,2.0143635173887757,53.275000000000006,100.87994227994228,49,0,3.0143635173887757
YGL194C,0.6785714285714286,3.6674603174603173,59.5,19.143939393939394,8,0,4.667460317460318
YJL081C,0.3202614379084967,3.824900786585886,86.83333333333333,70.90158730158731,18,1,4.824900786585886
YJL168C,0.0,0.0,0.0,0.0,4,0,0.0
YKR029C,0.35555555555555557,2.7920849420849425,0.0,16.40021645021645,10,0,3.7920849420849425
YPL209C,0.1388888888888889,0.8283524904214559,5.0,5.0,9,1,1.8283524904214559
YBR011C,0.01904761904761905,0.2879072681704261,0.0,14.75,21,1,1.287907268170426
YDR129C,0.15384615384615385,0.570339808032238,0.0,18.21198830409357,14,0,1.5703398080322382
YGL100W,0.052873563218390804,1.2739017383864135,33.766666666666666,39.71428571428572,30,0,2.2739017383864137
YJR062C,0.03333333333333333,0.13476157110026585,0.0,20.75,16,0,1.1347615711002659
YKL108W,0.047619047619047616,0.4456019859792795,84.5,26.09523809523809,22,1,1.4456019859792795
YLR371W,0.03636363636363636,0.2105263157894737,0.0,7.333333333333333,11,1,1.2105263157894737
YLR425W,0.03571428571428571,0.019770580296896087,0.0,8.371212121212121,8,0,1.0197705802968962
YMR267W,0.0,0.0,0.0,0.0,4,0,0.0
YNL180C,0.01818181818181818,0.09736070381231672,0.6666666666666666,0.0,11,0,0.2841076917641239
YPL066W,0.0,0.0,0.0,0.0,3,0,0.0
YPL111W,0.054945054945054944,0.18908779680854013,0.0,13.666666666666668,14,0,1.18908779680854
YBR012C,0.0,0.0,0.0,0.0,1,0,0.0
YPL221W,0.0,0.0,0.0,0.0,1,0,0.0
YBR012W-B,0.0,0.0,0.0,0.0,3,0,0.0
YLR116W,0.04093567251461988,0.7293447293447295,2.0,0.0,19,1,0.7854713740815715
YBR013C,0.0,0.0,0.0,0.0,1,0,0.0
YGR292W,0.0,0.0,0.0,0.0,4,0,0.0
YBR014C,0.0,0.0,0.0,0.0,5,0,0.0
YBR101C,0.0,0.0,0.0,0.0,14,0,0.0
YBR015C,0.0,0.0,0.0,0.0,1,0,0.0
YBR120C,0.0,0.0,0.0,0.0,3,0,0.0
YDL063C,0.0,0.0,0.0,0.0,3,0,0.0
YDL204W,0.0,0.0,0.0,0.0,6,0,0.0
YDR002W,0.23809523809523808,0.5343790617984167,9.833333333333332,10.25,7,1,1.5343790617984165
YDR062W,0.0718954248366013,0.6610119688020925,13.222222222222223,20.066666666666663,18,1,1.6610119688020926
YEL050C,0.0,0.0,0.0,0.0,2,0,0.0
YEL051W,0.16374269005847952,2.455991304638478,0.0,89.33333333333333,19,0,3.455991304638478
YFR030W,0.02197802197802198,0.0491626230491554,0.0,35.0,14,0,1.0491626230491553
YGL008C,0.02857142857142857,0.07728596169880982,0.0,4.33080808080808,15,1,1.0772859616988097
YGL105W,0.08333333333333333,0.18033499552486892,7.541666666666667,0.0,9,0,0.6424379450427362
YGL122C,0.08888888888888889,0.30527393753200205,25.333333333333336,8.157051282051281,10,1,1.305273937532002
YGL256W,0.0,0.0,0.0,0.0,8,0,0.0
YGR005C,0.24444444444444444,0.8000902088181836,22.5,76.25,10,1,1.8000902088181836
YGR094W,0.0,0.0,0.0,0.0,13,1,0.0
YGR119C,0.08097165991902834,2.7551532555590796,49.09583333333334,87.0,39,1,3.7551532555590796
YHL034C,0.053475935828877004,1.2724949355948527,18.33333333333333,89.43333333333332,34,0,2.2724949355948527
YHR020W,0.03,0.3595482321795504,0.0,23.4,25,1,1.3595482321795505
YIL124W,0.0,0.0,0.0,0.0,4,0,0.0
YJL052W,0.021141649048625793,0.7410634441935459,82.58333333333333,37.95555555555556,44,0,1.741063444193546
YJR009C,0.02795698924731183,0.5376310508840823,68.75,36.25000000000001,31,0,1.5376310508840823
YKL009W,0.3888888888888889,0.6745499674906886,17.277777777777775,27.535714285714285,9,0,1.6745499674906887
YKL060C,0.032926829268292684,0.9539751719970322,0.0,43.21336996336996,41,1,1.9539751719970322
YKL104C,0.03205128205128205,0.9156194836685717,0.0,117.33333333333334,40,1,1.9156194836685718
YKL120W,0.0,0.0,0.0,0.0,6,0,0.0
YKL212W,0.13333333333333333,1.0481314702300992,23.75,17.858802308802307,15,0,2.048131470230099
YKR046C,0.0,0.0,0.0,0.0,4,0,0.0
YLR355C,0.021164021164021163,0.26056978949850523,56.083333333333336,16.354761904761904,28,1,1.2605697894985053
YMR105C,0.0,0.0,0.0,0.0,15,0,0.0
YMR108W,0.02795698924731183,0.4801796822728801,102.0,27.714285714285715,31,1,1.48017968227288
YMR145C,0.0,0.0,0.0,0.0,3,0,0.0
YMR241W,0.0,0.0,0.0,0.0,4,0,0.0
YNL035C,0.0,0.0,0.0,0.0,2,0,0.0
YNL124W,0.25,0.8077907378416715,23.416666666666664,7.166666666666667,8,1,1.8077907378416715
YNL169C,0.0,0.0,0.0,0.0,3,0,0.0
YNR069C,0.0,0.0,0.0,0.0,6,0,0.0
YOL123W,0.03463203463203463,0.4111775779471549,13.416666666666666,10.879273504273504,22,1,1.411177577947155
YOR141C,0.0,0.0,0.0,0.0,2,0,0.0
YOR176W,0.0,0.0,0.0,0.0,9,1,0.0
YOR185C,0.15555555555555556,0.728789077394873,38.0,19.33333333333333,10,0,1.728789077394873
YOR259C,0.25396825396825395,5.0871410646840625,0.0,88.04671717171715,28,1,6.0871410646840625
YOR317W,0.0,0.0,0.0,0.0,9,0,0.0
YOR374W,0.014844804318488529,0.3455663803854723,71.25,23.166666666666668,39,0,1.3455663803854723
YOR375C,0.0196078431372549,0.12005351721086424,0.0,6.199999999999999,18,0,1.1200535172108643
YPL266W,0.2,0.1501389827961836,2.611111111111111,2.1142857142857143,5,1,1.1501389827961837
YBR018C,0.030303030303030304,0.28293603602373124,0.0,30.0,22,0,1.2829360360237312
YDR165W,0.0,0.0,0.0,0.0,4,0,0.0
YER123W,0.0,0.0,0.0,0.0,5,0,0.0
YGL180W,0.13333333333333333,0.3948356807511737,2.833333333333333,4.606410256410256,6,1,1.3948356807511737
YML115C,0.031578947368421054,0.1281706666497252,2.1666666666666665,7.217748917748917,20,0,1.128170666649725
YPL031C,0.01885369532428356,0.8358736476049028,40.916666666666664,19.46757964257964,52,0,1.835873647604903
YBR155W,0.047619047619047616,0.3442768093560214,10.0,9.4,15,1,1.3442768093560213
YBR234C,0.09486166007905138,1.5427188552188553,17.0,27.71428571428572,23,1,2.5427188552188555
YCL048W,0.3333333333333333,0.028125,0.0,22.0,3,0,1.028125
YDR386W,0.03070175438596491,1.4218565226249151,111.16666666666666,64.60700790437635,57,0,2.421856522624915
YER017C,0.011695906432748537,0.16036971880148557,2.0,2.225,19,0,1.1603697188014857
YGR083C,0.1541501976284585,2.0053895198397527,0.0,80.63333333333333,23,1,3.0053895198397527
YHL019C,0.3,1.0151515151515151,26.0,4.3,5,0,2.015151515151515
YJL092W,0.042105263157894736,0.24508705501944322,9.0,28.04418527379054,20,0,1.2450870550194433
YML102W,0.047619047619047616,0.20202020202020202,4.5,2.033333333333333,7,0,1.202020202020202
YMR049C,0.08089500860585198,6.436735825919593,195.75,289.7309523809524,84,1,7.436735825919593
YOL150C,0.0,0.0,0.0,0.0,4,0,0.0
YBR082C,0.0,0.0,0.0,0.0,7,0,0.0
YDL043C,0.035278154681139755,2.0747822507483136,393.66666666666663,243.5833333333333,67,1,3.0747822507483136
YDL156W,0.0,0.0,0.0,0.0,11,0,0.0
YDR030C,0.02564102564102564,0.08999510795917981,4.0,30.0,13,0,1.0899951079591799
YDR267C,0.01904761904761905,0.14881592421915002,1.0,6.0,21,1,1.14881592421915
YDR306C,0.08333333333333333,0.3072044573063397,0.0,192.0,16,0,1.3072044573063397
YFL038C,0.06666666666666667,1.382058686193208,21.395833333333336,40.27096743835874,25,1,2.382058686193208
YFR031C,0.15151515151515152,0.9302874693320918,11.222222222222221,12.833333333333332,12,1,1.9302874693320917
YKR017C,0.0,0.0,0.0,0.0,5,0,0.0
YLR288C,0.0032982890125747267,0.3223175633889921,49.666666666666664,19.883333333333333,99,0,1.322317563388992
YML051W,0.0,0.0,0.0,0.0,3,0,0.0
YML057W,0.07509881422924901,0.5971828540630967,0.0,74.80000000000001,23,0,1.5971828540630968
YMR094W,0.12727272727272726,0.7076256742147247,15.833333333333332,6.834293157822569,11,1,1.7076256742147247
YNL032W,0.05128205128205128,0.38195459976105134,2.0,7.766666666666667,13,0,1.3819545997610514
YNL323W,0.02564102564102564,0.12795815295815297,4.666666666666667,6.166666666666667,13,0,1.127958152958153
YOL100W,0.0,0.0,0.0,0.0,15,1,0.0
YOR276W,0.038461538461538464,0.13629839761915236,4.5,9.5,13,0,1.1362983976191523
YPR093C,0.11538461538461539,0.5702934667389591,8.75,18.833333333333336,13,0,1.570293466738959
YBR021W,0.0,0.0,0.0,0.0,2,0,0.0
YOR128C,0.0,0.0,0.0,0.0,23,0,0.0
YHR123W,0.18681318681318682,0.9238495493464438,28.5,35.75,14,0,1.9238495493464438
YLR242C,0.0,0.0,0.0,0.0,4,0,0.0
YHL042W,0.13588850174216027,4.851568789450713,0.0,85.83549783549783,42,0,5.851568789450713
YPR119W,0.054187192118226604,1.0229949509199874,0.0,55.50261968423734,29,0,2.0229949509199874
YBR025C,0.14285714285714285,0.22035527218307666,27.75,8.0,8,0,1.2203552721830766
YNL088W,0.019762845849802372,0.23818598182483275,9.833333333333332,4.547619047619048,23,1,1.2381859818248326
YNL207W,0.11375661375661375,2.3913560001308642,26.208333333333332,27.604761904761904,28,1,3.3913560001308642
YBR027C,0.16666666666666666,0.3399558498896247,7.583333333333333,2.2666666666666666,4,0,1.3399558498896247
YLR353W,0.16666666666666666,0.3399558498896247,5.416666666666666,1.6666666666666667,4,0,1.3399558498896247
YOR046C,0.09523809523809523,0.5833333333333333,3.0,5.666666666666667,7,1,1.5833333333333333
YBR028C,0.0,0.0,0.0,0.0,6,0,0.0
YCR016W,0.0,0.0,0.0,0.0,3,0,0.0
YER015W,0.0,0.0,0.0,0.0,3,0,0.0
YBR029C,0.0,0.0,0.0,0.0,1,1,0.0
YCR061W,0.023715415019762844,0.2947425942338061,17.666666666666668,17.0,23,0,1.294742594233806
YBR033W,0.0,0.0,0.0,0.0,1,0,0.0
YNL228W,0.0,0.0,0.0,0.0,1,0,0.0
YBR034C,0.027777777777777776,0.13851351351351351,4.5,0.75,9,0,1.1385135135135136
YDR249C,0.0,0.0,0.0,0.0,1,0,0.0
YGR165W,0.0,0.0,0.0,0.0,4,0,0.0
YGR181W,0.3333333333333333,0.6111111111111112,2.0,0.8333333333333334,3,0,1.6111111111111112
YMR048W,0.0,0.0,0.0,0.0,9,0,0.0
YBR035C,0.0,0.0,0.0,0.0,2,0,0.0
YDL101C,0.04107744107744108,1.6764691045743814,336.6166666666666,204.6666666666666,55,0,2.676469104574381
YBR161W,0.0,0.0,0.0,0.0,4,0,0.0
YCL052C,0.08791208791208792,0.42145617801495916,17.166666666666668,4.904761904761905,14,1,1.4214561780149593
YCR034W,0.11607142857142858,7.428571428571425,499.1,301.797113997114,64,0,8.428571428571425
YDL015C,0.3328591749644381,10.322985019894592,115.83333333333331,380.0833333333333,38,1,11.322985019894592
YDL212W,0.11594202898550725,5.123363493548172,289.0,167.70000000000005,46,1,6.123363493548172
YDR276C,0.275,1.8662505030219392,30.166666666666664,46.21111111111111,16,0,2.866250503021939
YDR307W,0.2463768115942029,3.3164974496313744,111.60833333333333,165.66666666666666,24,0,4.316497449631374
YEL027W,0.36363636363636365,1.6012755734716664,51.166666666666664,9.897619047619049,12,0,2.6012755734716664
YER026C,0.23529411764705882,1.8335424104219122,43.83333333333333,64.18095238095238,18,1,2.833542410421912
YHL003C,0.12380952380952381,0.8436796544262218,17.5,10.55,15,0,1.843679654426222
YIL114C,0.21428571428571427,0.26866259647145097,21.666666666666664,4.25,8,0,1.2686625964714509
YJL196C,0.4236559139784946,9.206612584020391,451.0666666666667,272.21666666666664,31,0,10.206612584020391
YJL214W,0.4642857142857143,0.5949177752567583,14.0,47.5,8,0,1.5949177752567583
YKL065C,0.1730612244897959,8.421184654964923,490.8083333333334,299.71666666666675,50,0,9.421184654964923
YKL154W,0.17142857142857143,5.0230650478925245,267.64166666666665,175.63333333333333,35,1,6.0230650478925245
YLL048C,0.0,0.0,0.0,0.0,6,0,0.0
YLR372W,0.11388611388611389,8.883116883116886,687.6416666666667,385.2507575757575,78,0,9.883116883116886
YMR306W,0.0,0.0,0.0,0.0,3,0,0.0
YOR016C,0.1440185830429733,5.6826318737946995,364.0166666666667,217.6666666666667,42,0,6.6826318737946995
YPL227C,0.19202898550724637,2.838439493807647,75.94444444444444,94.5,24,0,3.838439493807647
YPR079W,0.030303030303030304,0.31272727272727274,2.6666666666666665,0.0,12,0,0.4096264975334743
YBR038W,0.0,0.0,0.0,0.0,5,1,0.0
YPL020C,0.0,0.0,0.0,0.0,9,1,0.0
YPR106W,0.0,0.0,0.0,0.0,14,0,0.0
YBR093C,0.0,0.0,0.0,0.0,7,0,0.0
YIL106W,0.046798029556650245,0.7284166348562803,5.556666666666666,65.92857142857143,29,1,1.7284166348562802
YPL256C,0.08421052631578947,1.0077285701140006,0.0,75.80000000000001,20,0,2.0077285701140006
YBR040W,0.0,0.0,0.0,0.0,2,0,0.0
YBR041W,0.0,0.0,0.0,0.0,1,0,0.0
YDL153C,0.003787878787878788,0.11014344262295082,6.75,2.083333333333333,33,1,1.1101434426229508
YBR042C,0.0,0.0,0.0,0.0,2,0,0.0
YHR115C,0.14285714285714285,0.4479492338647268,19.333333333333336,8.866666666666667,8,0,1.4479492338647268
YBR043C,0.0,0.0,0.0,0.0,3,0,0.0
YGR074W,0.13405797101449277,2.5638433458227508,61.33333333333333,34.291666666666664,24,1,3.5638433458227508
YGR157W,0.0,0.0,0.0,0.0,1,0,0.0
YBR044C,0.0,0.0,0.0,0.0,8,0,0.0
YBR221C,0.06535947712418301,0.786956276763579,35.5,8.194444444444445,18,0,1.7869562767635792
YDL093W,0.3333333333333333,0.20961538461538462,2.9166666666666665,0.0,3,0,1.2096153846153845
YKL004W,0.09523809523809523,0.12226613965744401,5.0,1.4,7,1,1.122266139657444
YKL141W,0.0,0.0,0.0,0.0,3,1,0.0
YKL148C,0.0,0.0,0.0,0.0,1,0,0.0
YLL041C,0.0,0.0,0.0,0.0,2,0,0.0
YBR047W,0.0,0.0,0.0,0.0,2,0,0.0
YBR049C,0.09090909090909091,0.9466039707419018,5.5,10.6,12,1,1.9466039707419018
YDR130C,0.21428571428571427,0.25734501759625544,0.8,16.634615384615383,8,1,1.2573450175962555
YDR303C,0.13333333333333333,0.30442260442260444,0.0,0.5,6,1,1.3044226044226044
YLR176C,0.2545454545454545,2.176272684167421,0.0,11.3,11,0,3.176272684167421
YBR050C,0.3333333333333333,0.04874970264332591,0.0,2.1484848484848484,4,0,1.048749702643326
YBR052C,0.0,0.0,0.0,0.0,1,0,0.0
YDR032C,0.038461538461538464,0.14772784439321357,16.666666666666664,12.25,13,0,1.1477278443932135
YBR053C,0.0,0.0,0.0,0.0,1,0,0.0
YBR054W,0.08571428571428572,0.5554869608056077,24.833333333333332,30.000000000000004,15,0,1.5554869608056077
YBR302C,0.10909090909090909,0.3165460927960928,30.333333333333332,7.833333333333334,11,0,1.3165460927960928
YCL038C,0.0,0.0,0.0,0.0,5,0,0.0
YHR072W,0.0,0.0,0.0,0.0,2,1,0.0
YKR039W,0.3333333333333333,0.22780704863896714,6.520833333333333,11.666666666666668,6,0,1.2278070486389672
YNL048W,0.21794871794871795,0.7028307031268171,20.333333333333332,45.68030303030302,13,1,1.702830703126817
YNR017W,0.1111111111111111,0.9004495825305074,9.0,4.4,10,1,1.9004495825305074
YOR040W,0.0,0.0,0.0,0.0,2,0,0.0
YOR254C,0.16883116883116883,2.1214568033738144,55.833333333333336,66.38333333333334,22,1,3.1214568033738144
YBR121C,0.0,0.0,0.0,0.0,3,1,0.0
YBR133C,0.05555555555555555,0.0967900024503798,10.5,1.7,9,0,1.0967900024503798
YBR149W,0.0,0.0,0.0,0.0,3,0,0.0
YBR152W,0.22807017543859648,3.0738482041567594,18.0,36.5,19,1,4.073848204156759
YBR169C,0.03296703296703297,0.10524178663713547,0.0,0.0,14,0,0.4184921980987009
YCL043C,0.009523809523809525,0.021713729308666017,0.0,3.4285714285714284,15,1,1.021713729308666
YCR053W,0.0,0.0,0.0,0.0,4,0,0.0
YDL064W,0.09523809523809523,0.27222222222222225,5.833333333333333,5.843137254901961,7,1,1.2722222222222221
YDL078C,0.0,0.0,0.0,0.0,1,0,0.0
YDL124W,0.0,0.0,0.0,0.0,2,0,0.0
YDR037W,0.2,0.0646379013565494,14.5,27.0,6,1,1.0646379013565495
YDR158W,0.0,0.0,0.0,0.0,4,0,0.0
YDR353W,0.044444444444444446,0.10804720177995701,2.0,0.0,10,1,0.5193900566829239
YDR473C,0.5151515151515151,1.9004248754248756,31.0,76.5,12,1,2.900424875424876
YEL034W,0.01904761904761905,0.11065062388591801,5.25,5.25,15,1,1.110650623885918
YER003C,0.0,0.0,0.0,0.0,2,1,0.0
YER043C,0.02564102564102564,0.6805977799352438,0.0,47.8,40,1,1.6805977799352438
YER091C,0.028528528528528527,0.6430107497964958,0.0,18.874300699300697,37,0,1.6430107497964959
YER172C,0.22507122507122507,4.823595173595174,89.0,77.490873015873,27,1,5.823595173595174
YFL017W-A,0.1856060606060606,5.591817612212349,151.83333333333334,67.77301587301586,33,1,6.591817612212349
YGL202W,0.047619047619047616,0.05300207039337474,2.0,3.0416666666666665,7,0,1.0530020703933747
YGL245W,0.031746031746031744,0.5482378239915164,25.66666666666667,21.188636363636363,28,1,1.5482378239915164
YGL253W,0.015151515151515152,0.032779623477297896,0.0,0.1875,12,0,1.032779623477298
YGR061C,0.0,0.0,0.0,0.0,2,0,0.0
YGR204W,0.0,0.0,0.0,0.0,6,0,0.0
YHR019C,0.0,0.0,0.0,0.0,8,1,0.0
YHR183W,0.06324110671936758,0.6288090458859217,26.0,32.800000000000004,23,0,1.6288090458859217
YHR208W,0.0,0.0,0.0,0.0,3,0,0.0
YJL080C,0.044444444444444446,0.18434139784946235,0.4,0.0,10,0,0.4254399517442248
YJL167W,0.0,0.0,0.0,0.0,6,1,0.0
YJR104C,0.08333333333333333,0.10662762754039251,8.777777777777777,2.958974358974359,9,0,1.1066276275403926
YJR105W,0.0,0.0,0.0,0.0,4,0,0.0
YJR139C,0.0,0.0,0.0,0.0,5,0,0.0
YKL085W,0.03985507246376811,0.5727797168716595,29.333333333333336,11.228174603174605,24,0,1.5727797168716595
YKL157W,0.0,0.0,0.0,0.0,5,0,0.0
YLL026W,0.021052631578947368,0.21386468814187098,4.166666666666666,6.677807486631016,20,0,1.213864688141871
YLR153C,0.0,0.0,0.0,0.0,5,1,0.0
YLR432W,0.01282051282051282,0.07837301587301587,4.0,0.0,13,0,0.241956268063863
YLR446W,0.0,0.0,0.0,0.0,8,0,0.0
YMR120C,0.0,0.0,0.0,0.0,2,0,0.0
YNR001C,0.034482758620689655,0.5896351719702042,74.58333333333333,30.800000000000004,30,0,1.5896351719702042
YOR120W,0.0,0.0,0.0,0.0,1,0,0.0
YOR159C,0.14166666666666666,1.2507771782068458,12.25,19.261904761904763,16,1,2.250777178206846
YOR335C,0.0,0.0,0.0,0.0,4,1,0.0
YPL004C,0.01098901098901099,0.029900018864365212,0.0,1.0,14,0,1.0299000188643652
YPL028W,0.0,0.0,0.0,0.0,5,1,0.0
YPR082C,0.5,0.781863193995547,22.0,23.0,8,1,1.7818631939955472
YPR178W,0.15465465465465467,4.552362700075845,143.5,94.74188311688312,37,1,5.552362700075845
YPR182W,0.11260504201680673,3.7137154902760785,126.0,54.74444444444445,35,1,4.713715490276078
YBR056W,0.0,0.0,0.0,0.0,1,0,0.0
YFR007W,0.0,0.0,0.0,0.0,1,0,0.0
YBR057C,0.03571428571428571,0.2857142857142857,3.111111111111111,2.1666666666666665,8,0,1.2857142857142856
YCL055W,0.06666666666666667,0.34285714285714286,6.0,3.0,6,0,1.342857142857143
YDR206W,0.01282051282051282,0.046240601503759395,0.0,2.9603174603174605,13,0,1.0462406015037593
YGL192W,0.16666666666666666,0.34285714285714286,3.111111111111111,2.1666666666666665,4,0,1.342857142857143
YKL098W,0.0,0.0,0.0,0.0,4,0,0.0
YKR031C,0.0,0.0,0.0,0.0,2,0,0.0
YOL059W,0.0,0.0,0.0,0.0,3,0,0.0
YOL064C,0.0,0.0,0.0,0.0,3,0,0.0
YOL132W,0.11965811965811966,1.8822750194348714,74.33333333333333,74.41666666666669,27,0,2.8822750194348714
YOR123C,0.21818181818181817,1.862241164408347,27.0,2.185507246376812,11,0,2.862241164408347
YBR058C-A,1.0,1.1857142857142857,5.166666666666667,2.0,3,1,2.185714285714286
YGR038W,0.7,2.1319327731092437,9.75,3.2,5,0,3.1319327731092437
YLR350W,0.4666666666666667,2.0319327731092436,9.75,3.6,6,0,3.0319327731092436
YMR296C,0.2857142857142857,1.7780480613297949,5.444444444444445,3.6,8,1,2.7780480613297946
YER144C,0.0,0.0,0.0,0.0,5,0,0.0
YFR014C,0.0,0.0,0.0,0.0,3,0,0.0
YGL213C,0.03636363636363636,0.24819967266775778,2.1666666666666665,4.5,11,1,1.2481996726677578
YGR199W,0.3333333333333333,0.04878048780487805,0.0,0.0,3,0,1.048780487804878
YJL039C,0.09523809523809523,0.21575189647478804,6.111111111111111,10.25,7,1,1.215751896474788
YML014W,0.0,0.0,0.0,0.0,3,0,0.0
YMR144W,0.0,0.0,0.0,0.0,4,0,0.0
YOR061W,0.07936507936507936,4.671634867628756,0.0,157.0517535604492,64,0,5.671634867628756
YPR033C,0.0,0.0,0.0,0.0,4,1,0.0
YBR060C,0.6428571428571429,4.0131578947368425,20.5,29.11688311688312,8,1,5.0131578947368425
YHR118C,0.8571428571428571,4.251253132832081,20.5,24.03246753246753,7,1,5.251253132832081
YLL004W,0.5714285714285714,3.8750000000000004,20.5,9.310064935064936,8,1,4.875
YML065W,0.36363636363636365,3.26451355661882,20.5,36.44155844155844,11,1,4.2645135566188195
YPR162C,0.7619047619047619,4.113095238095239,20.5,17.428571428571427,7,1,5.113095238095239
YBR061C,0.0,0.0,0.0,0.0,20,0,0.0
YBR300C,0.0,0.0,0.0,0.0,1,0,0.0
YDR383C,0.0,0.0,0.0,0.0,10,0,0.0
YDR461W,0.0,0.0,0.0,0.0,2,0,0.0
YGR182C,0.0,0.0,0.0,0.0,3,0,0.0
YGR195W,0.4083333333333333,5.837794324918129,41.38888888888889,43.907459207459205,16,1,6.837794324918129
YGR201C,0.0,0.0,0.0,0.0,2,0,0.0
YGR219W,0.0,0.0,0.0,0.0,1,0,0.0
YGR235C,0.0,0.0,0.0,0.0,1,0,0.0
YGR277C,0.0,0.0,0.0,0.0,2,1,0.0
YHR008C,0.0,0.0,0.0,0.0,4,0,0.0
YHR022C,0.0,0.0,0.0,0.0,5,0,0.0
YHR059W,0.0,0.0,0.0,0.0,3,0,0.0
YJL016W,0.0,0.0,0.0,0.0,3,0,0.0
YJL097W,0.0,0.0,0.0,0.0,2,1,0.0
YJL140W,0.38461538461538464,2.571463891406283,23.5,56.207142857142856,14,0,3.571463891406283
YJL166W,0.0,0.0,0.0,0.0,2,0,0.0
YBR063C,0.0,0.0,0.0,0.0,1,0,0.0
YDR369C,0.047619047619047616,0.3542489834643534,0.0,6.161111111111111,15,0,1.3542489834643534
YBR064W,0.0,0.0,0.0,0.0,2,0,0.0
YBR065C,0.4666666666666667,0.7366457072339425,16.0,3.333333333333333,6,0,1.7366457072339425
YBR066C,0.0,0.0,0.0,0.0,2,0,0.0
YBR067C,0.0,0.0,0.0,0.0,3,0,0.0
YNL237W,0.0,0.0,0.0,0.0,5,0,0.0
YPR138C,0.0,0.0,0.0,0.0,1,0,0.0
YDR046C,0.39285714285714285,0.6557908757908757,22.833333333333332,16.283333333333335,8,0,1.6557908757908757
YJR001W,0.0,0.0,0.0,0.0,5,0,0.0
YDL199C,0.0,0.0,0.0,0.0,5,0,0.0
YLR343W,0.2564102564102564,0.9401513524485172,99.26666666666667,43.5,13,0,1.9401513524485172
YOL109W,0.0,0.0,0.0,0.0,2,0,0.0
YPL233W,0.0,0.0,0.0,0.0,3,1,0.0
YBR070C,0.0,0.0,0.0,0.0,1,1,0.0
YJL019W,0.0,0.0,0.0,0.0,5,1,0.0
YBR094W,0.14285714285714285,0.5257518796992482,4.0,3.5142857142857142,7,0,1.5257518796992482
YBR103W,0.0812807881773399,1.9350868086205564,125.16666666666666,81.30000000000001,29,0,2.9350868086205564
YCR005C,0.0,0.0,0.0,0.0,6,0,0.0
YDL193W,0.02197802197802198,0.1662087912087912,3.4444444444444446,4.261904761904762,14,1,1.1662087912087913
YFL034C-B,0.0380952380952381,0.30897981387577467,0.0,6.476190476190475,15,1,1.3089798138757747
YGL208W,0.021538461538461538,0.34922100189452887,8.516666666666667,2.1142857142857143,26,0,1.349221001894529
YHR107C,0.05555555555555555,2.2459861181998155,51.08333333333333,73.91827616827618,45,1,3.2459861181998155
YHR120W,0.022222222222222223,0.2222222222222222,2.0,0.5714285714285714,10,0,1.2222222222222223
YIL046W,0.06060606060606061,1.0690215003571895,36.91666666666667,52.42974182680066,34,1,2.0690215003571897
YIL128W,0.13043478260869565,0.9108271807447988,126.5,115.83333333333334,23,0,1.910827180744799
YIL147C,0.11538461538461539,0.324856181767473,44.0,8.190079365079365,13,1,1.324856181767473
YJR053W,0.12380952380952381,0.4593086998859744,36.766666666666666,13.65,15,0,1.4593086998859743
YJR076C,0.06456456456456457,2.071771257717752,41.0,52.19659841792195,37,1,3.071771257717752
YKL139W,0.0380952380952381,0.34352166996902794,4.777777777777778,13.564285714285711,21,1,1.343521669969028
YLL011W,0.07971014492753623,0.948911167951359,29.833333333333332,38.31208133971292,24,1,1.9489111679513589
YLR097C,0.125,0.5526210589628856,0.0,105.33333333333331,17,1,1.5526210589628855
YLR208W,0.12631578947368421,1.9767207518933627,15.65833333333333,23.58928571428571,20,1,2.976720751893363
YML112W,0.05128205128205128,0.2637972770201686,3.2777777777777777,12.3,13,0,1.2637972770201686
YMR055C,0.10526315789473684,0.6022407914610339,32.516666666666666,44.6,19,0,1.602240791461034
YNL128W,0.045454545454545456,0.24227567247378687,0.0,11.75,12,0,1.242275672473787
YNR019W,0.0,0.0,0.0,0.0,8,0,0.0
YOR319W,0.06884057971014493,0.7324560149152983,52.75,57.083333333333336,24,1,1.7324560149152983
YPL169C,0.04395604395604396,0.3148573933744026,3.666666666666667,2.05,14,1,1.3148573933744025
YBR073W,0.16666666666666666,0.028811524609843937,2.0,2.9,4,0,1.028811524609844
YBR074W,0.0,0.0,0.0,0.0,3,0,0.0
YMR083W,0.0,0.0,0.0,0.0,3,0,0.0
YBR076W,0.0,0.0,0.0,0.0,1,0,0.0
YBR077C,0.0,0.0,0.0,0.0,4,0,0.0
YKR007W,0.1,0.30952380952380953,2.0,2.230769230769231,5,0,1.3095238095238095
YMR004W,0.0,0.0,0.0,0.0,4,0,0.0
YOR045W,0.0,0.0,0.0,0.0,4,0,0.0
YBR078W,0.0,0.0,0.0,0.0,1,0,0.0
YDL005C,0.21846153846153846,4.88990696582876,44.66666666666667,45.58690476190476,26,0,5.88990696582876
YDR091C,0.10714285714285714,0.4675324675324675,1.0,2.063492063492064,8,1,1.4675324675324675
YDR429C,0.3047619047619048,2.9701814102313837,41.25,49.894444444444446,15,1,3.9701814102313837
YIL071C,0.2,0.551010101010101,3.9166666666666665,10.0,5,0,1.551010101010101
YJR007W,0.1857707509881423,2.5708842477501213,0.0,81.7,23,1,3.5708842477501213
YLR192C,0.4642857142857143,1.3562084185816436,6.5,17.19047619047619,8,0,2.3562084185816436
YOR039W,0.10984848484848485,2.702479158157733,0.0,93.08531746031748,33,0,3.702479158157733
YPR016C,0.13800904977375567,6.668457136465746,89.16666666666667,136.34678932178934,52,1,7.668457136465746
YBR080C,0.0,0.0,0.0,0.0,4,1,0.0
YBR253W,0.2172043010752688,6.268700442868578,53.333333333333336,164.25,31,1,7.268700442868578
YCL010C,0.6666666666666666,0.9871451614957683,21.0,6.533963112910481,7,0,1.9871451614957683
YDR146C,0.04093567251461988,0.5702009087760049,1.6666666666666665,9.736363636363636,19,0,1.570200908776005
YDR167W,0.11596638655462185,3.7522206301569976,55.5,44.67855682329366,35,1,4.752220630156998
YGL066W,0.5277777777777778,2.145087859639327,40.33333333333333,11.431565656565656,9,0,3.145087859639327
YGL244W,0.24444444444444444,1.7229252107541582,16.5,4.920289855072463,10,0,2.722925210754158
YGR252W,0.23529411764705882,2.5720871054976526,36.0,32.022067844436265,18,0,3.5720871054976526
YLR055C,0.6190476190476191,1.038158748301334,18.0,16.3,7,0,2.038158748301334
YMR223W,0.4222222222222222,2.2137153106197194,40.33333333333333,19.08080808080808,10,0,3.2137153106197194
YMR236W,0.2549019607843137,2.8342140971382053,11.0,49.08333333333333,18,1,3.8342140971382053
YOL148C,0.5606060606060606,3.008444371511713,36.0,69.2,12,0,4.008444371511713
YPL254W,0.75,1.7885288210264503,35.33333333333333,37.8,8,0,2.7885288210264503
YPR025C,0.07575757575757576,0.5417371677279874,0.0,3.6941176470588233,12,1,1.5417371677279874
YDR529C,0.0,0.0,0.0,0.0,4,0,0.0
YJL047C,0.04395604395604396,0.3472962680883473,4.0,15.571428571428571,14,0,1.3472962680883473
YKL010C,0.0,0.0,0.0,0.0,8,0,0.0
YKL161C,0.11052631578947368,1.1671377100303426,0.0,105.5,20,0,2.1671377100303424
YCR008W,0.0,0.0,0.0,0.0,5,0,0.0
YDR466W,0.13333333333333333,0.8071676108844588,0.0,62.33333333333333,15,0,1.8071676108844588
YGL019W,0.13015873015873017,3.615263433911065,0.0,141.96309523809526,36,0,4.615263433911065
YGL099W,0.12087912087912088,1.253809573919013,36.0,9.854545454545455,14,1,2.253809573919013
YHR013C,0.19047619047619047,0.3900383141762452,20.5,4.75,7,0,1.3900383141762451
YJR059W,0.044444444444444446,0.21239419088457853,0.0,8.7,10,0,1.2123941908845786
YBR085W,0.0,0.0,0.0,0.0,12,0,0.0
YHR002W,0.0,0.0,0.0,0.0,1,0,0.0
YBR086C,0.0,0.0,0.0,0.0,3,0,0.0
YNL194C,0.1,0.13090909090909092,2.9166666666666665,0.0,5,0,0.8947979797979797
YHR191C,0.47619047619047616,1.2661173951496532,5.0,27.666666666666664,7,0,2.266117395149653
YLR390W,0.0,0.0,0.0,0.0,2,0,0.0
YMR078C,0.39285714285714285,1.4605618395940976,9.5,67.0,8,0,2.4605618395940976
YMR181C,0.0,0.0,0.0,0.0,6,0,0.0
YOR144C,1.0,0.5210166177908114,2.0,6.714285714285714,4,0,1.5210166177908113
YCR092C,0.038461538461538464,0.26010909627008694,11.5,2.796052631578948,13,0,1.260109096270087
YER041W,0.044444444444444446,0.1664607948442535,1.5,8.371212121212121,10,0,1.1664607948442536
YHR031C,0.0,0.0,0.0,0.0,2,0,0.0
YJR043C,0.16666666666666666,0.6666666666666666,2.0,0.0,4,0,0.9166666666666666
YKL113C,0.06666666666666667,0.04062126642771804,0.0,0.0,6,0,1.0406212664277181
YLR035C,0.07142857142857142,0.12489327122603863,2.0,12.857142857142858,8,0,1.1248932712260387
YML021C,0.0,0.0,0.0,0.0,1,0,0.0
YML056C,0.022222222222222223,0.13742690058479531,4.5,22.0,10,0,1.1374269005847952
YMR167W,0.07692307692307693,0.6107817159068465,19.5,16.095238095238095,14,0,1.6107817159068465
YFR037C,0.1,1.3964134034180473,22.5,10.322222222222225,16,1,2.3964134034180473
YGL133W,0.3333333333333333,1.0605263157894738,9.5,3.333333333333333,7,0,2.060526315789474
YLR033W,1.0,0.11513157894736842,4.5,0.0,2,1,1.1151315789473684
YLR321C,0.07272727272727272,0.4957183026584867,8.5,2.5,11,1,1.4957183026584868
YNR003C,0.3047619047619048,3.456505198233139,58.0,34.58333333333333,15,1,4.456505198233139
YOR110W,0.027777777777777776,0.25,2.0,0.0,9,1,0.3611111111111111
YBR089W,0.0,0.0,0.0,0.0,1,1,0.0
YBR090C,0.0,0.0,0.0,0.0,1,0,0.0
YBR091C,0.3333333333333333,1.7857142857142856,4.0,7.0,6,1,2.7857142857142856
YJL054W,0.5,1.8857142857142857,4.0,7.475,5,1,2.8857142857142857
YKL002W,0.005128205128205128,0.14238186216832285,2.833333333333333,17.0,40,0,1.1423818621683228
YOR297C,0.5,1.2333333333333334,3.0,2.875,4,1,2.2333333333333334
YKR106W,0.0,0.0,0.0,0.0,3,0,0.0
YML077W,0.5,1.0427350427350426,3.0,5.0,4,1,2.0427350427350426
YBR095C,0.14285714285714285,0.29060448747179257,14.333333333333334,9.2,8,0,1.2906044874717926
YMR159C,0.04395604395604396,0.24509558262898704,16.5,7.038461538461538,14,0,1.2450955826289871
YBR096W,0.0,0.0,0.0,0.0,1,0,0.0
YLR240W,0.0,0.0,0.0,0.0,3,1,0.0
YBR099C,0.0,0.0,0.0,0.0,2,0,0.0
YHL021C,0.0,0.0,0.0,0.0,5,0,0.0
YKL171W,0.125,1.284149418221395,92.33333333333334,2.083333333333333,16,0,2.284149418221395
YLL062C,0.0,0.0,0.0,0.0,2,0,0.0
YLR194C,0.0,0.0,0.0,0.0,1,0,0.0
YMR092C,0.14285714285714285,0.20459649122807017,8.5,2.0296052631578947,7,0,1.2045964912280702
YMR173W,0.0,0.0,0.0,0.0,3,0,0.0
YOL011W,0.0,0.0,0.0,0.0,3,0,0.0
YPL136W,0.0,0.0,0.0,0.0,2,0,0.0
YIL068C,0.14285714285714285,0.8333333333333333,5.833333333333333,3.0416666666666665,7,1,1.8333333333333333
YLR166C,0.26666666666666666,1.1833333333333333,0.0,8.0,6,1,2.1833333333333336
YNR046W,0.0,0.0,0.0,0.0,5,1,0.0
YPR055W,0.26666666666666666,0.9204136209663042,2.1666666666666665,3.0416666666666665,6,1,1.920413620966304
YCR033W,0.6428571428571429,3.500793650793651,59.5,27.514285714285712,8,0,4.500793650793651
YDR155C,0.046798029556650245,1.0438600361892574,5.625,31.2797619047619,29,0,2.0438600361892574
YEL064C,0.0,0.0,0.0,0.0,5,0,0.0
YGR239C,0.06666666666666667,0.2704059829059829,4.111111111111111,5.0,10,0,1.2704059829059828
YGR296W,0.0,0.0,0.0,0.0,4,0,0.0
YIL112W,0.5,3.304365079365079,0.0,22.56450216450217,9,0,4.304365079365079
YJR141W,0.0,0.0,0.0,0.0,6,1,0.0
YLR409C,0.25,0.2971457914409233,5.0,14.999999999999998,8,1,1.2971457914409232
YMR155W,0.0,0.0,0.0,0.0,4,0,0.0
YOL068C,0.5357142857142857,3.10515873015873,25.125,19.97142857142857,8,0,4.105158730158729
YBR105C,0.3333333333333333,0.050100777425856606,4.5,3.633333333333333,3,0,1.0501007774258566
YBR110W,0.3465909090909091,7.841347737620967,494.7333333333333,268.9666666666667,33,1,8.841347737620968
YBR243C,0.3333333333333333,0.06517094017094016,3.0,0.0,3,1,1.0651709401709402
YBR283C,0.2554112554112554,2.5669323296261557,120.37500000000001,130.25,22,0,3.5669323296261557
YBR287W,0.0,0.0,0.0,0.0,2,0,0.0
YBR293W,0.19047619047619047,0.1884742434742435,7.833333333333333,8.708333333333332,7,0,1.1884742434742435
YBR298C,0.1111111111111111,0.9014345464017657,38.083333333333336,13.262626262626265,18,0,1.9014345464017657
YCR028C,0.06666666666666667,0.04187344913151365,3.7916666666666665,0.0,6,0,1.0418734491315136
YCR037C,1.0,0.03400562851782364,0.0,0.0,2,0,1.0340056285178236
YCR098C,0.047619047619047616,0.05723443223443223,2.9166666666666665,1.5,7,0,1.0572344322344323
YDL128W,0.1,0.12072649572649571,4.666666666666667,0.0,5,0,0.9490450797972924
YDR297W,0.4700854700854701,7.584560762818443,168.66666666666669,219.5904761904762,27,0,8.584560762818443
YDR456W,0.05228758169934641,0.34926022528907075,5.916666666666666,7.5,18,0,1.3492602252890706
YDR508C,0.08333333333333333,0.39385780885780886,4.916666666666667,3.633333333333333,9,0,1.3938578088578089
YEL017C-A,0.19692307692307692,2.936165515407728,105.04166666666667,78.96969696969698,26,0,3.936165515407728
YER056C,0.3333333333333333,0.04807692307692308,5.833333333333333,0.0,3,0,1.0480769230769231
YER060W-A,1.0,0.04807692307692308,5.833333333333333,0.0,2,0,1.0480769230769231
YFL025C,0.0,0.0,0.0,0.0,4,0,0.0
YGL054C,0.0,0.0,0.0,0.0,5,0,0.0
YGL055W,0.06666666666666667,0.20961538461538462,2.9166666666666665,0.0,6,1,0.5276581980710421
YGL167C,0.0,0.0,0.0,0.0,1,0,0.0
YGR224W,0.0,0.0,0.0,0.0,3,0,0.0
YGR289C,0.20512820512820512,0.7976820746776325,51.50000000000001,19.4,13,0,1.7976820746776325
YHR094C,0.16666666666666666,0.6699761161625568,26.333333333333332,10.666666666666666,9,0,1.6699761161625568
YHR142W,0.24666666666666667,3.553748105570338,96.75,83.02142857142859,25,0,4.553748105570338
YJL012C,0.03636363636363636,0.2265645371577575,4.916666666666667,2.1666666666666665,11,1,1.2265645371577576
YJL059W,0.0,0.0,0.0,0.0,3,0,0.0
YJL108C,0.21428571428571427,0.24018123003155079,36.666666666666664,19.0,8,0,1.240181230031551
YJR124C,0.0,0.0,0.0,0.0,1,0,0.0
YKL146W,0.07142857142857142,0.09033498759305211,5.791666666666666,0.0,8,0,0.8810427004268465
YKL165C,0.0,0.0,0.0,0.0,4,1,0.0
YLL006W,0.1111111111111111,0.5062715062715062,4.777777777777778,6.388888888888889,9,0,1.5062715062715062
YLL023C,0.13043478260869565,1.8298391137270928,33.37500000000001,56.7,24,0,2.829839113727093
YLL061W,0.08571428571428572,0.4534474662410498,11.166666666666666,16.10959595959596,15,0,1.45344746624105
YLR378C,0.07272727272727272,0.15292325321737088,9.75,6.133333333333334,11,1,1.152923253217371
YML123C,0.06878306878306878,1.1925663216709075,78.83333333333333,46.70833333333333,28,0,2.1925663216709075
YMR274C,1.0,0.04807692307692308,2.9166666666666665,1.2,2,0,1.0480769230769231
YNL101W,0.3076923076923077,4.873113560517694,211.3083333333333,199.3571428571429,27,0,5.873113560517694
YNL275W,0.0,0.0,0.0,0.0,2,0,0.0
YNL321W,0.16666666666666666,0.04294871794871795,2.9166666666666665,0.0,4,0,1.042948717948718
YNR013C,0.2,0.10294871794871795,3.9166666666666665,2.128571428571429,5,0,1.1029487179487178
YNR055C,0.3333333333333333,0.040865384615384616,5.833333333333333,0.0,3,0,1.0408653846153846
YPL189W,0.0,0.0,0.0,0.0,5,0,0.0
YPL274W,0.24242424242424243,2.9575465062898223,57.5,81.7,22,0,3.9575465062898223
YPR124W,0.022222222222222223,0.12072649572649571,5.833333333333333,0.0,10,1,0.30479729218667273
YPR194C,0.14285714285714285,0.10078421578421579,15.0,4.1,7,0,1.1007842157842158
YBR107C,0.027777777777777776,0.15064102564102563,2.0,0.8333333333333334,9,0,1.1506410256410255
YBR211C,0.047619047619047616,0.19696969696969696,0.0,7.142857142857143,7,1,1.196969696969697
YDR254W,0.0,0.0,0.0,0.0,3,0,0.0
YDR318W,0.0038461538461538464,0.15384615384615385,5.916666666666666,4.0,40,0,1.1538461538461537
YJR135C,0.0,0.0,0.0,0.0,2,1,0.0
YPL018W,0.1111111111111111,0.8012820512820513,7.5,4.933333333333334,9,0,1.8012820512820513
YGR136W,0.020390070921985817,0.7827187968274848,45.5,101.0,48,0,1.782718796827485
YBR213W,0.0,0.0,0.0,0.0,2,0,0.0
YBR229C,0.0,0.0,0.0,0.0,2,0,0.0
YDR231C,0.0,0.0,0.0,0.0,1,1,0.0
YDR292C,0.0,0.0,0.0,0.0,3,1,0.0
YDR356W,0.175,2.029276122588962,13.904166666666669,50.07449494949496,16,1,3.029276122588962
YER023W,0.10714285714285714,0.10472803828141233,0.0,9.0,8,1,1.1047280382814124
YFL003C,0.0,0.0,0.0,0.0,3,0,0.0
YFL010W-A,0.0,0.0,0.0,0.0,1,0,0.0
YFR054C,0.0,0.0,0.0,0.0,2,0,0.0
YGL043W,0.0,0.0,0.0,0.0,3,0,0.0
YGL063W,0.0,0.0,0.0,0.0,3,0,0.0
YGL141W,0.0,0.0,0.0,0.0,2,0,0.0
YGL229C,0.08333333333333333,0.8618888854867284,0.0,24.0,16,0,1.8618888854867284
YGR034W,0.0,0.0,0.0,0.0,2,0,0.0
YGR050C,0.0,0.0,0.0,0.0,1,0,0.0
YGR144W,0.047619047619047616,0.021600315333070556,2.0,1.4285714285714286,7,0,1.0216003153330706
YGR253C,0.14285714285714285,0.36776766655431975,4.0,8.733333333333334,8,1,1.3677676665543197
YHR028C,0.0,0.0,0.0,0.0,1,0,0.0
YHR179W,0.0735930735930736,0.46861704778384383,0.0,117.33333333333331,22,0,1.4686170477838438
YIL021W,0.1753846153846154,3.611326699118496,80.0,149.0952380952381,26,1,4.6113266991184965
YJR073C,0.0,0.0,0.0,0.0,2,0,0.0
YKL067W,0.10714285714285714,0.10890461782724646,2.0,1.4444444444444444,8,0,1.1089046178272464
YKL175W,0.0,0.0,0.0,0.0,4,0,0.0
YKL182W,0.03260869565217391,0.33999581461525,0.0,13.633333333333333,24,1,1.33999581461525
YKR025W,0.6666666666666666,1.5565247252747252,16.5,16.0,6,1,2.556524725274725
YLL050C,0.09666666666666666,1.1891379553962227,42.291666666666664,50.23416415455889,25,1,2.1891379553962227
YLL051C,0.0,0.0,0.0,0.0,3,0,0.0
YLR433C,0.029239766081871343,0.2453813617711667,0.0,2.122549019607843,19,0,1.2453813617711667
YLR443W,0.0,0.0,0.0,0.0,2,0,0.0
YML094C-A,0.0,0.0,0.0,0.0,1,0,0.0
YMR111C,0.0,0.0,0.0,0.0,1,0,0.0
YMR200W,0.0,0.0,0.0,0.0,4,1,0.0
YMR250W,0.0,0.0,0.0,0.0,2,0,0.0
YNL066W,0.0,0.0,0.0,0.0,4,0,0.0
YNL079C,0.3333333333333333,0.020048192771084338,4.5,6.833333333333333,3,0,1.0200481927710843
YNL202W,0.0,0.0,0.0,0.0,3,0,0.0
YNL281W,0.0,0.0,0.0,0.0,6,0,0.0
YNR035C,0.2727272727272727,2.2757359307359306,19.0,16.712987012987014,12,1,3.2757359307359306
YOR029W,0.0,0.0,0.0,0.0,2,0,0.0
YOR035C,0.1,0.05750273822562979,4.5,4.4,5,0,1.05750273822563
YOR326W,0.05533596837944664,0.9944504690318345,52.83333333333333,20.723376623376623,23,1,1.9944504690318345
YPL242C,0.03636363636363636,0.04319970792259949,10.5,5.503987240829346,11,1,1.0431997079225994
YBR109W-A,0.0,0.0,0.0,0.0,1,0,0.0
YGR105W,0.3333333333333333,0.051250000000000004,1.0,2.0,3,0,1.05125
YBR111W-A,1.0,1.7815040650406504,1.3333333333333333,2.1022727272727275,4,0,2.78150406504065
YPL047W,1.0,1.7815040650406504,27.333333333333332,4.125,4,0,2.78150406504065
YBR112C,0.05454545454545454,0.4101449275362319,5.0,4.790909090909091,11,1,1.4101449275362319
YCR096C,0.14285714285714285,0.5570294784580498,5.0,2.192513368983957,7,1,1.5570294784580498
YDR043C,0.0,0.0,0.0,0.0,2,0,0.0
YGL162W,0.0,0.0,0.0,0.0,2,0,0.0
YMR240C,0.16666666666666666,3.165994496135337,67.83333333333333,62.39430014430014,24,1,4.165994496135337
YNL167C,0.3333333333333333,0.15000000000000002,2.0,2.8,3,0,1.15
YPL181W,0.2,1.1724123588829471,16.0,19.958333333333336,10,0,2.172412358882947
YBR113W,0.0,0.0,0.0,0.0,1,0,0.0
YCR028C-A,0.2,0.3965367965367965,7.0,2.5,6,0,1.3965367965367965
YDR453C,0.0,0.0,0.0,0.0,9,0,0.0
YFL018C,0.01870748299319728,0.7832894737275288,100.91666666666666,25.714072039072047,49,0,1.7832894737275287
YGR193C,0.13333333333333333,0.35212981744421906,5.0,2.25,6,0,1.3521298174442191
YJR052W,0.16363636363636364,0.6590045210233548,0.0,19.982142857142858,11,0,1.6590045210233548
YKL112W,0.6,0.2583333333333333,0.0,5.055555555555555,5,1,1.2583333333333333
YMR190C,0.13333333333333333,0.3238095238095238,0.6666666666666666,0.0,6,0,0.7355742296918768
YMR201C,0.11764705882352941,1.0428605471569745,37.5,34.2,17,0,2.0428605471569745
YMR226C,0.030303030303030304,0.04587599254136174,4.666666666666667,39.0,12,0,1.0458759925413617
YMR315W,0.0,0.0,0.0,0.0,3,0,0.0
YOL097C,0.0,0.0,0.0,0.0,1,1,0.0
YOR332W,0.15833333333333333,1.9865787637507282,20.500000000000004,41.333333333333336,16,0,2.986578763750728
YPL154C,0.0,0.0,0.0,0.0,4,0,0.0
YGL154C,0.0,0.0,0.0,0.0,4,0,0.0
YBR116C,0.0,0.0,0.0,0.0,2,0,0.0
YBR117C,0.0,0.0,0.0,0.0,3,0,0.0
YPR074C,0.0,0.0,0.0,0.0,3,0,0.0
YCR094W,0.0,0.0,0.0,0.0,5,0,0.0
YDL220C,0.04678362573099415,0.3922828305666941,37.0,21.333333333333336,19,1,1.392282830566694
YDR522C,1.0,0.022115384615384617,0.0,7.46969696969697,2,0,1.0221153846153845
YFL014W,0.0,0.0,0.0,0.0,4,0,0.0
YGR173W,0.0,0.0,0.0,0.0,13,0,0.0
YGR280C,0.03571428571428571,0.04365079365079365,0.0,0.0,8,1,0.8618326118326118
YHR014W,0.07142857142857142,0.05247324116802482,0.0,16.133333333333333,8,1,1.0524732411680249
YHR111W,0.16666666666666666,0.01575035394053799,0.0,3.633333333333333,4,0,1.015750353940538
YHR188C,0.06315789473684211,0.5566612230974031,17.166666666666668,73.66666666666666,20,1,1.556661223097403
YKL021C,0.38095238095238093,0.2838812579582774,6.777777777777777,13.864775575301891,7,1,1.2838812579582775
YKL166C,0.10541310541310542,1.609383541711535,0.0,84.95963203463207,27,1,2.609383541711535
YLR024C,0.0,0.0,0.0,0.0,3,0,0.0
YLR216C,0.07142857142857142,0.9764404709362973,121.83333333333333,83.86666666666666,28,0,1.9764404709362973
YLR262C,0.0784313725490196,1.0608344176724849,12.722222222222223,18.056277056277057,18,0,2.060834417672485
YLR306W,0.047619047619047616,0.021380090497737557,0.0,3.0416666666666665,7,0,1.0213800904977375
YMR022W,0.06593406593406594,0.36330348212952335,1.0,9.476190476190476,14,0,1.3633034821295233
YNL271C,0.12631578947368421,0.9616578462970373,11.888888888888891,111.94944178628388,20,0,1.9616578462970373
YOL128C,0.016666666666666666,0.20187074829931972,0.0,0.4,16,0,1.2018707482993198
YOR339C,0.0,0.0,0.0,0.0,4,0,0.0
YPL048W,0.0,0.0,0.0,0.0,1,0,0.0
YPL236C,0.0,0.0,0.0,0.0,3,0,0.0
YPR017C,0.05714285714285714,0.3357050009345988,0.0,27.0,15,0,1.3357050009345988
YBR119W,0.27450980392156865,3.833282236339512,144.16666666666666,55.25,18,0,4.833282236339512
YDR110W,0.05454545454545454,0.32976827094474154,1.5,4.083333333333333,11,0,1.3297682709447416
YDR235W,0.3787878787878788,2.3450105106451855,111.5,48.0,12,1,3.3450105106451855
YDR240C,0.6666666666666666,2.72115194847976,92.66666666666666,33.6,10,1,3.72115194847976
YGR013W,0.48366013071895425,6.60071801655965,98.33333333333334,44.08174603174603,18,1,7.60071801655965
YHR086W,0.27705627705627706,5.082312872765749,118.83333333333333,48.513888888888886,22,1,6.082312872765749
YKL012W,0.32967032967032966,2.6179240650989875,104.0,18.0,14,1,3.6179240650989875
YLR223C,0.06666666666666667,0.08120300751879699,0.0,11.5,6,1,1.081203007518797
YLR298C,0.6263736263736264,5.74146443474415,156.0,32.32222222222222,14,1,6.74146443474415
YLR449W,0.2,0.47621113290060857,24.333333333333332,14.047619047619047,11,0,1.4762111329006085
YML016C,0.043478260869565216,0.7793668994118959,0.0,15.15277777777778,23,0,1.7793668994118959
YML046W,0.3181818181818182,2.063956645798078,52.0,21.75,12,1,3.063956645798078
YNL227C,0.1,0.10096153846153846,0.0,2.446428571428571,5,0,1.1009615384615385
YNL277W,0.0,0.0,0.0,0.0,3,0,0.0
YPL178W,0.21428571428571427,3.267346671676043,60.72222222222223,82.25,21,0,4.267346671676043
YJR082C,0.0,0.0,0.0,0.0,17,0,0.0
YBR122C,0.0,0.0,0.0,0.0,5,0,0.0
YDR362C,0.0,0.0,0.0,0.0,3,1,0.0
YGR047C,0.10714285714285714,0.8392857142857142,4.0,0.0,8,1,0.9669452887537993
YGR246C,0.3,0.8563492063492064,4.0,1.7,5,1,1.8563492063492064
YPL007C,0.0,0.0,0.0,0.0,1,1,0.0
YBR124W,0.0,0.0,0.0,0.0,1,1,0.0
YBR125C,0.047619047619047616,0.19523809523809524,0.0,2.5,7,0,1.1952380952380952
YDR186C,0.0,0.0,0.0,0.0,1,0,0.0
YBR265W,0.0,0.0,0.0,0.0,3,1,0.0
YDR028C,0.42857142857142855,0.5402084795586717,47.25,10.460317460317462,8,0,1.5402084795586717
YFL033C,0.10989010989010989,0.40839628535047867,13.166666666666668,14.725,14,0,1.4083962853504786
YIL177C,0.0,0.0,0.0,0.0,1,0,0.0
YIR032C,0.0,0.0,0.0,0.0,1,0,0.0
YLR411W,0.0,0.0,0.0,0.0,4,0,0.0
YML100W,0.2,0.24206349206349206,2.0,1.2,5,0,1.242063492063492
YMR251W,0.0,0.0,0.0,0.0,1,0,0.0
YMR261C,1.0,0.17857142857142855,2.0,0.0,2,0,1.1785714285714286
YOR089C,0.034274193548387094,0.8294604895499433,26.58333333333333,33.221428571428575,32,0,1.8294604895499433
YPR035W,0.0,0.0,0.0,0.0,1,1,0.0
YBR203W,0.03571428571428571,0.023013078470824948,0.0,28.0,8,0,1.023013078470825
YDR092W,0.016666666666666666,0.21754385964912282,0.0,0.0,16,0,0.29415676287492926
YDR138W,0.08088235294117647,0.9155737974963222,48.33333333333333,5.050757575757576,17,0,1.915573797496322
YDR202C,0.8,1.3418242941130267,13.5,49.0,6,0,2.3418242941130267
YGR188C,0.022222222222222223,0.04522357723577236,9.333333333333334,9.0,10,0,1.0452235772357723
YHR039C-A,0.3333333333333333,0.9129120879120879,0.0,9.517316017316018,7,0,1.9129120879120878
YJR033C,0.42857142857142855,1.3418242941130267,19.333333333333332,31.889126559714796,8,0,2.3418242941130267
YKL080W,0.19444444444444445,0.49583568083338536,0.0,48.0,9,0,1.4958356808333853
YMR054W,0.1523809523809524,1.621726133428261,1.3333333333333333,24.83333333333333,15,0,2.621726133428261
YMR093W,0.15833333333333333,1.0611114626259688,25.833333333333336,26.266666666666666,16,1,2.061111462625969
YOR270C,0.2564102564102564,2.243048191984362,2.0,25.33257575757576,13,0,3.243048191984362
YBR128C,0.0,0.0,0.0,0.0,5,0,0.0
YDR162C,0.018461538461538463,0.36295018542290686,18.666666666666668,13.899080086580089,26,0,1.362950185422907
YPL120W,0.0,0.0,0.0,0.0,4,0,0.0
YBR129C,0.0,0.0,0.0,0.0,2,0,0.0
YJL071W,0.0,0.0,0.0,0.0,2,0,0.0
YLR092W,0.0,0.0,0.0,0.0,2,0,0.0
YBR131W,0.0,0.0,0.0,0.0,3,0,0.0
YGL124C,0.13333333333333333,0.5888888888888888,3.5,0.0,6,0,0.8153039832285115
YML001W,0.1111111111111111,0.4181483119563615,35.25,3.623015873015873,9,0,1.4181483119563616
YBR132C,0.06666666666666667,0.020413620966304155,2.0,0.7142857142857143,6,0,1.0204136209663042
YDL154W,0.027777777777777776,0.25,0.0,0.5555555555555556,9,0,1.25
YER087W,0.0,0.0,0.0,0.0,3,0,0.0
YGL187C,0.0,0.0,0.0,0.0,4,0,0.0
YKL101W,0.10714285714285714,0.25437144554791613,18.333333333333332,6.0,8,1,1.2543714455479162
YBR134W,0.0,0.0,0.0,0.0,1,0,0.0
YBR252W,0.1,0.037384969325153374,0.0,2.833333333333333,5,1,1.0373849693251533
YBR295W,0.0,0.0,0.0,0.0,4,0,0.0
YDR078C,0.1,0.41666666666666663,2.0,2.5,5,0,1.4166666666666665
YDR170W-A,0.0,0.0,0.0,0.0,2,0,0.0
YER138C,0.0,0.0,0.0,0.0,7,0,0.0
YGR108W,0.3,0.2495746054098457,0.0,23.0,5,0,1.2495746054098458
YGR109C,0.32142857142857145,0.7235682573211177,0.0,50.061471861471865,8,0,1.7235682573211177
YKR091W,0.3333333333333333,0.38558352402745993,0.0,47.66666666666667,4,0,1.3855835240274599
YLR079W,0.18681318681318682,1.340962167409697,7.416666666666666,122.3,14,0,2.340962167409697
YLR210W,0.3,0.2495746054098457,0.0,28.73333333333333,5,0,1.2495746054098458
YLR226W,0.16666666666666666,0.11722488038277512,9.333333333333334,1.125,4,0,1.1172248803827751
YMR199W,0.09523809523809523,0.5080030884774989,0.0,74.5,15,0,1.5080030884774989
YCR004C,0.16666666666666666,0.10185185185185185,0.6666666666666666,2.5,4,0,1.1018518518518519
YDR499W,0.041666666666666664,0.3548561703647179,4.0,4.8,16,1,1.354856170364718
YJL090C,0.06060606060606061,0.24638911545679404,24.166666666666668,7.866666666666666,12,1,1.246389115456794
YBR137W,0.06666666666666667,0.011273679346989064,7.583333333333333,10.0,6,0,1.011273679346989
YKR083C,0.13333333333333333,0.5269230769230769,3.0,3.333333333333334,6,1,1.5269230769230768
YOR007C,0.0,0.0,0.0,0.0,6,0,0.0
YBR138C,0.0,0.0,0.0,0.0,3,0,0.0
YBR139W,0.3333333333333333,0.1807511737089202,0.0,17.0,3,0,1.1807511737089202
YBR280C,0.3333333333333333,0.4560569474293611,0.0,28.360294117647054,7,0,1.456056947429361
YOR381W,0.0,0.0,0.0,0.0,2,0,0.0
YBR140C,0.5,0.5377684407096172,25.833333333333332,4.652777777777778,5,1,1.537768440709617
YBR141C,0.0,0.0,0.0,0.0,3,0,0.0
YGL091C,0.0,0.0,0.0,0.0,2,1,0.0
YBR142W,0.2391304347826087,3.940940846272217,33.666666666666664,126.0,24,1,4.940940846272217
YDR170C,0.03133903133903134,0.6329114608021129,22.21111111111111,3.5576923076923075,27,1,1.632911460802113
YGL111W,0.45098039215686275,4.000625951800868,42.666666666666664,127.33333333333334,18,1,5.000625951800868
YHR052W,0.20317460317460317,5.765581911415593,103.5,114.67896825396826,36,1,6.765581911415593
YHR066W,0.2942528735632184,6.796267178992095,59.166666666666664,87.67774170274171,30,0,7.796267178992095
YKL014C,0.23636363636363636,0.7814439670117095,9.0,11.389928698752229,11,1,1.7814439670117095
YLR398C,0.3333333333333333,0.31266968325791855,16.666666666666668,5.5,4,0,1.3126696832579186
YMR163C,0.0,0.0,0.0,0.0,3,0,0.0
YNL002C,0.43333333333333335,3.067905010756487,49.583333333333336,30.42748917748918,16,1,4.067905010756487
YOR272W,0.21921182266009853,4.322203238694458,44.5,44.25079365079365,29,1,5.322203238694458
YPL141C,0.16911764705882354,1.5613151303318822,28.333333333333336,15.105158730158731,17,0,2.561315130331882
YIL129C,0.0,0.0,0.0,0.0,4,1,0.0
YLR386W,0.005847953216374269,0.0707070707070707,4.666666666666667,0.0,19,0,0.15341383762436395
YMR080C,0.03676470588235294,0.4449126853538618,8.916666666666668,0.0,17,0,0.5275462156905212
YBR144C,0.0,0.0,0.0,0.0,2,0,0.0
YBR145W,0.0,0.0,0.0,0.0,3,0,0.0
YBR146W,0.5,0.2319327731092437,3.0,5.0,4,0,1.2319327731092438
YDL211C,0.0,0.0,0.0,0.0,1,0,0.0
YDL030W,0.07971014492753623,1.6323944863746653,25.0,13.208333333333334,24,1,2.6323944863746656
YDL098C,0.42857142857142855,1.0506715506715507,14.0,11.666666666666666,7,1,2.0506715506715505
YER029C,0.18972332015810275,3.1746077225601397,71.0,73.41666666666667,23,1,4.17460772256014
YGR075C,0.8333333333333334,0.7741147741147741,9.5,8.666666666666666,4,1,1.774114774114774
YOR308C,0.24166666666666667,1.9073770928840588,48.0,13.333333333333334,16,0,2.907377092884059
YBR154C,0.33986928104575165,3.954327217816579,69.0,79.87579365079365,18,1,4.954327217816579
YDL140C,0.08527131782945736,3.4525662754020123,101.5,136.71600175187132,43,1,4.452566275402012
YDR404C,0.40441176470588236,4.437053359801532,44.5,99.25119047619046,17,1,5.437053359801532
YER071C,0.0,0.0,0.0,0.0,11,0,0.0
YFL023W,0.0,0.0,0.0,0.0,5,1,0.0
YKL144C,0.3047619047619048,3.3574165796384725,52.5,26.416666666666664,15,1,4.357416579638473
YLR384C,0.2948717948717949,2.921750356443723,15.5,23.17142857142857,13,0,3.921750356443723
YOR224C,0.36666666666666664,3.676883025491358,65.5,77.54761904761904,16,1,4.6768830254913585
YOR341W,0.16666666666666666,2.5024408386685346,78.26666666666667,50.1968253968254,24,1,3.5024408386685346
YPL203W,0.08350951374207188,3.377987790511653,0.0,91.07388167388169,44,1,4.3779877905116535
YDR463W,0.5,0.07827402458555716,2.066666666666667,5.598529411764705,4,0,1.078274024585557
YGR187C,0.1,0.07501280081925243,0.0,0.0,5,0,1.0750128008192523
YGR234W,0.015151515151515152,0.07392473118279569,4.5,3.2,12,0,1.0739247311827957
YJR032W,0.3,0.47774678632064027,0.0,2.9846153846153847,5,0,1.4777467863206404
YBR156C,1.0,0.49444444444444446,3.0,3.0,3,0,1.4944444444444445
YGR113W,0.06666666666666667,0.9202147752414873,9.5625,10.642857142857142,16,1,1.9202147752414873
YBR157C,0.0,0.0,0.0,0.0,1,0,0.0
YBR158W,0.16666666666666666,0.19090909090909092,1.0,2.1984126984126986,4,1,1.190909090909091
YDR111C,0.0,0.0,0.0,0.0,2,0,0.0
YGR163W,0.03571428571428571,0.2857142857142857,2.0,2.230769230769231,8,0,1.2857142857142856
YCR011C,0.1,0.03857142857142857,2.9166666666666665,0.0,5,0,1.0385714285714285
YCR024C-A,0.2761904761904762,1.6133530528827218,69.83333333333333,42.3,15,0,2.613353052882722
YDL210W,0.12727272727272726,0.35743778148136507,16.666666666666668,16.75,11,0,1.357437781481365
YFL062W,0.047619047619047616,0.5025390918417167,21.333333333333332,15.81363636363636,21,0,1.5025390918417167
YGR191W,0.13636363636363635,0.4484517650371309,5.5,0.0,12,1,0.7525282499459276
YGR295C,0.041666666666666664,0.24316318730737446,21.666666666666664,80.0,16,0,1.2431631873073745
YIL005W,0.2,0.16961731116008816,4.5,2.1666666666666665,5,0,1.169617311160088
YIR022W,0.2857142857142857,0.4165348377113084,13.25,12.06212121212121,8,1,1.4165348377113083
YJL222W,0.07142857142857142,0.056885318071758756,3.0,5.233333333333333,8,0,1.0568853180717588
YJR161C,0.6666666666666666,0.4258730158730159,5.0,0.0,3,0,1.425873015873016
YKL008C,0.3076923076923077,4.95805165290564,219.66666666666669,121.4404761904762,27,0,5.95805165290564
YLL043W,0.06666666666666667,0.09333333333333332,5.833333333333333,2.05,6,0,1.0933333333333333
YLR004C,0.5714285714285714,0.5961403518040218,16.97222222222222,36.0,7,0,1.5961403518040218
YLR056W,0.044444444444444446,0.09564102564102564,6.666666666666667,7.133333333333333,10,0,1.0956410256410256
YLR080W,0.06666666666666667,0.1211111111111111,1.9444444444444444,2.0,6,0,1.1211111111111112
YNL279W,0.13333333333333333,0.15333333333333332,4.25,6.5,6,0,1.1533333333333333
YNR070W,0.0,0.0,0.0,0.0,2,0,0.0
YPR003C,0.1,0.1211111111111111,2.9166666666666665,5.0,5,0,1.1211111111111112
YCL051W,0.0,0.0,0.0,0.0,4,0,0.0
YCR065W,0.0,0.0,0.0,0.0,2,0,0.0
YDL089W,0.047619047619047616,0.14957264957264957,2.9166666666666665,0.0,7,1,0.46793999651142504
YDL106C,0.16666666666666666,0.059941520467836254,0.0,7.333333333333333,4,0,1.0599415204678362
YDL189W,0.0,0.0,0.0,0.0,2,0,0.0
YDR001C,0.16666666666666666,0.024489795918367346,0.0,0.0,4,0,1.0244897959183674
YDR027C,0.25,1.6348039215686274,7.8125,7.407467532467532,8,0,2.6348039215686274
YDR093W,0.0,0.0,0.0,0.0,2,0,0.0
YDR113C,0.09090909090909091,0.18968431537456565,17.375,14.6,12,1,1.1896843153745658
YDR123C,0.0,0.0,0.0,0.0,3,1,0.0
YDR217C,0.12121212121212122,0.29570249665574605,11.0,23.133333333333333,12,0,1.295702496655746
YDR223W,0.0,0.0,0.0,0.0,1,0,0.0
YDR285W,0.1,0.17105263157894735,0.0,13.825,5,0,1.1710526315789473
YDR389W,0.1,0.007970194302961704,0.0,0.0,5,1,1.0079701943029618
YDR439W,0.25,0.44203570133916714,24.177777777777777,37.721428571428575,9,0,1.4420357013391671
YDR501W,0.0,0.0,0.0,0.0,1,0,0.0
YEL065W,0.0,0.0,0.0,0.0,1,0,0.0
YER129W,0.16666666666666666,1.1899178056679065,61.66666666666667,21.34448051948052,16,0,2.1899178056679065
YFL029C,0.0,0.0,0.0,0.0,5,1,0.0
YFR015C,0.13333333333333333,1.428834640403016,0.0,10.833333333333334,16,0,2.428834640403016
YFR027W,0.1,0.30952380952380953,4.0,2.355555555555556,5,1,1.3095238095238095
YFR046C,0.0,0.0,0.0,0.0,3,0,0.0
YGL003C,0.11462450592885376,1.0590648571676586,38.6,96.61190476190474,23,1,2.059064857167659
YGL075C,0.06666666666666667,0.08130904183535763,0.0,16.944444444444443,6,1,1.0813090418353577
YGL116W,0.06666666666666667,0.5192574840601601,4.0,88.65,21,1,1.51925748406016
YGL216W,0.0,0.0,0.0,0.0,4,0,0.0
YGL235W,0.0,0.0,0.0,0.0,1,0,0.0
YGR035C,0.1,0.0337055417700579,0.0,2.033333333333333,5,0,1.0337055417700578
YGR186W,0.3111111111111111,1.0892518198731214,24.0,48.58654678654679,10,1,2.0892518198731214
YGR238C,0.6071428571428571,1.2200557964357708,0.0,64.90476190476191,8,0,2.220055796435771
YGR270W,0.1,0.07581453634085213,0.0,6.751515151515151,5,0,1.0758145363408522
YHL022C,0.0,0.0,0.0,0.0,3,0,0.0
YHL035C,0.0,0.0,0.0,0.0,5,0,0.0
YHL050C,0.0,0.0,0.0,0.0,1,0,0.0
YHR149C,0.1,0.09696969696969697,0.0,3.1666666666666665,5,0,1.096969696969697
YHR159W,0.0,0.0,0.0,0.0,2,0,0.0
YIL031W,0.0,0.0,0.0,0.0,2,1,0.0
YIL050W,0.10714285714285714,0.47217307975821904,15.833333333333334,16.560606060606062,8,0,1.472173079758219
YIL101C,0.0,0.0,0.0,0.0,1,0,0.0
YIL122W,0.0,0.0,0.0,0.0,3,0,0.0
YIL131C,0.06417112299465241,1.4623159172547369,6.5,134.35196324143692,34,0,2.462315917254737
YIL140W,0.0,0.0,0.0,0.0,4,0,0.0
YIR031C,0.0,0.0,0.0,0.0,1,0,0.0
YJL060W,0.0,0.0,0.0,0.0,2,0,0.0
YJL084C,0.047619047619047616,0.059941520467836254,0.0,16.560606060606062,7,0,1.0599415204678362
YJR054W,0.0,0.0,0.0,0.0,2,0,0.0
YJR083C,0.06060606060606061,0.10872532707148891,0.0,0.0,12,0,0.666148902962054
YJR092W,0.4,0.3807677226893873,0.0,0.0,5,0,1.3807677226893873
YKL043W,0.0,0.0,0.0,0.0,2,0,0.0
YKL048C,0.05555555555555555,0.16447368421052633,0.0,5.923076923076923,9,0,1.1644736842105263
YKL116C,0.0,0.0,0.0,0.0,5,0,0.0
YKL185W,0.0,0.0,0.0,0.0,1,0,0.0
YKR077W,1.0,0.046052631578947366,0.0,74.0,2,0,1.0460526315789473
YKR078W,0.0,0.0,0.0,0.0,1,0,0.0
YKR089C,0.0,0.0,0.0,0.0,2,0,0.0
YKR090W,0.0,0.0,0.0,0.0,3,0,0.0
YLL003W,0.3333333333333333,0.17316017316017315,0.0,0.0,3,1,1.173160173160173
YLR006C,0.18181818181818182,0.8768778399099422,35.833333333333336,9.24937343358396,12,0,1.8768778399099422
YLR086W,0.05555555555555555,0.18795454545454546,2.0,1.0,9,1,1.1879545454545455
YLR131C,0.1111111111111111,0.177709187022156,0.0,9.534632034632034,9,0,1.177709187022156
YLR183C,0.0,0.0,0.0,0.0,3,0,0.0
YLR187W,0.0,0.0,0.0,0.0,3,0,0.0
YLR190W,0.26666666666666666,0.444813012924468,2.6666666666666665,35.0,6,0,1.444813012924468
YLR219W,0.0,0.0,0.0,0.0,3,0,0.0
YLR278C,0.0,0.0,0.0,0.0,1,0,0.0
YLR319C,0.16666666666666666,0.48703766769865836,0.0,8.968939393939394,9,0,1.4870376676986583
YLR394W,0.09523809523809523,0.462719298245614,0.0,16.599999999999998,7,0,1.4627192982456139
YLR401C,0.0,0.0,0.0,0.0,2,0,0.0
YLR457C,0.0,0.0,0.0,0.0,7,1,0.0
YML027W,0.0,0.0,0.0,0.0,2,0,0.0
YML034W,0.0,0.0,0.0,0.0,4,0,0.0
YML119W,0.0,0.0,0.0,0.0,3,0,0.0
YMR005W,0.19047619047619047,0.4935997910135841,6.5,6.0,7,1,1.493599791013584
YMR129W,0.3,0.5816498316498316,4.0,6.571428571428571,5,0,1.5816498316498318
YNL042W,0.2,0.08639021796916534,0.0,241.0,6,0,1.0863902179691654
YNL058C,0.16666666666666666,0.019537480063795853,0.0,11.090909090909092,4,0,1.019537480063796
YNL257C,0.0,0.0,0.0,0.0,2,0,0.0
YNL278W,0.0,0.0,0.0,0.0,2,0,0.0
YNL298W,0.11688311688311688,1.6312851711919998,0.0,65.45687645687647,22,0,2.631285171192
YNL309W,0.3333333333333333,0.3837719298245614,0.0,30.416666666666668,4,0,1.3837719298245614
YNL339C,0.0,0.0,0.0,0.0,1,0,0.0
YNR047W,0.05454545454545454,0.13854793050581043,1.5,14.90530303030303,11,0,1.1385479305058104
YOL058W,0.0,0.0,0.0,0.0,3,0,0.0
YOR001W,0.4222222222222222,2.29755022868908,37.5,19.80869963369964,10,0,3.29755022868908
YOR037W,0.0,0.0,0.0,0.0,7,0,0.0
YOR058C,0.0,0.0,0.0,0.0,2,0,0.0
YOR066W,0.3333333333333333,0.046052631578947366,0.0,18.5,3,0,1.0460526315789473
YOR075W,0.10714285714285714,0.6369047619047619,7.0,5.0,8,1,1.6369047619047619
YOR081C,0.3333333333333333,0.0356359649122807,0.0,12.166666666666666,3,0,1.0356359649122806
YOR083W,0.0,0.0,0.0,0.0,5,0,0.0
YOR104W,0.0,0.0,0.0,0.0,3,0,0.0
YOR177C,0.0,0.0,0.0,0.0,8,0,0.0
YOR188W,0.16666666666666666,0.05701754385964912,0.0,66.0,4,0,1.0570175438596492
YOR195W,0.1,0.19090909090909092,3.111111111111111,2.0,5,0,1.190909090909091
YOR315W,0.0,0.0,0.0,0.0,7,0,0.0
YOR372C,0.3333333333333333,0.0356359649122807,0.0,24.33333333333333,3,1,1.0356359649122806
YPL155C,0.16666666666666666,0.24347826086956523,5.833333333333333,0.5,4,0,1.2434782608695651
YPL250C,0.0,0.0,0.0,0.0,1,0,0.0
YPL255W,0.06593406593406594,0.40284119978424426,3.0,62.0,14,1,1.4028411997842443
YPL267W,0.3333333333333333,0.0356359649122807,0.0,18.25,3,0,1.0356359649122806
YPR018W,0.10606060606060606,0.777204030643099,25.833333333333332,25.366666666666667,12,0,1.777204030643099
YPR141C,0.1388888888888889,0.6340458937198067,7.111111111111112,1.9,9,0,1.6340458937198066
YPR174C,0.0,0.0,0.0,0.0,4,0,0.0
YEL042W,0.0,0.0,0.0,0.0,7,0,0.0
YBR192W,0.0,0.0,0.0,0.0,3,1,0.0
YDR238C,0.30303030303030304,1.5897202797202796,23.708333333333336,25.83333333333333,12,1,2.5897202797202796
YER086W,0.038461538461538464,0.10450170396978907,19.833333333333336,1.25,13,0,1.104501703969789
YGR249W,0.0,0.0,0.0,0.0,10,0,0.0
YNL217W,0.0,0.0,0.0,0.0,7,0,0.0
YPR155C,0.0,0.0,0.0,0.0,2,0,0.0
YBR162W-A,0.0,0.0,0.0,0.0,3,0,0.0
YIL027C,0.0,0.0,0.0,0.0,1,0,0.0
YML108W,0.0,0.0,0.0,0.0,3,0,0.0
YBR163W,0.0,0.0,0.0,0.0,1,0,0.0
YBR166C,0.0,0.0,0.0,0.0,2,0,0.0
YBR257W,0.0,0.0,0.0,0.0,1,1,0.0
YGR030C,0.0,0.0,0.0,0.0,1,1,0.0
YHR062C,0.0,0.0,0.0,0.0,2,1,0.0
YNL221C,0.0,0.0,0.0,0.0,3,1,0.0
YNL282W,0.0,0.0,0.0,0.0,3,1,0.0
YBR168W,0.0,0.0,0.0,0.0,1,1,0.0
YBR170C,0.13333333333333333,0.2468090328915071,0.8,5.222222222222222,6,0,1.2468090328915071
YGR048W,0.07142857142857142,0.3515791196203567,0.0,3.272727272727273,8,1,1.3515791196203568
YBR171W,0.10909090909090909,0.5720435635269702,14.5,8.733333333333334,11,0,1.5720435635269703
YCL057W,0.0,0.0,0.0,0.0,1,0,0.0
YER053C,0.0,0.0,0.0,0.0,3,0,0.0
YBR172C,0.3333333333333333,0.16666666666666666,0.0,0.0,3,0,1.1666666666666667
YBR173C,0.16666666666666666,0.09347826086956522,0.0,2.033333333333333,4,0,1.0934782608695652
YGL011C,0.28095238095238095,4.490512121239632,17.5,71.35,21,1,5.490512121239632
YBR174C,0.0,0.0,0.0,0.0,1,0,0.0
YHR177W,0.0,0.0,0.0,0.0,3,0,0.0
YIL160C,0.3333333333333333,0.48290598290598286,2.388888888888889,3.333333333333333,4,0,1.482905982905983
YLR403W,0.03636363636363636,0.0704753511410359,1.5,8.0,11,1,1.0704753511410359
YPL029W,0.0,0.0,0.0,0.0,2,0,0.0
YBR176W,0.14285714285714285,0.10472803828141233,0.0,12.0,7,0,1.1047280382814124
YBR177C,0.0,0.0,0.0,0.0,1,0,0.0
YBR178W,0.0,0.0,0.0,0.0,1,0,0.0
YHR122W,0.0,0.0,0.0,0.0,6,1,0.0
YBR179C,0.0,0.0,0.0,0.0,2,0,0.0
YBR180W,0.0,0.0,0.0,0.0,2,0,0.0
YBR182C,0.0,0.0,0.0,0.0,1,0,0.0
YDR039C,0.0,0.0,0.0,0.0,2,0,0.0
YDR506C,0.0,0.0,0.0,0.0,5,0,0.0
YER087C-B,0.0,0.0,0.0,0.0,2,0,0.0
YFL041W,0.16911764705882354,1.183352351416615,40.25,35.0,17,0,2.183352351416615
YBR184W,0.0,0.0,0.0,0.0,3,0,0.0
YNL225C,0.26666666666666666,0.7904761904761906,9.0,2.0,6,1,1.7904761904761906
YBR185C,0.0,0.0,0.0,0.0,1,0,0.0
YBR187W,0.0,0.0,0.0,0.0,5,0,0.0
YBR188C,0.3,0.3780885780885781,3.0,0.0,5,0,1.1715534362883315
YBR190W,0.0,0.0,0.0,0.0,1,1,0.0
YEL037C,0.16507936507936508,5.451318364365978,25.666666666666668,77.56666666666665,36,0,6.451318364365978
YER148W,0.10510510510510511,3.5765223932517194,73.83333333333333,79.53570669526552,37,1,4.57652239325172
YOR264W,0.0026455026455026454,0.051742919389978215,4.0,0.0,28,0,0.10287073893885039
YBR194W,0.0,0.0,0.0,0.0,1,0,0.0
YPR152C,0.0,0.0,0.0,0.0,3,0,0.0
YBR195C,0.022222222222222223,0.20202020202020202,1.0,2.8,10,0,1.202020202020202
YLR418C,0.3090909090909091,2.4083503407131626,30.0,9.333333333333334,11,0,3.4083503407131626
YDR436W,0.15555555555555556,1.024848484848485,0.0,6.0,10,0,2.024848484848485
YER116C,0.0,0.0,0.0,0.0,3,0,0.0
YIL113W,0.07142857142857142,0.05511081625632709,0.0,4.722222222222222,8,0,1.0551108162563272
YJL069C,0.07058823529411765,1.8846148035169328,29.083333333333336,51.266666666666666,35,1,2.884614803516933
YKL189W,0.045454545454545456,0.05984062695433152,0.0,3.941844919786096,12,1,1.0598406269543315
YKR055W,0.017543859649122806,0.16005417756522822,1.5,4.208333333333333,19,0,1.1600541775652282
YMR291W,0.05555555555555555,0.15835743360418264,12.6,7.399999999999999,9,0,1.1583574336041826
YNL183C,0.07792207792207792,1.1657612183483184,54.70833333333333,17.717765567765568,22,0,2.1657612183483184
YNL260C,0.0,0.0,0.0,0.0,6,1,0.0
YOR353C,0.14285714285714285,0.18547840188707063,4.666666666666667,8.833333333333334,7,1,1.1854784018870705
YPL074W,0.047619047619047616,0.05385790679908327,0.0,5.440476190476191,7,0,1.0538579067990832
YPL262W,0.17857142857142858,0.2892412549512133,4.8,9.425,8,0,1.2892412549512133
YBR197C,0.0,0.0,0.0,0.0,3,0,0.0
YNR037C,0.0,0.0,0.0,0.0,4,0,0.0
YCR042C,0.32142857142857145,0.6716028365369135,9.0,11.20072900955254,8,1,1.6716028365369135
YDR145W,0.3787878787878788,1.9153524635631725,27.5,28.485858585858587,12,1,2.9153524635631722
YER160C,0.0,0.0,0.0,0.0,6,0,0.0
YHR137W,0.0,0.0,0.0,0.0,9,0,0.0
YJR064W,0.02857142857142857,0.17124893165842603,10.333333333333334,2.0969696969696967,15,1,1.171248931658426
YJR072C,0.01282051282051282,0.028782155063860407,0.0,1.8571428571428568,13,1,1.0287821550638605
YML015C,0.35555555555555557,1.520062947314632,16.0,22.833333333333336,10,1,2.5200629473146323
YML061C,0.0,0.0,0.0,0.0,3,0,0.0
YML098W,0.3333333333333333,2.6207439872500724,13.5,53.0,13,1,3.6207439872500724
YPL011C,0.32142857142857145,0.7522517627740751,11.5,9.5,8,1,1.7522517627740752
YBR199W,0.0,0.0,0.0,0.0,3,0,0.0
YDR384C,0.0,0.0,0.0,0.0,4,0,0.0
YCL005W,0.0,0.0,0.0,0.0,2,0,0.0
YDL086W,0.0,0.0,0.0,0.0,3,0,0.0
YDR177W,0.0,0.0,0.0,0.0,3,1,0.0
YDR242W,0.0,0.0,0.0,0.0,1,0,0.0
YDR243C,0.0,0.0,0.0,0.0,7,1,0.0
YDR368W,0.0,0.0,0.0,0.0,2,0,0.0
YEL043W,0.15555555555555556,0.6334551997709893,0.0,9.375,10,0,1.6334551997709892
YIL060W,0.0,0.0,0.0,0.0,3,0,0.0
YJL079C,0.0,0.0,0.0,0.0,2,0,0.0
YKL040C,0.0,0.0,0.0,0.0,1,0,0.0
YKL082C,0.08333333333333333,0.3522727272727273,2.0,4.688636363636364,9,1,1.3522727272727273
YLL049W,0.1,0.04265593561368209,0.0,10.5,5,0,1.0426559356136822
YLR318W,0.0,0.0,0.0,0.0,3,0,0.0
YLR361C,0.0,0.0,0.0,0.0,1,0,0.0
YMR195W,0.0,0.0,0.0,0.0,2,0,0.0
YMR212C,0.0,0.0,0.0,0.0,3,1,0.0
YMR247C,0.0,0.0,0.0,0.0,1,0,0.0
YMR287C,0.0,0.0,0.0,0.0,5,0,0.0
YNR067C,0.0,0.0,0.0,0.0,1,0,0.0
YNR071C,0.1,0.022246272246272247,0.0,0.0,5,0,1.0222462722462722
YOL093W,0.0,0.0,0.0,0.0,4,0,0.0
YOR108W,0.0,0.0,0.0,0.0,2,0,0.0
YOR129C,0.0,0.0,0.0,0.0,1,0,0.0
YPL085W,0.23809523809523808,0.7439735702893597,7.458333333333333,0.0,7,1,1.0640054203490785
YPL105C,0.09523809523809523,0.32900432900432897,2.0,2.0090909090909093,7,0,1.329004329004329
YBR201W,0.0,0.0,0.0,0.0,3,0,0.0
YBR202W,0.4,1.4833333333333334,5.25,7.444976076555023,6,1,2.4833333333333334
YGL001C,0.0,0.0,0.0,0.0,2,1,0.0
YCL037C,0.037037037037037035,0.688487259757355,21.666666666666668,67.0,27,0,1.688487259757355
YKL006C-A,0.2,0.11549765228996811,8.666666666666666,10.5,6,1,1.1154976522899682
YBR204C,0.0,0.0,0.0,0.0,1,0,0.0
YPL096W,0.0,0.0,0.0,0.0,2,0,0.0
YHR105W,0.0,0.0,0.0,0.0,6,0,0.0
YBR207W,0.0,0.0,0.0,0.0,9,0,0.0
YEL022W,0.0,0.0,0.0,0.0,2,0,0.0
YOR068C,0.0,0.0,0.0,0.0,1,0,0.0
YBR208C,0.25,0.21168237665366024,0.0,10.01969696969697,8,0,1.2116823766536602
YBR209W,0.0,0.0,0.0,0.0,1,0,0.0
YGR179C,0.19047619047619047,0.907134532134532,6.5,9.5,7,1,1.907134532134532
YLR052W,0.09523809523809523,0.305,3.0,4.8,7,0,1.305
YBR212W,0.0,0.0,0.0,0.0,1,0,0.0
YMR206W,0.0,0.0,0.0,0.0,3,0,0.0
YBR214W,0.0,0.0,0.0,0.0,2,0,0.0
YBR215W,0.0,0.0,0.0,0.0,1,0,0.0
YBR216C,0.6666666666666666,0.11957987474154205,13.333333333333332,35.0,3,0,1.119579874741542
YDR022C,0.2,0.27122177509501455,15.333333333333334,10.8,6,0,1.2712217750950146
YDR465C,0.1,0.017733627667402503,2.25,6.666666666666667,5,0,1.0177336276674025
YGL016W,0.13333333333333333,0.35644303368795677,39.83333333333333,23.0,10,0,1.3564430336879567
YGL078C,0.0,0.0,0.0,0.0,1,0,0.0
YHR033W,0.021052631578947368,0.13350102064575986,16.0,21.0,20,0,1.1335010206457599
YHR076W,0.03571428571428571,0.04071969696969697,13.3,0.0,8,0,0.9177961089298299
YHR201C,0.0,0.0,0.0,0.0,2,0,0.0
YIL125W,0.0989010989010989,0.5262333371674683,21.0,30.100000000000005,14,0,1.5262333371674683
YKL145W,0.35798319327731093,10.932086499473685,25.666666666666664,183.32561327561328,35,1,11.932086499473685
YLL042C,0.0,0.0,0.0,0.0,2,0,0.0
YLR031W,0.0,0.0,0.0,0.0,2,0,0.0
YLR059C,0.0,0.0,0.0,0.0,6,1,0.0
YLR424W,0.0196078431372549,0.19319092848504613,2.0,2.1666666666666665,18,1,1.1931909284850462
YLR438W,0.007352941176470588,0.125,4.5,2.0,17,0,1.125
YML055W,0.0,0.0,0.0,0.0,4,0,0.0
YMR056C,0.0,0.0,0.0,0.0,5,0,0.0
YNL208W,0.0,0.0,0.0,0.0,2,0,0.0
YPR049C,0.0,0.0,0.0,0.0,5,0,0.0
YPR108W,0.4676923076923077,8.923979732309814,0.0,82.57678571428572,26,1,9.923979732309814
YBR218C,0.0,0.0,0.0,0.0,7,0,0.0
YBR219C,0.0,0.0,0.0,0.0,1,0,0.0
YBR220C,0.0,0.0,0.0,0.0,1,0,0.0
YDR430C,0.26666666666666666,0.5181644880174292,2.5,0.0,6,0,1.032801582672393
YLR218C,0.0,0.0,0.0,0.0,1,0,0.0
YML059C,0.3333333333333333,0.07606490872210953,2.25,0.0,3,0,1.0760649087221095
YBR222C,0.0,0.0,0.0,0.0,1,0,0.0
YFL020C,0.0,0.0,0.0,0.0,4,0,0.0
YBR225W,0.7,0.497272801941808,0.0,14.749999999999998,5,0,1.497272801941808
YGL197W,0.23076923076923078,0.9060885812179453,56.16666666666667,65.66666666666666,13,0,1.9060885812179453
YBR226C,0.0,0.0,0.0,0.0,1,0,0.0
YDL049C,0.0,0.0,0.0,0.0,4,0,0.0
YBR227C,0.0,0.0,0.0,0.0,2,0,0.0
YBR228W,0.0,0.0,0.0,0.0,3,0,0.0
YLR135W,0.0,0.0,0.0,0.0,5,0,0.0
YBR230C,0.0,0.0,0.0,0.0,2,0,0.0
YBR231C,0.2,0.3338345864661654,8.5,2.761904761904762,6,0,1.3338345864661654
YNR030W,0.0,0.0,0.0,0.0,1,0,0.0
YBR233W,0.0,0.0,0.0,0.0,4,0,0.0
YIL062C,1.0,2.4886363636363633,6.0,19.0,6,1,3.4886363636363633
YJR065C,0.4,2.5494241607449153,8.0,17.56854256854257,11,1,3.5494241607449153
YKL013C,0.5833333333333334,2.816720779220779,8.0,13.876623376623378,9,1,3.816720779220779
YLR370C,0.4444444444444444,2.5232558139534884,14.333333333333334,15.985714285714284,9,0,3.5232558139534884
YML069W,0.14285714285714285,0.32665598290598286,4.25,1.0,7,1,1.326655982905983
YNL040W,0.0,0.0,0.0,0.0,1,0,0.0
YBR235W,0.0,0.0,0.0,0.0,2,0,0.0
YBR236C,0.3333333333333333,0.04508611955420466,2.0,0.0,3,1,1.0450861195542047
YBR237W,0.0,0.0,0.0,0.0,1,1,0.0
YDR073W,0.0,0.0,0.0,0.0,5,0,0.0
YKR043C,0.0,0.0,0.0,0.0,1,0,0.0
YBR239C,0.047619047619047616,0.020413620966304155,1.0,1.6666666666666667,7,0,1.0204136209663042
YPL133C,0.0,0.0,0.0,0.0,3,0,0.0
YBR240C,0.0,0.0,0.0,0.0,2,0,0.0
YDL080C,0.0,0.0,0.0,0.0,5,0,0.0
YBR241C,0.0,0.0,0.0,0.0,1,0,0.0
YBR242W,0.0,0.0,0.0,0.0,2,0,0.0
YBR244W,0.0,0.0,0.0,0.0,1,0,0.0
YCR052W,0.1,0.11929824561403508,2.0,3.0,5,1,1.119298245614035
YKR008W,0.0,0.0,0.0,0.0,1,1,0.0
YLR163C,0.14285714285714285,0.6291035353535354,13.583333333333332,9.75,7,1,1.6291035353535355
YOL017W,0.0,0.0,0.0,0.0,3,0,0.0
YBR246W,0.0,0.0,0.0,0.0,1,0,0.0
YDL148C,0.3333333333333333,0.23094316096344497,7.416666666666666,2.225,6,1,1.230943160963445
YDR449C,0.42857142857142855,0.5315832916238595,12.666666666666668,10.790476190476191,8,1,1.5315832916238596
YGR081C,0.16666666666666666,0.08823529411764705,3.0,0.8333333333333334,4,0,1.088235294117647
YHR148W,0.42857142857142855,0.8952009225842896,9.666666666666666,7.433333333333333,7,1,1.8952009225842896
YJR002W,0.5357142857142857,1.40236251240308,14.166666666666666,7.076190476190476,8,1,2.40236251240308
YKL143W,0.17777777777777778,0.44767808408244714,15.041666666666666,2.1142857142857143,10,0,1.447678084082447
YMR128W,0.17777777777777778,0.4783110736457593,17.833333333333332,4.423412698412699,10,1,1.4783110736457594
YNL075W,0.5,0.37628384687208216,5.166666666666666,2.2857142857142856,4,1,1.3762838468720822
YNL132W,0.1028225806451613,2.3597715041301504,40.916666666666664,26.090147271029625,32,1,3.3597715041301504
YOL010W,0.06666666666666667,0.06066176470588235,2.9166666666666665,1.1428571428571428,6,1,1.0606617647058822
YOR056C,0.2,0.25054466230936817,2.625,2.1142857142857143,6,1,1.2505446623093681
YPR144C,0.5,0.23094316096344497,7.416666666666666,5.0285714285714285,5,1,1.230943160963445
YBR248C,0.0,0.0,0.0,0.0,1,0,0.0
YBR249C,0.0,0.0,0.0,0.0,5,0,0.0
YEL047C,0.0,0.0,0.0,0.0,1,0,0.0
YOR050C,0.0,0.0,0.0,0.0,1,0,0.0
YDL045W-A,0.0,0.0,0.0,0.0,1,0,0.0
YDL138W,0.0,0.0,0.0,0.0,17,0,0.0
YDR041W,1.0,0.2319327731092437,3.0,5.0,3,1,1.2319327731092438
YDR175C,0.3333333333333333,0.16316763993733086,5.277777777777778,6.333333333333333,4,0,1.1631676399373307
YDR337W,0.14285714285714285,0.2319327731092437,3.0,5.0,7,0,1.2319327731092438
YDR347W,1.0,0.2319327731092437,3.0,4.25,3,0,1.2319327731092438
YGR084C,0.3,0.2319327731092437,3.0,7.5,5,0,1.2319327731092438
YGR150C,0.0,0.0,0.0,0.0,2,0,0.0
YGR170W,0.0,0.0,0.0,0.0,3,0,0.0
YGR215W,0.3333333333333333,0.05714285714285714,2.0,3.5,3,0,1.0571428571428572
YIL093C,0.6666666666666666,0.3077054550633813,6.277777777777778,13.0,4,0,1.3077054550633813
YJR101W,1.0,0.05714285714285714,2.0,2.083333333333333,2,0,1.0571428571428572
YKL003C,0.0,0.0,0.0,0.0,1,0,0.0
YKL155C,0.5,0.2319327731092437,9.0,4.25,4,0,1.2319327731092438
YNL137C,1.0,0.2319327731092437,3.0,4.25,3,1,1.2319327731092438
YNL186W,0.0,0.0,0.0,0.0,1,0,0.0
YNL306W,1.0,0.2319327731092437,3.0,5.0,3,1,1.2319327731092438
YOR205C,0.0,0.0,0.0,0.0,1,0,0.0
YOR243C,0.3333333333333333,0.11071428571428571,5.777777777777778,5.583333333333333,4,0,1.1107142857142858
YPL013C,0.0,0.0,0.0,0.0,5,0,0.0
YPL118W,0.2,0.2319327731092437,3.0,4.25,6,0,1.2319327731092438
YLL037W,0.0,0.0,0.0,0.0,2,1,0.0
YPL248C,0.20833333333333334,1.4731324663260974,13.5,30.775,16,0,2.4731324663260974
YBR254C,0.10989010989010989,1.506993006993007,25.4,22.4,14,1,2.506993006993007
YDR108W,0.16666666666666666,0.18803418803418803,0.0,2.555555555555556,4,0,1.188034188034188
YDR246W,1.0,0.18803418803418803,2.0,2.7142857142857144,2,1,1.188034188034188
YDR407C,0.3333333333333333,0.18803418803418803,4.0,2.5,3,1,1.188034188034188
YDR472W,1.0,1.0427350427350426,3.0,5.0,3,1,2.0427350427350426
YGR143W,0.0,0.0,0.0,0.0,1,0,0.0
YJR116W,0.0,0.0,0.0,0.0,2,0,0.0
YKR068C,0.2222222222222222,1.848873348873349,25.4,10.503174603174603,10,1,2.848873348873349
YMR218C,0.3333333333333333,0.18803418803418803,4.0,2.5,3,1,1.188034188034188
YOR115C,0.3333333333333333,0.18803418803418803,2.0,2.5,3,0,1.188034188034188
YBR255W,0.0,0.0,0.0,0.0,1,0,0.0
YBR260C,0.06666666666666667,0.2410830999066293,0.0,0.75,10,0,1.2410830999066294
YGR196C,0.047619047619047616,0.17777777777777776,0.0,0.0,7,0,0.4456349206349206
YIL118W,0.10714285714285714,0.10972222222222222,0.0,3.625,8,1,1.1097222222222223
YJL058C,0.03296703296703297,0.3671794871794872,4.0625,4.8,14,0,1.3671794871794871
YBR261C,0.0,0.0,0.0,0.0,1,0,0.0
YBR262C,0.0,0.0,0.0,0.0,1,0,0.0
YBR263W,0.0,0.0,0.0,0.0,2,0,0.0
YML018C,0.0,0.0,0.0,0.0,2,0,0.0
YER136W,0.041666666666666664,0.3983513934671994,15.166666666666666,24.0,16,1,1.3983513934671994
YGL161C,0.15263157894736842,2.910380790686394,156.5,83.25,20,0,3.910380790686394
YGL198W,0.16666666666666666,3.401500896057348,113.62500000000001,58.12099269913915,21,0,4.401500896057348
YNL263C,0.12418300653594772,1.9783116472395412,24.187499999999996,25.994489847807923,18,1,2.9783116472395412
YOR370C,0.03571428571428571,0.09475806451612903,0.0,0.7,8,1,1.094758064516129
YCR107W,0.0,0.0,0.0,0.0,3,0,0.0
YLR255C,0.0,0.0,0.0,0.0,1,0,0.0
YBR266C,0.0,0.0,0.0,0.0,1,0,0.0
YPR031W,0.0,0.0,0.0,0.0,1,0,0.0
YBR267W,0.3,0.4048265460030166,8.0,3.5,5,0,1.4048265460030165
YHR170W,0.06666666666666667,0.7653172808334998,11.75,14.6,16,1,1.7653172808334998
YJL122W,0.16666666666666666,0.04020496649586125,2.25,5.0,4,0,1.0402049664958612
YBR269C,0.0,0.0,0.0,0.0,1,0,0.0
YLR276C,0.23809523809523808,0.3014074595355383,4.0,0.0,7,1,1.0913522023170779
YBR270C,0.030303030303030304,0.4917222635921574,0.0,106.0,22,0,1.4917222635921574
YER093C,0.14285714285714285,0.5338461538461539,6.5125,2.8166666666666664,8,1,1.5338461538461539
YFL047W,0.16666666666666666,0.08421052631578947,0.0,0.0,4,0,1.0842105263157895
YFR050C,0.17582417582417584,1.0708668367920138,4.0,23.72380952380952,14,1,2.070866836792014
YHR077C,0.07142857142857142,0.3447802197802198,10.0,0.0,8,0,0.5519515345212556
YIL105C,0.07692307692307693,0.8081405233303967,16.333333333333336,6.964285714285714,14,0,1.8081405233303967
YNL004W,0.03571428571428571,0.19444444444444442,0.0,0.0,8,0,0.3781179138321995
YNL018C,0.0,0.0,0.0,0.0,3,0,0.0
YNL047C,0.11538461538461539,0.9853286657084126,23.111111111111107,26.33076563958917,13,0,1.9853286657084126
YPL124W,0.07608695652173914,1.3675546715105575,20.22222222222222,59.7,24,1,2.3675546715105575
YBR271W,0.0,0.0,0.0,0.0,2,0,0.0
YDR363W-A,0.8,0.8967343442344125,0.0,9.0,6,0,1.8967343442344125
YDR427W,0.35333333333333333,6.417729249409597,0.0,127.11666666666665,25,1,7.417729249409597
YFR052W,0.4187192118226601,9.966455588420027,0.0,208.29999999999995,29,1,10.966455588420027
YGR232W,0.49846153846153846,10.207909331662202,0.0,182.41666666666663,26,0,11.207909331662202
YLL022C,0.5,0.4461722488038278,14.833333333333332,5.392857142857142,4,0,1.4461722488038278
YBR273C,0.0,0.0,0.0,0.0,1,0,0.0
YDL042C,0.09846153846153846,1.5452898939483821,94.75,17.553968253968254,26,0,2.5452898939483823
YDR168W,0.2,0.3348896434634975,2.0,2.3956043956043955,5,1,1.3348896434634976
YJL036W,0.0,0.0,0.0,0.0,4,0,0.0
YKR010C,0.38181818181818183,1.0491810966810968,97.53333333333333,17.53333333333333,11,0,2.049181096681097
YLR152C,0.0,0.0,0.0,0.0,1,0,0.0
YMR102C,0.07142857142857142,0.11039027589882343,0.0,6.166666666666667,8,0,1.1103902758988233
YMR255W,0.14285714285714285,0.6777777777777778,7.0,19.0,7,0,1.6777777777777778
YPR010C-A,0.32142857142857145,0.518709765554101,30.5,17.71746031746032,8,0,1.5187097655541009
YBR275C,0.16363636363636364,0.5624374406081724,39.75,9.514285714285716,11,0,1.5624374406081722
YDL230W,0.05555555555555555,0.12441756272401434,13.3,0.0,9,0,0.5709425897315764
YLR019W,0.125,0.8569228778467909,19.15,27.8,17,0,1.8569228778467908
YNL216W,0.07142857142857142,0.17554810780617233,3.0,0.0,8,1,0.5824369790176909
YOR208W,0.0,0.0,0.0,0.0,7,0,0.0
YBR276C,0.0,0.0,0.0,0.0,1,0,0.0
YLR359W,0.0,0.0,0.0,0.0,4,1,0.0
YBR277C,0.0,0.0,0.0,0.0,1,0,0.0
YBR278W,0.08333333333333333,0.6388888888888888,8.5,2.8,9,0,1.6388888888888888
YIL006W,0.0,0.0,0.0,0.0,2,0,0.0
YKL011C,0.10714285714285714,0.0763345669418353,10.333333333333334,19.0,8,0,1.0763345669418354
YLR181C,0.0,0.0,0.0,0.0,2,0,0.0
YBR279W,0.2878787878787879,2.5792106715094327,42.5,17.252173913043478,12,0,3.5792106715094327
YOL145C,0.15263157894736842,2.37985005405671,44.5,9.01352657004831,20,0,3.37985005405671
YNL141W,0.0,0.0,0.0,0.0,4,0,0.0
YBR281C,0.0,0.0,0.0,0.0,5,0,0.0
YNL191W,0.0,0.0,0.0,0.0,2,0,0.0
YBR282W,0.0,0.0,0.0,0.0,2,0,0.0
YIL162W,0.0,0.0,0.0,0.0,5,0,0.0
YLR311C,0.0,0.0,0.0,0.0,2,1,0.0
YPL234C,0.1111111111111111,0.28140985350287673,14.333333333333332,7.0,10,0,1.2814098535028768
YPR028W,0.1737891737891738,3.1880639280331295,97.97222222222226,89.54761904761905,27,0,4.188063928033129
YBR284W,0.0,0.0,0.0,0.0,3,0,0.0
YDL238C,0.0,0.0,0.0,0.0,1,0,0.0
YMR138W,0.06666666666666667,0.016001024065540194,0.0,4.333333333333334,6,0,1.0160010240655402
YBR285W,0.0,0.0,0.0,0.0,2,0,0.0
YIL049W,0.0,0.0,0.0,0.0,2,0,0.0
YBR286W,0.0,0.0,0.0,0.0,3,0,0.0
YPL200W,0.0,0.0,0.0,0.0,2,0,0.0
YGR261C,0.2,0.5481481481481482,4.277777777777778,0.0,5,0,0.913013013013013
YJL024C,1.0,0.23703703703703705,2.0,0.0,2,0,1.237037037037037
YPL016W,0.15,2.0373773416592327,7.833333333333332,0.0,16,1,2.1110014057601125
YPL195W,0.2,0.7851851851851852,5.277777777777778,0.0,6,0,1.0399021663172607
YFL049W,0.4,0.6175141242937854,28.333333333333332,0.0,6,0,1.2652725872398056
YHL025W,0.21428571428571427,0.8746569814366425,17.0,4.666666666666667,8,0,1.8746569814366425
YPR034W,0.5,0.37777777777777777,18.333333333333332,0.0,4,1,1.3777777777777778
YEL036C,0.14285714285714285,1.1,5.5,9.666666666666666,8,0,2.1
YGL012W,1.0,0.05182724252491694,6.0,0.0,2,0,1.0518272425249169
YPL087W,1.0,0.055598455598455596,3.3777777777777778,0.8,2,0,1.0555984555984557
YPL132W,0.0,0.0,0.0,0.0,3,0,0.0
YBR291C,0.0,0.0,0.0,0.0,3,0,0.0
YHR096C,0.047619047619047616,0.028713858424725822,4.5,3.333333333333333,7,0,1.0287138584247257
YGR174C,0.0,0.0,0.0,0.0,6,0,0.0
YIL030C,0.0,0.0,0.0,0.0,3,0,0.0
YBR296C,0.1,0.07827260458839405,5.833333333333333,2.6,5,0,1.0782726045883941
YLR137W,0.0,0.0,0.0,0.0,1,0,0.0
YML089C,0.0,0.0,0.0,0.0,1,0,0.0
YDR284C,0.06666666666666667,0.2159090909090909,2.9166666666666665,0.0,6,0,0.5246810207336523
YGR041W,0.0,0.0,0.0,0.0,4,0,0.0
YNL008C,0.0,0.0,0.0,0.0,4,0,0.0
YBR299W,0.0,0.0,0.0,0.0,1,0,0.0
YBR301W,0.0,0.0,0.0,0.0,1,0,0.0
YLR237W,0.0,0.0,0.0,0.0,4,0,0.0
YOR192C,0.0,0.0,0.0,0.0,1,0,0.0
YPR063C,0.0,0.0,0.0,0.0,1,0,0.0
YCL004W,0.0,0.0,0.0,0.0,1,1,0.0
YCL007C,0.0,0.0,0.0,0.0,1,0,0.0
YJL172W,0.16666666666666666,0.12380952380952381,2.9166666666666665,0.0,4,0,1.1238095238095238
YLR119W,0.16666666666666666,0.3435374149659864,1.5,2.5,4,0,1.3435374149659864
YPL065W,1.0,0.12380952380952381,1.9444444444444444,1.6666666666666667,2,0,1.1238095238095238
YCL009C,0.0,0.0,0.0,0.0,4,0,0.0
YER094C,0.5,1.379385524149951,7.25,26.133333333333333,9,1,2.379385524149951
YCL011C,0.09558823529411764,1.1313907345884089,21.416666666666664,4.111363636363636,17,0,2.131390734588409
YDL084W,0.13333333333333333,0.23511904761904762,8.5,0.0,6,1,0.8022076552139843
YDR120C,0.16666666666666666,0.14090909090909093,1.3333333333333333,0.0,4,0,1.1409090909090909
YHR167W,0.3333333333333333,0.20535714285714285,4.5,1.375,3,0,1.2053571428571428
YML062C,0.6,0.8175249169435216,37.83333333333333,2.0090909090909093,5,0,1.8175249169435217
YMR216C,0.0641025641025641,0.5113461758972595,0.0,0.0,13,0,0.6367065816734117
YNL139C,0.2857142857142857,1.0538490120650463,48.83333333333333,5.465656565656566,8,0,2.0538490120650463
YNL253W,0.0,0.0,0.0,0.0,3,0,0.0
YPR161C,0.030303030303030304,0.29904306220095694,11.333333333333334,2.013888888888889,12,1,1.299043062200957
YIL104C,0.1,0.16103896103896104,9.0,1.5,5,1,1.161038961038961
YCL016C,0.0,0.0,0.0,0.0,5,0,0.0
YGR020C,0.25274725274725274,2.599673320440477,0.0,81.0,14,0,3.599673320440477
YHL023C,0.0,0.0,0.0,0.0,5,0,0.0
YLR123C,0.0,0.0,0.0,0.0,1,0,0.0
YPL135W,0.0,0.0,0.0,0.0,2,0,0.0
YDL116W,0.0748663101604278,2.377616282556306,17.96666666666667,35.4547619047619,34,0,3.377616282556306
YDR080W,0.2222222222222222,1.832951909991758,30.5,2.0041666666666664,10,0,2.832951909991758
YHR070W,0.1,0.06063157894736842,0.6666666666666666,2.0296052631578947,5,1,1.0606315789473684
YLL010C,0.0,0.0,0.0,0.0,2,0,0.0
YLR247C,0.05555555555555555,0.09937209937209937,5.833333333333333,2.0,9,0,1.0993720993720995
YLR248W,0.047619047619047616,0.11756272401433691,2.0,0.0,7,0,0.5226149888226993
YNL230C,0.05263157894736842,1.4935442923413098,0.0,74.99999999999999,39,0,2.49354429234131
YPL139C,0.2,1.0141912047414317,13.166666666666666,12.733333333333334,10,0,2.0141912047414317
YCL019W,0.16666666666666666,0.6666666666666666,2.25,0.0,4,0,0.9166666666666666
YDR261W-A,0.3333333333333333,0.8333333333333333,4.0,0.0,3,0,1.2333333333333334
YDR261W-B,1.0,0.8333333333333333,2.25,0.0,2,0,1.8333333333333333
YHR189W,0.0,0.0,0.0,0.0,2,0,0.0
YCL020W,0.0,0.0,0.0,0.0,1,0,0.0
YCL023C,0.0,0.0,0.0,0.0,2,0,0.0
YML008C,0.0,0.0,0.0,0.0,9,0,0.0
YDL232W,0.2679738562091503,3.1710859481563816,69.48333333333333,23.0,18,1,4.171085948156382
YIR038C,0.01904761904761905,0.3455205811138014,9.666666666666666,2.0,21,0,1.3455205811138014
YJR095W,0.0,0.0,0.0,0.0,2,1,0.0
YPL265W,0.0,0.0,0.0,0.0,5,0,0.0
YCL026C-A,0.0,0.0,0.0,0.0,5,0,0.0
YCR048W,0.0,0.0,0.0,0.0,3,0,0.0
YLR177W,0.0,0.0,0.0,0.0,3,0,0.0
YDR072C,0.0,0.0,0.0,0.0,2,0,0.0
YER090W,0.1,0.26515151515151514,0.0,2.0,5,0,1.2651515151515151
YER149C,0.027777777777777776,0.13636363636363635,0.0,0.1666666666666666,9,0,1.1363636363636362
YGR070W,0.0,0.0,0.0,0.0,2,0,0.0
YIL159W,0.10989010989010989,0.24910062574352762,0.0,0.0,14,0,0.69024809200181
YIR014W,0.0,0.0,0.0,0.0,3,0,0.0
YJL153C,0.045454545454545456,0.11434771250468528,0.0,2.083333333333333,12,0,1.1143477125046852
YJR030C,0.0,0.0,0.0,0.0,4,0,0.0
YKL092C,0.0,0.0,0.0,0.0,4,0,0.0
YKL105C,0.0,0.0,0.0,0.0,1,0,0.0
YKL202W,0.0,0.0,0.0,0.0,1,0,0.0
YKR023W,0.0,0.0,0.0,0.0,1,0,0.0
YKR049C,0.0,0.0,0.0,0.0,1,0,0.0
YKR101W,0.19047619047619047,0.3160312805474096,1.0,4.447860962566844,7,0,1.3160312805474095
YMR103C,0.0,0.0,0.0,0.0,1,0,0.0
YMR140W,0.0,0.0,0.0,0.0,2,0,0.0
YMR156C,0.0,0.0,0.0,0.0,3,0,0.0
YMR265C,0.0,0.0,0.0,0.0,2,0,0.0
YNL267W,0.0,0.0,0.0,0.0,3,1,0.0
YNL291C,0.0,0.0,0.0,0.0,2,0,0.0
YNR064C,0.08888888888888889,0.11199846699505331,0.0,15.5,10,0,1.1119984669950533
YOL046C,0.0,0.0,0.0,0.0,2,0,0.0
YOR155C,0.2,0.3115530303030303,0.0,4.533333333333333,5,0,1.3115530303030303
YPL156C,0.0,0.0,0.0,0.0,2,0,0.0
YPL224C,0.0,0.0,0.0,0.0,2,0,0.0
YPR008W,0.1,0.018607442977190875,0.0,0.0,5,0,1.018607442977191
YPR023C,0.23636363636363636,1.2821052217966604,27.333333333333332,21.333333333333336,11,0,2.2821052217966606
YPR160C-A,0.0,0.0,0.0,0.0,1,0,0.0
YEL021W,0.0,0.0,0.0,0.0,3,0,0.0
YCL029C,0.13333333333333333,0.45629877369007804,5.666666666666667,3.5166666666666666,6,0,1.456298773690078
YER016W,0.16666666666666666,0.21282051282051284,4.5,2.8166666666666664,4,1,1.212820512820513
YCL030C,0.0,0.0,0.0,0.0,5,0,0.0
YOL082W,0.04329004329004329,0.555985088709152,54.50000000000001,10.171428571428567,22,0,1.555985088709152
YDL016C,0.0,0.0,0.0,0.0,1,1,0.0
YDR309C,0.15441176470588236,2.0484006734006734,22.333333333333332,48.892857142857146,17,0,3.0484006734006734
YER040W,0.06666666666666667,0.3028843645921111,25.4,2.207792207792208,10,0,1.302884364592111
YER047C,0.07272727272727272,0.14283178013638292,0.0,0.0,11,0,0.652013088790725
YHR061C,0.24358974358974358,1.909577922077922,22.333333333333332,47.25357142857143,13,0,2.909577922077922
YKL061W,0.08333333333333333,0.30077836071213554,13.333333333333332,7.0,9,0,1.3007783607121355
YKR020W,0.3333333333333333,1.7062324929971988,13.63888888888889,8.285714285714285,7,0,2.7062324929971986
YNL086W,0.03636363636363636,0.2841269841269841,9.333333333333334,10.0,11,0,1.284126984126984
YOL043C,0.0,0.0,0.0,0.0,3,0,0.0
YPR051W,0.3333333333333333,0.8333333333333333,0.0,0.0,3,0,1.2333333333333334
YPR075C,0.0,0.0,0.0,0.0,1,0,0.0
YPR076W,0.0,0.0,0.0,0.0,1,0,0.0
YPR193C,0.1,0.037384969325153374,0.0,1.6666666666666667,5,0,1.0373849693251533
YCL033C,0.0,0.0,0.0,0.0,1,0,0.0
YCL035C,0.0,0.0,0.0,0.0,3,0,0.0
YKL198C,0.01282051282051282,0.06453781512605042,0.0,0.0,13,0,0.26318899033972565
YCL036W,0.0,0.0,0.0,0.0,1,0,0.0
YLR263W,0.0,0.0,0.0,0.0,10,0,0.0
YPR088C,0.02197802197802198,0.20148200423429782,8.0,6.55,14,1,1.2014820042342977
YHR178W,0.0,0.0,0.0,0.0,14,0,0.0
YMR009W,0.0,0.0,0.0,0.0,4,0,0.0
YCL046W,0.0,0.0,0.0,0.0,4,0,0.0
YDR516C,0.2,0.18876941457586618,0.0,4.0,5,0,1.1887694145758663
YKL056C,0.10606060606060606,0.23947291690522943,0.0,17.761904761904763,12,0,1.2394729169052294
YML099C,0.05555555555555555,0.4444444444444444,1.5,2.0,9,0,1.4444444444444444
YPL126W,0.09523809523809523,0.5018944175640399,13.25,16.133333333333333,15,1,1.5018944175640399
YCL042W,0.0,0.0,0.0,0.0,1,0,0.0
YER189W,0.0,0.0,0.0,0.0,1,0,0.0
YLR354C,0.027777777777777776,0.05227021040974529,0.0,3.8,9,0,1.0522702104097452
YCL044C,0.0,0.0,0.0,0.0,1,0,0.0
YGL115W,0.09259259259259259,1.6263149318496173,91.39166666666667,43.11547619047619,28,0,2.6263149318496173
YPL208W,0.0,0.0,0.0,0.0,4,0,0.0
YCL049C,0.0,0.0,0.0,0.0,1,0,0.0
YCL050C,0.0,0.0,0.0,0.0,2,0,0.0
YJR106W,0.0,0.0,0.0,0.0,1,0,0.0
YCL054W,0.25,0.5277216270323595,11.416666666666668,13.238095238095235,9,1,1.5277216270323595
YGR103W,0.17864693446088795,6.675564670861983,133.58333333333337,165.8845238095238,44,1,7.675564670861983
YKR081C,0.19020408163265307,8.842386224753,145.91666666666669,179.34220779220783,50,1,9.842386224753
YNL154C,0.07272727272727272,0.2728057894425493,3.0,6.699242424242424,11,0,1.2728057894425493
YOR310C,0.3333333333333333,0.553670634920635,7.0,10.142857142857142,7,1,1.553670634920635
YGL036W,0.0,0.0,0.0,0.0,2,0,0.0
YNL196C,0.0,0.0,0.0,0.0,3,0,0.0
YCL056C,0.0,0.0,0.0,0.0,4,0,0.0
YDL157C,0.0,0.0,0.0,0.0,1,0,0.0
YNL100W,0.0,0.0,0.0,0.0,1,0,0.0
YCL058C,0.0,0.0,0.0,0.0,1,0,0.0
YDL166C,0.0,0.0,0.0,0.0,3,1,0.0
YDR299W,0.16363636363636364,0.7416035721374987,10.25,23.0,11,1,1.7416035721374987
YDR324C,0.2222222222222222,0.34167820113909253,7.0,9.2,9,1,1.3416782011390924
YDR457W,0.0,0.0,0.0,0.0,4,0,0.0
YER127W,0.047619047619047616,0.1303030303030303,2.0,2.666666666666667,7,1,1.1303030303030304
YGR145W,0.3333333333333333,0.9301631642983144,10.5,6.416666666666666,10,1,1.9301631642983144
YJL109C,0.1619047619047619,1.075121616044537,9.499999999999998,12.048412698412696,15,1,2.075121616044537
YKR060W,0.4,0.17122836595453228,4.0,11.333333333333332,5,0,1.1712283659545322
YLR197W,0.18333333333333332,1.127980965113318,25.5,66.33333333333333,16,1,2.127980965113318
YNL308C,0.047619047619047616,0.2281281985133729,8.0,16.999999999999996,15,1,1.228128198513373
YPL217C,0.2,0.134018759018759,2.0,2.225,6,1,1.134018759018759
YCL061C,0.0,0.0,0.0,0.0,5,0,0.0
YNL273W,0.0,0.0,0.0,0.0,4,0,0.0
YCL063W,0.0,0.0,0.0,0.0,8,0,0.0
YER150W,0.0,0.0,0.0,0.0,1,0,0.0
YJL043W,0.0,0.0,0.0,0.0,1,0,0.0
YPL005W,0.0,0.0,0.0,0.0,2,0,0.0
YNL056W,0.06666666666666667,0.2833333333333333,2.0,6.166666666666667,6,0,1.2833333333333332
YCL065W,0.0,0.0,0.0,0.0,1,0,0.0
YLR374C,0.0,0.0,0.0,0.0,1,0,0.0
YCL069W,0.0,0.0,0.0,0.0,3,0,0.0
YCR075C,0.0,0.0,0.0,0.0,3,0,0.0
YCL076W,0.0,0.0,0.0,0.0,1,0,0.0
YOR209C,0.0,0.0,0.0,0.0,3,0,0.0
YOR241W,0.0,0.0,0.0,0.0,1,0,0.0
YNL166C,0.5357142857142857,0.9843505407800894,10.0,33.93333333333333,8,0,1.9843505407800894
YCR003W,0.0,0.0,0.0,0.0,1,0,0.0
YIR039C,0.0,0.0,0.0,0.0,3,0,0.0
YLR253W,0.0,0.0,0.0,0.0,1,0,0.0
YPL245W,0.0,0.0,0.0,0.0,3,0,0.0
YCR007C,0.0,0.0,0.0,0.0,4,0,0.0
YGL060W,0.08974358974358974,0.1883361263437709,36.5,7.25,13,0,1.1883361263437708
YMR232W,0.0,0.0,0.0,0.0,5,0,0.0
YNL055C,0.029239766081871343,0.24572849799786947,15.833333333333332,8.220238095238097,19,0,1.2457284979978696
YOR232W,0.05847953216374269,0.41158801254835353,38.0,11.833333333333332,19,1,1.4115880125483535
YCR010C,0.16666666666666666,0.06673114119922631,1.9444444444444444,0.0,4,0,1.0667311411992264
YFL055W,0.0,0.0,0.0,0.0,2,0,0.0
YGL098W,0.0,0.0,0.0,0.0,3,1,0.0
YEL031W,0.0,0.0,0.0,0.0,4,0,0.0
YJL110C,0.09523809523809523,0.5132275132275133,37.2,4.3809523809523805,7,0,1.5132275132275133
YOL085C,0.0,0.0,0.0,0.0,1,0,0.0
YCR015C,0.0,0.0,0.0,0.0,1,0,0.0
YDL231C,0.0,0.0,0.0,0.0,1,0,0.0
YEL053C,1.0,0.8333333333333333,0.0,0.0,2,0,1.8333333333333333
YCR021C,0.0,0.0,0.0,0.0,7,0,0.0
YJL068C,0.0,0.0,0.0,0.0,4,0,0.0
YKL220C,0.0,0.0,0.0,0.0,2,0,0.0
YCR022C,0.0,0.0,0.0,0.0,2,0,0.0
YCR023C,0.0,0.0,0.0,0.0,2,0,0.0
YMR075C-A,0.0,0.0,0.0,0.0,1,0,0.0
YMR075W,0.16666666666666666,0.07941176470588235,4.5,3.125,4,0,1.0794117647058823
YCR024C,0.0,0.0,0.0,0.0,1,0,0.0
YCR027C,0.0,0.0,0.0,0.0,3,0,0.0
YNR065C,0.0,0.0,0.0,0.0,4,0,0.0
YJR144W,0.06060606060606061,0.4753517316017316,7.0,2.5,12,0,1.4753517316017315
YJR126C,0.0,0.0,0.0,0.0,2,0,0.0
YMR132C,0.0,0.0,0.0,0.0,1,0,0.0
YHR007C,0.16483516483516483,0.8547902964641532,34.83333333333333,41.83333333333333,14,1,1.8547902964641532
YOR049C,0.0,0.0,0.0,0.0,5,0,0.0
YCR035C,0.5833333333333334,2.6217572441238652,17.0,25.53333333333333,9,1,3.6217572441238652
YGR095C,0.3897058823529412,6.034286887460386,49.3888888888889,92.5,17,1,7.034286887460386
YNL232W,0.6212121212121212,5.649348212207309,30.055555555555557,39.29085081585081,12,1,6.649348212207309
YOL021C,0.375,5.750788699601733,23.875,51.030164280164286,17,1,6.750788699601733
YCR036W,0.0,0.0,0.0,0.0,1,0,0.0
YGL153W,0.08088235294117647,0.9887820512820513,11.988888888888889,9.583333333333332,17,0,1.9887820512820513
YDR532C,0.0,0.0,0.0,0.0,5,1,0.0
YCR039C,0.0,0.0,0.0,0.0,1,1,0.0
YMR043W,0.1111111111111111,0.998148148148148,9.5,1.5,10,1,1.998148148148148
YCR041W,0.0,0.0,0.0,0.0,5,0,0.0
YJL031C,0.0,0.0,0.0,0.0,3,1,0.0
YML114C,0.0,0.0,0.0,0.0,2,1,0.0
YCR044C,0.3333333333333333,0.034493012191495684,2.0,4.25,3,0,1.0344930121914957
YCR045C,0.0,0.0,0.0,0.0,1,0,0.0
YOR348C,0.0,0.0,0.0,0.0,4,0,0.0
YCR046C,0.0,0.0,0.0,0.0,5,0,0.0
YCR047C,0.0,0.0,0.0,0.0,2,0,0.0
YLR339C,0.0,0.0,0.0,0.0,3,1,0.0
YCR050C,0.0,0.0,0.0,0.0,1,0,0.0
YCR054C,0.0,0.0,0.0,0.0,2,1,0.0
YDR365C,0.05138339920948617,0.5407601458594605,2.0,15.671950710108604,23,1,1.5407601458594606
YGL171W,0.3333333333333333,0.11565407772304323,3.0,2.9722222222222223,4,1,1.1156540777230433
YGR128C,1.0,0.10789545703338806,3.0,0.0,3,1,1.107895457033388
YGR135W,0.36363636363636365,1.4782573292208694,8.25,29.96904761904762,11,0,2.4782573292208694
YGR154C,0.0,0.0,0.0,0.0,2,0,0.0
YGR210C,0.0,0.0,0.0,0.0,4,0,0.0
YHR196W,0.0457516339869281,0.3594371544904723,22.666666666666668,17.7,18,1,1.3594371544904722
YKL099C,1.0,0.045284780578898225,2.0,2.083333333333333,2,1,1.0452847805788983
YLR129W,0.8,0.3730943526836022,5.0,2.083333333333333,5,1,1.3730943526836021
YNR043W,0.0,0.0,0.0,0.0,1,1,0.0
YNR054C,1.0,0.06132756132756133,2.0,1.1428571428571428,2,1,1.0613275613275612
YOL038W,0.2878787878787879,1.3972452966107303,9.25,24.21785714285714,12,1,2.3972452966107305
YOR078W,0.0,0.0,0.0,0.0,5,0,0.0
YCR059C,0.0,0.0,0.0,0.0,3,0,0.0
YDR400W,0.0,0.0,0.0,0.0,1,0,0.0
YJL160C,0.0,0.0,0.0,0.0,1,0,0.0
YCR060W,0.0,0.0,0.0,0.0,1,0,0.0
YHR034C,0.0,0.0,0.0,0.0,3,0,0.0
YDL035C,0.0,0.0,0.0,0.0,2,0,0.0
YER001W,0.0,0.0,0.0,0.0,1,0,0.0
YHR103W,0.1,0.05389492753623188,2.9166666666666665,0.0,5,0,1.053894927536232
YIL134W,0.0,0.0,0.0,0.0,2,0,0.0
YLR138W,0.0,0.0,0.0,0.0,4,0,0.0
YMR243C,0.0,0.0,0.0,0.0,8,0,0.0
YNL318C,0.0,0.0,0.0,0.0,2,0,0.0
YNR066C,0.3333333333333333,0.1038961038961039,5.833333333333333,2.9,3,0,1.103896103896104
YOR266W,0.0,0.0,0.0,0.0,4,0,0.0
YPR058W,0.0,0.0,0.0,0.0,3,0,0.0
YCR063W,0.3333333333333333,0.0710955710955711,4.5,0.0,3,0,1.0710955710955712
YDR408C,0.16666666666666666,0.05595238095238095,0.0,2.083333333333333,4,0,1.055952380952381
YGL058W,0.0,0.0,0.0,0.0,9,0,0.0
YLR032W,1.0,0.23333333333333334,0.0,0.0,2,0,1.2333333333333334
YCR067C,0.0,0.0,0.0,0.0,2,0,0.0
YNL171C,0.0,0.0,0.0,0.0,3,0,0.0
YCR068W,0.0,0.0,0.0,0.0,3,0,0.0
YER019W,0.0,0.0,0.0,0.0,4,0,0.0
YCR071C,0.0,0.0,0.0,0.0,2,0,0.0
YCR072C,0.4642857142857143,1.0945090248655076,16.75,6.589285714285714,8,1,2.0945090248655074
YER126C,0.3722943722943723,5.266121411292048,69.25,137.33333333333331,22,1,6.266121411292048
YGR245C,0.4117647058823529,4.447502214548492,70.33333333333334,45.50454545454545,18,1,5.447502214548492
YIL051C,0.0,0.0,0.0,0.0,3,1,0.0
YCR076C,0.0,0.0,0.0,0.0,6,0,0.0
YDL216C,0.2,1.0212765957446808,2.6666666666666665,4.85,6,0,2.0212765957446805
YDR141C,0.0,0.0,0.0,0.0,4,1,0.0
YGL143C,0.0,0.0,0.0,0.0,2,0,0.0
YIL154C,0.16666666666666666,0.03670150987224158,0.0,2.5,4,0,1.0367015098722416
YMR002W,0.0,0.0,0.0,0.0,3,0,0.0
YNR027W,0.0,0.0,0.0,0.0,1,0,0.0
YNR053C,0.19607843137254902,1.9174077712042255,37.66666666666667,101.0,18,1,2.9174077712042257
YGL062W,0.015151515151515152,0.023128342245989305,2.0,3.2857142857142856,12,0,1.0231283422459894
YMR277W,0.0,0.0,0.0,0.0,2,1,0.0
YNL014W,0.044444444444444446,0.12356731875719218,0.0,5.166666666666667,10,0,1.1235673187571922
YOR323C,0.0,0.0,0.0,0.0,2,0,0.0
YPL160W,0.16666666666666666,0.049188640973630834,0.0,2.833333333333333,4,1,1.0491886409736308
YOR023C,0.0,0.0,0.0,0.0,7,0,0.0
YDL105W,0.07142857142857142,0.12888430225891526,8.5,4.117857142857143,8,1,1.1288843022589152
YJL156C,0.0,0.0,0.0,0.0,1,1,0.0
YLR313C,0.0,0.0,0.0,0.0,6,0,0.0
YNL021W,0.10714285714285714,0.6449456975772765,5.0,6.086309523809524,8,0,1.6449456975772765
YPL220W,0.0,0.0,0.0,0.0,3,0,0.0
YPL258C,0.015503875968992248,0.44370410497997204,0.0,58.0,43,0,1.4437041049799721
YCR086W,0.04666666666666667,0.7833034290271134,34.011111111111106,18.007142857142856,25,0,1.7833034290271135
YDL214C,0.047619047619047616,0.16666666666666666,0.0,3.5,7,0,1.1666666666666667
YDR061W,0.0,0.0,0.0,0.0,2,0,0.0
YER106W,0.0,0.0,0.0,0.0,2,1,0.0
YFL008W,0.11594202898550725,2.4247981067064543,43.24999999999999,28.03055555555556,24,1,3.4247981067064543
YGL175C,0.3333333333333333,0.021600315333070556,3.0,0.8333333333333334,3,0,1.0216003153330706
YHR152W,0.013071895424836602,0.08754612956293628,0.0,3.0,18,0,1.0875461295629363
YKL077W,0.0,0.0,0.0,0.0,1,0,0.0
YOR281C,0.16666666666666666,0.33904761904761904,2.0,0.875,4,1,1.339047619047619
YCR087C-A,0.1,0.042045767852219466,0.0,11.0,5,0,1.0420457678522195
YKR092C,0.0,0.0,0.0,0.0,7,0,0.0
YLR265C,0.0,0.0,0.0,0.0,5,0,0.0
YCR087W,0.0,0.0,0.0,0.0,5,0,0.0
YDR425W,0.17857142857142858,0.6301169590643275,13.27777777777778,10.5,8,0,1.6301169590643276
YDR444W,0.0,0.0,0.0,0.0,2,0,0.0
YLL031C,0.0,0.0,0.0,0.0,2,1,0.0
YOL089C,0.0,0.0,0.0,0.0,1,0,0.0
YOR367W,1.0,0.026867924528301886,2.0,6.25,2,0,1.026867924528302
YPL008W,0.0,0.0,0.0,0.0,2,0,0.0
YPL019C,0.1,0.03220125786163522,2.25,0.3333333333333333,5,0,1.0322012578616353
YCR091W,0.0,0.0,0.0,0.0,2,0,0.0
YNR058W,0.0,0.0,0.0,0.0,8,0,0.0
YDR376W,0.0,0.0,0.0,0.0,2,1,0.0
YIL038C,0.20512820512820512,2.159545227386307,8.0,7.75,13,0,3.159545227386307
YGL090W,0.044444444444444446,0.20410740053597196,4.666666666666667,7.0,10,0,1.204107400535972
YHL029C,0.0,0.0,0.0,0.0,1,0,0.0
YNL099C,0.06666666666666667,0.2833333333333333,2.0,6.0,6,0,1.2833333333333332
YCR097W,0.0,0.0,0.0,0.0,1,0,0.0
YJL184W,0.06666666666666667,0.3666666666666667,2.0,2.6333333333333333,6,1,1.3666666666666667
YGR203W,0.13333333333333333,0.1145009881422925,7.65,7.0,6,0,1.1145009881422925
YIL059C,0.0,0.0,0.0,0.0,2,0,0.0
YIL110W,0.0,0.0,0.0,0.0,3,0,0.0
YCR101C,0.0,0.0,0.0,0.0,3,0,0.0
YGR216C,0.0,0.0,0.0,0.0,3,1,0.0
YCR105W,0.0,0.0,0.0,0.0,1,0,0.0
YJL096W,0.0,0.0,0.0,0.0,3,0,0.0
YOR114W,0.0,0.0,0.0,0.0,3,0,0.0
YDL001W,0.0,0.0,0.0,0.0,5,0,0.0
YDR207C,0.038461538461538464,0.3905228758169934,6.5,0.0,13,0,0.48901016258879904
YMR079W,0.0,0.0,0.0,0.0,2,1,0.0
YDL076C,0.2,1.5098039215686274,21.0,51.66666666666667,11,0,2.5098039215686274
YER092W,0.3333333333333333,0.2688921993499458,7.833333333333333,5.017948717948719,4,0,1.2688921993499458
YFL013C,0.1,0.07583333333333334,2.0,6.0,5,0,1.0758333333333334
YGL150C,0.16666666666666666,0.07583333333333334,2.0,2.5,4,1,1.0758333333333334
YDL003W,0.42857142857142855,1.6994749378557472,8.0,20.77777777777778,7,1,2.699474937855747
YDR180W,0.3333333333333333,0.8095238095238095,4.0,2.355555555555556,4,1,1.8095238095238095
YER147C,0.3333333333333333,0.5,4.0,0.0,3,1,1.1666666666666665
YIL026C,0.32142857142857145,1.3536210790708543,6.0,40.6,8,1,2.3536210790708543
YJL074C,0.07509881422924901,1.5264654790891672,19.583333333333332,25.40277777777778,23,1,2.5264654790891674
YER157W,0.22727272727272727,1.9106060606060604,19.17777777777778,26.68809523809524,12,1,2.91060606060606
YDL006W,0.08888888888888889,0.27118393231358573,0.0,2.4444444444444446,10,0,1.2711839323135856
YFR010W,0.7166666666666667,5.685758167694847,0.0,79.18333333333334,16,0,6.685758167694847
YLR102C,0.37777777777777777,2.677517788724685,14.5,60.333333333333336,10,0,3.677517788724685
YDL011C,0.0,0.0,0.0,0.0,2,0,0.0
YEL023C,0.0,0.0,0.0,0.0,5,0,0.0
YDL012C,0.0,0.0,0.0,0.0,8,0,0.0
YDR151C,0.0,0.0,0.0,0.0,1,1,0.0
YFR047C,0.16666666666666666,0.021600315333070556,3.0,5.0,4,0,1.0216003153330706
YHR032W,0.0,0.0,0.0,0.0,2,0,0.0
YIL172C,0.0,0.0,0.0,0.0,1,0,0.0
YJL065C,0.0,0.0,0.0,0.0,3,0,0.0
YGR159C,0.0,0.0,0.0,0.0,5,1,0.0
YHR072W-A,0.8333333333333334,0.5456168831168831,12.5,4.416666666666667,4,1,1.545616883116883
YKL078W,0.16363636363636364,0.187352142812514,34.25,33.333333333333336,11,1,1.187352142812514
YDR173C,0.3333333333333333,0.3611111111111111,2.0,0.8571428571428571,3,0,1.3611111111111112
YFR057W,0.0,0.0,0.0,0.0,1,0,0.0
YGR059W,0.0,0.0,0.0,0.0,3,0,0.0
YGR099W,0.0,0.0,0.0,0.0,4,1,0.0
YHR184W,0.1,0.029741379310344828,0.0,19.33333333333333,5,0,1.029741379310345
YHR185C,0.0,0.0,0.0,0.0,4,0,0.0
YIL041W,0.0,0.0,0.0,0.0,1,0,0.0
YJR089W,0.2,0.4247987927565392,0.0,2.125,5,1,1.424798792756539
YKL039W,0.0,0.0,0.0,0.0,1,0,0.0
YLR134W,0.03636363636363636,0.07728578892371996,2.25,4.35,11,0,1.07728578892372
YLR231C,0.0,0.0,0.0,0.0,1,0,0.0
YLR331C,0.0,0.0,0.0,0.0,2,0,0.0
YLR421C,0.5303030303030303,1.8378219901349435,6.916666666666666,69.3,12,0,2.8378219901349437
YNR048W,0.0,0.0,0.0,0.0,2,0,0.0
YOL091W,0.0,0.0,0.0,0.0,6,0,0.0
YOR006C,0.0,0.0,0.0,0.0,2,0,0.0
YOR214C,0.0,0.0,0.0,0.0,2,0,0.0
YOR313C,0.0,0.0,0.0,0.0,1,0,0.0
YPL218W,0.05555555555555555,0.1772222222222222,2.25,2.063492063492064,9,1,1.1772222222222222
YDL019C,0.5,0.07906926406926407,1.0,1.2727272727272727,4,0,1.079069264069264
YDL022W,0.0,0.0,0.0,0.0,1,0,0.0
YDL023C,0.0,0.0,0.0,0.0,1,0,0.0
YDL024C,0.0,0.0,0.0,0.0,1,0,0.0
YEL017W,0.045454545454545456,0.4087412587412588,7.666666666666666,0.0,12,0,0.5199474178516095
YGR016W,0.0,0.0,0.0,0.0,3,0,0.0
YHR009C,0.0,0.0,0.0,0.0,4,1,0.0
YLR002C,0.32727272727272727,0.8970334564028772,17.0,25.38690476190476,11,1,1.8970334564028772
YOR294W,0.09090909090909091,0.38371686792739423,8.5,3.142857142857143,11,1,1.3837168679273941
YDL026W,0.0,0.0,0.0,0.0,1,0,0.0
YDL027C,0.0,0.0,0.0,0.0,1,0,0.0
YER018C,0.3333333333333333,0.25411255411255407,2.25,6.0,4,1,1.2541125541125542
YGL093W,1.0,0.0928030303030303,0.0,0.0,2,1,1.0928030303030303
YIR010W,0.0,0.0,0.0,0.0,2,1,0.0
YJR112W,0.1323529411764706,1.638687761347048,24.583333333333332,12.780158730158732,17,1,2.638687761347048
YKL042W,0.23636363636363636,1.3228609072087334,20.611111111111114,41.25,11,1,2.3228609072087334
YKL089W,0.3333333333333333,0.16849816849816848,2.9166666666666665,2.8166666666666664,3,1,1.1684981684981686
YOL069W,0.10153846153846154,2.5118300149199984,52.375,44.583333333333336,26,1,3.5118300149199984
YOR257W,0.17857142857142858,0.644022644022644,5.8625,5.978896103896104,8,1,1.644022644022644
YOR373W,0.2,0.49523809523809526,3.2777777777777777,0.0,5,1,0.8990842490842491
YFL016C,0.0846774193548387,1.1356552635262782,239.38333333333335,42.07726162726164,32,0,2.135655263526278
YJR029W,0.0,0.0,0.0,0.0,2,0,0.0
YKL211C,0.0,0.0,0.0,0.0,5,0,0.0
YLR309C,0.047619047619047616,0.026515151515151516,0.6666666666666666,2.0404040404040407,7,0,1.0265151515151516
YDL044C,0.0,0.0,0.0,0.0,8,0,0.0
YDR421W,0.0,0.0,0.0,0.0,1,0,0.0
YDR485C,0.3333333333333333,0.7340434419381787,22.5,18.25,7,0,1.7340434419381787
YML104C,0.0,0.0,0.0,0.0,3,0,0.0
YDL031W,0.4666666666666667,0.9355798473350767,16.5,21.237910618792974,10,1,1.9355798473350767
YDL036C,0.0,0.0,0.0,0.0,2,0,0.0
YDL037C,0.0,0.0,0.0,0.0,1,0,0.0
YDL041W,0.0,0.0,0.0,0.0,2,0,0.0
YDR363W,0.0,0.0,0.0,0.0,2,0,0.0
YJR057W,0.6666666666666666,0.28296717171717173,0.0,7.111111111111112,4,1,1.2829671717171718
YLL001W,0.06666666666666667,0.03404438698556345,3.111111111111111,0.0,6,0,1.0340443869855636
YMR307W,0.0,0.0,0.0,0.0,5,0,0.0
YDR409W,0.2,0.28328068816178953,5.0,2.0723981900452486,6,0,1.2832806881617895
YER113C,0.0,0.0,0.0,0.0,4,0,0.0
YJL146W,0.0,0.0,0.0,0.0,1,0,0.0
YLL014W,0.0,0.0,0.0,0.0,1,0,0.0
YLR058C,0.038461538461538464,0.09916891156491196,7.583333333333333,8.241666666666667,13,0,1.099168911564912
YML028W,0.02197802197802198,0.05748826662447924,4.944444444444445,2.0,14,0,1.0574882666244791
YMR302C,0.0,0.0,0.0,0.0,3,0,0.0
YNL023C,0.047619047619047616,0.028182157521463233,1.0,0.0,7,0,1.0281821575214631
YNL286W,0.0,0.0,0.0,0.0,1,0,0.0
YPR121W,0.0,0.0,0.0,0.0,5,0,0.0
YDR505C,0.0,0.0,0.0,0.0,3,1,0.0
YGR056W,0.0,0.0,0.0,0.0,3,0,0.0
YDL045C,0.0,0.0,0.0,0.0,2,1,0.0
YDL046W,0.0,0.0,0.0,0.0,2,0,0.0
YDL219W,0.0,0.0,0.0,0.0,2,0,0.0
YFR019W,0.0,0.0,0.0,0.0,3,0,0.0
YGL246C,0.3333333333333333,0.022073984232868403,4.5,5.333333333333333,3,0,1.0220739842328683
YKL029C,0.0,0.0,0.0,0.0,5,0,0.0
YKL195W,0.0,0.0,0.0,0.0,4,1,0.0
YKR028W,0.10714285714285714,0.20170613700025464,10.833333333333334,2.5,8,0,1.2017061370002546
YMR028W,0.3,0.18658365410283567,0.0,7.800000000000001,5,1,1.1865836541028356
YMR196W,0.0,0.0,0.0,0.0,2,0,0.0
YNL187W,0.0,0.0,0.0,0.0,3,0,0.0
YMR289W,0.0,0.0,0.0,0.0,1,0,0.0
YOR311C,0.0,0.0,0.0,0.0,4,0,0.0
YDL050C,0.0,0.0,0.0,0.0,1,0,0.0
YDL051W,0.1111111111111111,0.22237896913814542,5.166666666666667,13.0,9,0,1.2223789691381455
YNL016W,0.06315789473684211,0.982205513784461,31.083333333333336,20.810714285714287,20,0,1.982205513784461
YDL052C,0.07575757575757576,0.40096990586960135,15.833333333333334,0.0,12,0,0.5899057203748743
YFR009W,0.2,0.32336527427691525,0.0,0.0,6,0,0.9418608763393963
YJL057C,0.015151515151515152,0.12794612794612795,0.0,2.6095238095238096,12,0,1.127946127946128
YER140W,0.0,0.0,0.0,0.0,5,0,0.0
YMR013C,0.0,0.0,0.0,0.0,1,1,0.0
YDR266C,0.027777777777777776,0.0613359023763648,4.5,1.5,9,0,1.0613359023763649
YJR042W,0.275,2.8986771843955577,16.84166666666667,35.785714285714285,16,1,3.8986771843955577
YDL056W,0.0,0.0,0.0,0.0,3,0,0.0
YHR206W,0.1,0.2222222222222222,0.0,0.0,5,0,0.6722222222222223
YDL130W,0.02857142857142857,0.37662337662337664,4.0,7.2,15,0,1.3766233766233766
YER031C,0.06593406593406594,0.6380417956656347,12.791666666666666,5.286842105263158,14,0,1.6380417956656346
YER052C,0.01818181818181818,0.04206349206349206,0.0,3.5,11,0,1.0420634920634921
YER062C,0.03571428571428571,0.02528560548362529,2.9166666666666665,3.333333333333333,8,0,1.0252856054836252
YFL045C,0.01098901098901099,0.03495419309372798,9.333333333333334,0.0,14,1,0.3493373905414416
YGR049W,0.0,0.0,0.0,0.0,3,0,0.0
YIL053W,0.02564102564102564,0.08903896546211537,1.0,0.0,13,0,0.3770142974748787
YKL127W,0.0,0.0,0.0,0.0,4,0,0.0
YER006W,0.22134387351778656,2.5850038137588762,112.0,32.97857142857143,23,1,3.5850038137588762
YOR145C,0.3,0.1967921268124108,4.111111111111112,4.4,5,1,1.1967921268124109
YDL061C,0.0,0.0,0.0,0.0,1,0,0.0
YDL062W,0.0,0.0,0.0,0.0,1,0,0.0
YPL131W,0.2,0.09469089961566021,4.916666666666667,4.800000000000001,5,1,1.0946908996156601
YMR168C,0.2,0.648608316566063,7.333333333333334,0.0,6,1,0.9569608228349666
YDR244W,0.32142857142857145,1.1368666056166057,12.399999999999999,7.55,8,0,2.1368666056166057
YGR242W,0.0,0.0,0.0,0.0,2,0,0.0
YJL210W,0.1,0.05384615384615385,10.133333333333335,2.0,5,0,1.0538461538461539
YLR063W,0.3333333333333333,0.05512820512820513,12.6,2.128571428571429,3,0,1.0551282051282052
YML042W,0.022222222222222223,0.14957264957264957,3.3777777777777778,2.5,10,0,1.1495726495726495
YNL214W,0.5238095238095238,1.2560297005861523,11.322222222222223,4.65,7,0,2.2560297005861525
YOL147C,0.0,0.0,0.0,0.0,2,0,0.0
YDL066W,0.0,0.0,0.0,0.0,4,0,0.0
YPL109C,0.0,0.0,0.0,0.0,4,0,0.0
YDL067C,0.0,0.0,0.0,0.0,4,1,0.0
YHR051W,0.0,0.0,0.0,0.0,2,0,0.0
YNL052W,0.0,0.0,0.0,0.0,1,0,0.0
YDL069C,0.0,0.0,0.0,0.0,1,0,0.0
YLR399C,0.12727272727272726,0.7340434419381787,22.5,9.833333333333334,11,0,1.7340434419381787
YOL131W,0.0,0.0,0.0,0.0,13,0,0.0
YDL071C,0.0,0.0,0.0,0.0,5,0,0.0
YDR183W,0.0,0.0,0.0,0.0,3,0,0.0
YGR269W,0.0,0.0,0.0,0.0,3,0,0.0
YNL155W,0.0,0.0,0.0,0.0,2,0,0.0
YDL072C,0.0,0.0,0.0,0.0,4,0,0.0
YDL073W,0.0,0.0,0.0,0.0,1,0,0.0
YDL074C,0.16363636363636364,1.1449802371541502,23.333333333333332,3.708333333333333,11,0,2.14498023715415
YDR295C,0.17777777777777778,0.9588105344005173,19.0,10.291666666666666,10,0,1.9588105344005173
YNL153C,0.1,0.375,0.0,2.583333333333333,5,0,1.375
YPL055C,0.0,0.0,0.0,0.0,1,0,0.0
YDL075W,0.0,0.0,0.0,0.0,1,0,0.0
YER088C,0.0,0.0,0.0,0.0,2,0,0.0
YMR263W,0.14285714285714285,0.3588235294117647,8.5,11.958333333333334,7,0,1.3588235294117648
YDL077C,0.4,1.2555555555555555,10.916666666666666,0.0,5,0,1.5741396263520158
YDL079C,0.0,0.0,0.0,0.0,5,0,0.0
YDR081C,0.0,0.0,0.0,0.0,1,1,0.0
YDL081C,0.027777777777777776,0.0167601683029453,4.5,3.0,9,0,1.0167601683029452
YEL054C,0.06666666666666667,0.18253968253968253,2.0,0.0,6,0,0.5477570738440304
YGR209C,0.0,0.0,0.0,0.0,3,0,0.0
YPR078C,0.0,0.0,0.0,0.0,4,0,0.0
YDL082W,0.0,0.0,0.0,0.0,1,0,0.0
YER063W,0.047619047619047616,0.18992248062015504,0.0,0.0,7,0,0.44065134359391595
YMR314W,0.31666666666666665,2.783323572303526,8.0,50.45,16,1,3.783323572303526
YDL085W,0.0,0.0,0.0,0.0,3,0,0.0
YGR139W,0.0,0.0,0.0,0.0,3,0,0.0
YDL087C,0.31620553359683795,5.961815976242931,204.16666666666666,93.4,23,1,6.961815976242931
YDL088C,0.3333333333333333,0.28703703703703703,2.3625,15.142857142857142,3,0,1.287037037037037
YML031W,0.1,0.28703703703703703,1.6,22.0,5,1,1.287037037037037
YMR153W,0.026455026455026454,0.647359058565955,14.820833333333335,15.110714285714286,28,0,1.647359058565955
YDR233C,0.0,0.0,0.0,0.0,4,1,0.0
YLR324W,0.08888888888888889,0.469554925361377,9.75,0.0,10,0,0.6588594861014834
YDL090C,0.0,0.0,0.0,0.0,2,0,0.0
YKL019W,0.0,0.0,0.0,0.0,3,1,0.0
YIL022W,0.2,0.38748661956754443,6.25,0.0,6,1,0.9036334744530385
YDL092W,1.0,1.0769230769230769,2.25,3.0,2,1,2.0769230769230766
YKL122C,1.0,1.0769230769230769,2.25,4.5,2,1,2.0769230769230766
YDL094C,0.0,0.0,0.0,0.0,2,0,0.0
YDL196W,0.0,0.0,0.0,0.0,2,1,0.0
YDL095W,0.0,0.0,0.0,0.0,1,0,0.0
YDL096C,0.0,0.0,0.0,0.0,1,0,0.0
YDL099W,0.0,0.0,0.0,0.0,2,0,0.0
YKL050C,0.0,0.0,0.0,0.0,3,0,0.0
YDL121C,0.0,0.0,0.0,0.0,2,0,0.0
YDR304C,0.0,0.0,0.0,0.0,1,0,0.0
YDR415C,0.0,0.0,0.0,0.0,3,0,0.0
YDR431W,0.0,0.0,0.0,0.0,1,0,0.0
YDR513W,0.0,0.0,0.0,0.0,1,0,0.0
YER083C,0.0,0.0,0.0,0.0,4,0,0.0
YGL020C,0.0,0.0,0.0,0.0,1,0,0.0
YGR189C,0.0,0.0,0.0,0.0,3,0,0.0
YHR057C,0.0,0.0,0.0,0.0,4,0,0.0
YHR128W,0.0,0.0,0.0,0.0,7,1,0.0
YHR180W,0.0,0.0,0.0,0.0,3,0,0.0
YJL075C,0.0,0.0,0.0,0.0,2,0,0.0
YKL062W,0.0,0.0,0.0,0.0,4,0,0.0
YKR100C,0.0,0.0,0.0,0.0,2,0,0.0
YML101C,0.0,0.0,0.0,0.0,2,0,0.0
YNL199C,0.027777777777777776,0.0253441802252816,4.5,0.0,9,0,1.0253441802252816
YOL111C,0.0,0.0,0.0,0.0,5,0,0.0
YOL159C,0.0,0.0,0.0,0.0,1,0,0.0
YOR164C,0.06666666666666667,0.09741784037558684,5.833333333333333,4.333333333333333,6,0,1.0974178403755868
YPL252C,0.0,0.0,0.0,0.0,1,1,0.0
YPR037C,0.0,0.0,0.0,0.0,2,0,0.0
YDR051C,0.0,0.0,0.0,0.0,1,0,0.0
YFL030W,0.0,0.0,0.0,0.0,4,0,0.0
YGR130C,0.047619047619047616,0.07204968944099378,0.0,0.0,7,0,0.7329692296708789
YLR234W,0.16666666666666666,0.24761904761904763,0.0,0.0,4,0,0.9206959706959706
YMR031C,0.0,0.0,0.0,0.0,1,0,0.0
YMR086W,0.0,0.0,0.0,0.0,2,0,0.0
YPL269W,0.0,0.0,0.0,0.0,3,0,0.0
YDL102W,1.0,0.8333333333333333,2.0,0.0,2,1,1.8333333333333333
YJR006W,0.3333333333333333,0.8333333333333333,2.0,0.0,3,1,1.2333333333333334
YDL103C,0.0,0.0,0.0,0.0,1,1,0.0
YDR288W,0.0,0.0,0.0,0.0,2,1,0.0
YDL104C,0.0,0.0,0.0,0.0,1,0,0.0
YHR216W,0.1111111111111111,0.15557537069261113,21.916666666666664,10.6,9,0,1.155575370692611
YKR099W,0.0,0.0,0.0,0.0,6,0,0.0
YDL108W,0.12727272727272726,0.6660303594826588,7.0,2.0588235294117645,11,1,1.6660303594826589
YDR460W,0.4,0.4361933025444712,6.0,9.8,5,1,1.436193302544471
YGL134W,0.18181818181818182,1.315702189966896,17.333333333333332,11.75,12,0,2.315702189966896
YLR005W,0.2,0.16624423963133642,6.5,1.8888888888888888,5,1,1.1662442396313364
YOR299W,0.0,0.0,0.0,0.0,20,0,0.0
YDL110C,0.0,0.0,0.0,0.0,4,0,0.0
YKL015W,0.0,0.0,0.0,0.0,2,0,0.0
YLR125W,0.0,0.0,0.0,0.0,5,0,0.0
YDL111C,0.6388888888888888,3.336530447559859,17.916666666666668,16.7999444999445,9,1,4.336530447559859
YDL114W,0.0,0.0,0.0,0.0,3,0,0.0
YDL123W,0.16666666666666666,0.06439024390243903,0.0,0.0,4,0,1.064390243902439
YLR040C,0.0,0.0,0.0,0.0,1,0,0.0
YDL115C,0.0,0.0,0.0,0.0,1,0,0.0
YDR335W,0.11956521739130435,2.2347579052877786,0.0,30.31748529248529,24,0,3.2347579052877786
YGL092W,0.23157894736842105,3.1272168922144274,24.008333333333333,26.424908424908427,20,1,4.1272168922144274
YGL179C,0.06666666666666667,0.05253623188405797,0.0,1.5,6,0,1.0525362318840579
YGL263W,0.0,0.0,0.0,0.0,3,0,0.0
YKL057C,0.2857142857142857,2.785761506384438,15.841666666666667,26.612637362637365,15,0,3.785761506384438
YKR082W,0.509090909090909,2.3716194119097675,12.416666666666668,24.505586080586085,11,0,3.3716194119097675
YOL014W,0.0,0.0,0.0,0.0,3,0,0.0
YOR180C,0.1,0.3125,9.333333333333334,2.083333333333333,5,0,1.3125
YPL091W,0.0,0.0,0.0,0.0,2,0,0.0
YDR104C,1.0,0.03796169630642955,0.0,0.0,2,0,1.0379616963064295
YDR208W,0.0,0.0,0.0,0.0,1,1,0.0
YGL144C,0.1,0.020413620966304155,0.0,1.25,5,0,1.0204136209663042
YGR233C,0.10714285714285714,0.42215219421101774,4.0,2.2,8,0,1.4221521942110178
YGR276C,0.0,0.0,0.0,0.0,2,0,0.0
YJL083W,0.0,0.0,0.0,0.0,4,0,0.0
YKR027W,0.16666666666666666,0.037340320995741895,2.9166666666666665,3.6666666666666665,4,0,1.037340320995742
YLR073C,0.0,0.0,0.0,0.0,3,0,0.0
YLR142W,0.0,0.0,0.0,0.0,1,0,0.0
YLR410W,0.0,0.0,0.0,0.0,1,0,0.0
YNL277W-A,0.0,0.0,0.0,0.0,1,0,0.0
YOL095C,0.0,0.0,0.0,0.0,2,0,0.0
YPL009C,0.0,0.0,0.0,0.0,3,0,0.0
YDL118W,0.0,0.0,0.0,0.0,2,0,0.0
YDL119C,0.0,0.0,0.0,0.0,1,0,0.0
YMR305C,0.0,0.0,0.0,0.0,2,0,0.0
YDL125C,0.0,0.0,0.0,0.0,2,0,0.0
YDR049W,1.0,0.0936426116838488,0.8,4.0,2,0,1.093642611683849
YER007W,0.0,0.0,0.0,0.0,6,0,0.0
YGR078C,0.4,1.3472222222222223,0.0,7.999999999999999,5,0,2.3472222222222223
YJR017C,0.023333333333333334,0.38773374843830694,6.666666666666667,7.275613275613276,25,1,1.387733748438307
YML068W,0.0,0.0,0.0,0.0,4,1,0.0
YPR015C,0.027777777777777776,0.01608962517132471,0.0,0.0,9,1,1.0160896251713247
YDL127W,0.0,0.0,0.0,0.0,5,0,0.0
YER005W,0.25,0.6562465863075618,16.25,7.166666666666667,9,1,1.656246586307562
YKL102C,0.0,0.0,0.0,0.0,1,0,0.0
YDL129W,0.0,0.0,0.0,0.0,2,0,0.0
YDR367W,0.0,0.0,0.0,0.0,2,1,0.0
YDR399W,0.0,0.0,0.0,0.0,2,0,0.0
YJL208C,0.0,0.0,0.0,0.0,3,0,0.0
YJR012C,0.0,0.0,0.0,0.0,1,1,0.0
YJR108W,0.0,0.0,0.0,0.0,3,0,0.0
YLR051C,0.16666666666666666,0.3435374149659864,4.666666666666667,2.0,4,1,1.3435374149659864
YLR287C,0.3333333333333333,0.11688311688311688,2.0,5.0,3,0,1.1168831168831168
YDL131W,0.0,0.0,0.0,0.0,1,0,0.0
YDR054C,0.2857142857142857,0.5379456178089562,11.666666666666666,11.812885154061624,8,1,1.5379456178089561
YDR139C,0.38095238095238093,0.47171185157519,0.0,10.427100840336134,7,0,1.47171185157519
YDR274C,0.0,0.0,0.0,0.0,1,0,0.0
YER156C,0.0,0.0,0.0,0.0,4,0,0.0
YFL009W,0.18181818181818182,0.8297292351120269,19.333333333333332,18.1,11,1,1.829729235112027
YGL249W,0.0,0.0,0.0,0.0,3,0,0.0
YGR171C,0.0,0.0,0.0,0.0,1,0,0.0
YHR073W,0.1,0.029236022193768675,5.833333333333333,2.7403846153846154,5,0,1.0292360221937686
YHR124W,1.0,0.025052505250525055,4.0,3.6,2,0,1.025052505250525
YJL149W,1.0,0.029236022193768675,0.0,2.5955882352941178,2,0,1.0292360221937686
YLR100W,0.0,0.0,0.0,0.0,3,1,0.0
YLR352W,0.19047619047619047,0.09941356368916811,0.0,7.973529411764705,7,0,1.0994135636891682
YLR368W,0.03636363636363636,0.09093957685506981,2.9166666666666665,8.4,11,0,1.0909395768550698
YML088W,0.16666666666666666,0.029236022193768675,0.0,4.166666666666667,4,0,1.0292360221937686
YMR297W,0.0,0.0,0.0,0.0,5,0,0.0
YNL015W,0.3,0.07827402458555716,5.166666666666666,18.666666666666668,5,0,1.078274024585557
YOR057W,0.2222222222222222,0.529546871823778,0.0,32.06666666666667,9,1,1.529546871823778
YMR052W,0.08333333333333333,0.41284440197483674,0.0,7.666666666666667,9,0,1.4128444019748367
YER159C-A,0.16666666666666666,0.05877616747181964,0.0,2.017857142857143,4,0,1.0587761674718197
YGR142W,0.0,0.0,0.0,0.0,4,0,0.0
YHR075C,0.3333333333333333,0.05877616747181964,0.0,2.017857142857143,3,0,1.0587761674718197
YPR040W,0.022222222222222223,0.05877616747181964,0.0,7.5,10,1,1.0587761674718197
YDL135C,0.0,0.0,0.0,0.0,4,0,0.0
YDL137W,0.2,0.15135316985645933,17.0,13.0,5,0,1.1513531698564594
YDR007W,0.0,0.0,0.0,0.0,3,0,0.0
YEL026W,0.1,0.06227106227106227,2.25,0.875,5,1,1.0622710622710623
YJL186W,0.0,0.0,0.0,0.0,1,0,0.0
YLL015W,0.0,0.0,0.0,0.0,5,0,0.0
YMR035W,0.0,0.0,0.0,0.0,2,0,0.0
YPL145C,0.0,0.0,0.0,0.0,1,0,0.0
YPR077C,0.0,0.0,0.0,0.0,2,0,0.0
YJL164C,0.14130434782608695,2.6559562260921448,27.75,53.58333333333334,24,1,3.6559562260921448
YJR110W,0.06593406593406594,0.43799069081441405,34.75,6.776785714285714,14,0,1.437990690814414
YKR062W,0.3333333333333333,0.3647186147186147,3.0,1.3333333333333333,4,1,1.3647186147186148
YNL251C,0.3333333333333333,1.1105263157894736,25.0,14.818333333333332,7,1,2.110526315789474
YNL266W,0.0,0.0,0.0,0.0,3,0,0.0
YOL005C,0.5277777777777778,1.6136230265946487,18.5,60.66666666666667,9,1,2.6136230265946487
YOR210W,0.175,1.3021987781109587,15.0,18.331746031746032,16,1,2.3021987781109585
YPL228W,1.0,0.07644110275689223,2.0,0.0,2,1,1.0764411027568923
YPR187W,0.23076923076923078,1.0498393169199758,16.75,3.4222222222222216,13,1,2.049839316919976
YGL119W,0.0,0.0,0.0,0.0,2,0,0.0
YDL144C,0.0,0.0,0.0,0.0,1,0,0.0
YDR088C,0.06666666666666667,0.08193979933110368,2.0,1.6,6,1,1.0819397993311037
YER122C,0.17857142857142858,0.3940909090909091,19.7,5.595238095238096,8,0,1.394090909090909
YFR051C,0.4065934065934066,3.222690225974101,31.770833333333332,29.06547619047619,14,1,4.222690225974101
YPL010W,0.9333333333333333,1.1189588189588189,10.9375,24.75,6,1,2.118958818958819
YPL222W,0.0,0.0,0.0,0.0,4,0,0.0
YKL070W,0.0,0.0,0.0,0.0,1,0,0.0
YDR179C,0.13333333333333333,0.6212765957446809,2.9166666666666665,4.666666666666667,6,0,1.6212765957446809
YDR201W,0.0989010989010989,0.9702263635767472,11.75,9.666666666666666,14,1,1.9702263635767472
YDR341C,0.0,0.0,0.0,0.0,3,1,0.0
YJL001W,0.15555555555555556,0.5575102725727685,4.0,10.066666666666666,10,1,1.5575102725727685
YDL149W,0.1,0.026289682539682536,0.0,0.0,5,0,1.0262896825396826
YKL064W,0.0,0.0,0.0,0.0,4,0,0.0
YLR065C,0.0,0.0,0.0,0.0,2,0,0.0
YDL150W,0.6666666666666666,1.5565247252747252,16.5,8.541666666666666,6,1,2.556524725274725
YDR040C,0.0,0.0,0.0,0.0,2,0,0.0
YDR269C,0.0,0.0,0.0,0.0,2,0,0.0
YDR422C,0.038461538461538464,0.15107279539317203,4.875,9.04945054945055,13,0,1.151072795393172
YFL001W,0.0,0.0,0.0,0.0,1,0,0.0
YGL250W,0.0,0.0,0.0,0.0,6,0,0.0
YGR160W,0.0,0.0,0.0,0.0,3,0,0.0
YGR290W,0.0,0.0,0.0,0.0,2,0,0.0
YHR203C,0.0,0.0,0.0,0.0,2,0,0.0
YJL175W,0.0,0.0,0.0,0.0,1,0,0.0
YNL280C,0.0,0.0,0.0,0.0,2,0,0.0
YOL118C,0.0,0.0,0.0,0.0,1,0,0.0
YOR252W,0.0,0.0,0.0,0.0,2,0,0.0
YOR309C,0.0,0.0,0.0,0.0,1,0,0.0
YOR314W,0.0,0.0,0.0,0.0,4,0,0.0
YOR321W,0.0,0.0,0.0,0.0,2,0,0.0
YPR029C,0.23809523809523808,1.1525722339675828,16.033333333333335,4.633333333333333,7,0,2.152572233967583
YGL170C,0.13333333333333333,0.06370753679920638,4.916666666666666,4.0,6,0,1.0637075367992064
YMR224C,0.2,0.39535330261136714,0.0,2.355555555555556,5,0,1.3953533026113671
YER107C,0.14285714285714285,0.12946749429788856,2.458333333333333,8.285714285714286,8,0,1.1294674942978886
YIL115C,0.20512820512820512,1.2757172856796717,18.458333333333336,21.073809523809523,13,1,2.2757172856796717
YDL158C,0.0,0.0,0.0,0.0,1,0,0.0
YLR113W,0.036923076923076927,0.7034940982732568,1.0,5.798290598290598,26,0,1.7034940982732567
YMR276W,0.15384615384615385,0.8712114790395465,8.0,42.25,13,1,1.8712114790395464
YDL159W-A,0.0,0.0,0.0,0.0,1,0,0.0
YGR178C,0.03571428571428571,0.0680161943319838,2.5277777777777777,0.0,8,0,0.5931012283455892
YDL161W,0.2,0.1978799483115703,8.625,3.2285714285714286,6,0,1.1978799483115703
YOR111W,0.0,0.0,0.0,0.0,2,0,0.0
YDL162C,0.0,0.0,0.0,0.0,2,0,0.0
YOR378W,0.0,0.0,0.0,0.0,3,0,0.0
YDL168W,0.0,0.0,0.0,0.0,1,0,0.0
YER117W,0.009523809523809525,0.024868705591597158,2.0,3.157142857142857,15,0,1.0248687055915973
YDL172C,0.0,0.0,0.0,0.0,3,0,0.0
YEL070W,0.0,0.0,0.0,0.0,3,0,0.0
YMR303C,0.01098901098901099,0.08473557692307693,13.3,1.6,14,0,1.0847355769230769
YOR204W,0.0,0.0,0.0,0.0,4,1,0.0
YDL178W,0.0,0.0,0.0,0.0,2,0,0.0
YDL180W,0.0,0.0,0.0,0.0,1,0,0.0
YLR452C,0.005847953216374269,0.06837606837606837,0.0,10.0,19,0,1.0683760683760684
YGR089W,0.022222222222222223,0.15458937198067632,2.9166666666666665,0.0,10,0,0.29833937198067634
YKR054C,0.09523809523809523,0.267287784679089,6.0,2.05,7,0,1.2672877846790889
YDL183C,0.0,0.0,0.0,0.0,1,0,0.0
YNL313C,0.0,0.0,0.0,0.0,7,1,0.0
YDL186W,0.0,0.0,0.0,0.0,4,0,0.0
YML092C,0.11827956989247312,3.189698896453953,36.125,60.8,31,1,4.189698896453953
YML126C,0.07142857142857142,0.04395475356854296,0.0,9.833333333333334,8,1,1.043954753568543
YNL085W,0.058333333333333334,0.23378039443033,0.0,116.0,16,0,1.23378039443033
YOR157C,0.16363636363636364,0.9124196180055667,9.5,14.866666666666664,11,1,1.9124196180055666
YOR362C,0.1286549707602339,1.594330027995404,13.5,21.63809523809524,19,1,2.594330027995404
YPL003W,0.0,0.0,0.0,0.0,5,0,0.0
YER057C,0.0,0.0,0.0,0.0,2,0,0.0
YDL191W,0.3,0.3111322377325491,14.0,2.225,5,0,1.3111322377325492
YPR176C,0.0,0.0,0.0,0.0,2,1,0.0
YFL022C,0.0,0.0,0.0,0.0,6,1,0.0
YGR062C,0.0,0.0,0.0,0.0,1,0,0.0
YOR026W,0.0,0.0,0.0,0.0,6,0,0.0
YDL195W,0.13333333333333333,1.422910970608339,20.527777777777775,9.8,16,1,2.422910970608339
YIL109C,0.25757575757575757,1.898288378288378,17.3125,4.23015873015873,12,1,2.898288378288378
YPR181C,0.12554112554112554,2.278374421342251,33.77083333333333,6.358730158730159,22,1,3.278374421342251
YEL024W,0.0,0.0,0.0,0.0,1,0,0.0
YKL073W,0.16666666666666666,0.022291021671826623,0.0,4.333333333333333,4,0,1.0222910216718266
YLR109W,0.027777777777777776,0.18253968253968253,0.0,3.8,9,0,1.1825396825396826
YDL201W,0.0,0.0,0.0,0.0,1,0,0.0
YDL202W,0.0,0.0,0.0,0.0,2,0,0.0
YER009W,0.19696969696969696,0.9155436053681608,45.166666666666664,49.5,12,1,1.915543605368161
YGR058W,0.027777777777777776,0.08966244725738397,3.111111111111111,0.0,9,0,0.3994663688260114
YMR110C,0.0,0.0,0.0,0.0,1,0,0.0
YOL065C,0.2,0.10712250712250712,8.583333333333334,8.0,5,0,1.107122507122507
YDL207W,0.3,0.7833333333333333,4.0,9.075,5,1,1.7833333333333332
YOR206W,0.29411764705882354,2.0536071350748184,25.5,41.75,17,1,3.0536071350748184
YLR426W,0.0,0.0,0.0,0.0,5,0,0.0
YGL230C,0.0,0.0,0.0,0.0,3,0,0.0
YNL238W,0.4,0.15448740694642335,7.166666666666666,9.633333333333333,5,0,1.1544874069464233
YDR194C,0.10714285714285714,0.1679030910609858,6.0,2.355555555555556,8,0,1.1679030910609858
YEL055C,0.14285714285714285,0.2189327485380117,0.0,9.11111111111111,8,1,1.2189327485380117
YFR032C,0.0,0.0,0.0,0.0,1,0,0.0
YGL068W,0.0,0.0,0.0,0.0,4,1,0.0
YGR198W,0.0,0.0,0.0,0.0,2,1,0.0
YHL038C,0.0,0.0,0.0,0.0,1,0,0.0
YJR041C,0.0,0.0,0.0,0.0,1,1,0.0
YKR024C,0.2,0.14110503531556162,7.0,2.0,6,0,1.1411050353155616
YLL027W,0.0,0.0,0.0,0.0,4,0,0.0
YMR229C,0.13186813186813187,0.66703273088101,9.75,12.922222222222222,14,1,1.66703273088101
YEL013W,0.0,0.0,0.0,0.0,10,0,0.0
YML011C,0.0,0.0,0.0,0.0,5,0,0.0
YDL215C,0.0,0.0,0.0,0.0,4,0,0.0
YMR025W,0.13333333333333333,0.4696400625978091,5.833333333333333,4.662271062271062,6,0,1.4696400625978092
YOL117W,0.3333333333333333,0.4739854971412634,5.833333333333333,12.166666666666668,4,0,1.4739854971412634
YDL218W,0.0,0.0,0.0,0.0,1,0,0.0
YGL044C,0.030303030303030304,0.5575410097149227,21.333333333333332,2.083333333333333,22,1,1.5575410097149227
YDR082W,0.3333333333333333,0.473015873015873,5.5,3.8666666666666663,4,1,1.4730158730158731
YLR010C,1.0,0.38888888888888884,1.0,2.2666666666666666,2,1,1.3888888888888888
YDL221W,0.0,0.0,0.0,0.0,1,1,0.0
YDL223C,0.0,0.0,0.0,0.0,1,0,0.0
YDL224C,0.0,0.0,0.0,0.0,4,0,0.0
YJR070C,0.06666666666666667,0.03611793611793612,8.125,2.6666666666666665,6,0,1.036117936117936
YDR264C,0.06666666666666667,0.3576420625028851,1.9444444444444444,6.375,10,0,1.357642062502885
YKL126W,0.07272727272727272,0.45324675324675323,5.03,1.4,11,0,1.4532467532467532
YKR088C,0.027777777777777776,0.2159090909090909,2.9166666666666665,0.0,9,0,0.34456406166932485
YOL129W,0.0,0.0,0.0,0.0,4,0,0.0
YOR327C,0.03636363636363636,0.39090909090909093,2.25,4.083333333333334,11,0,1.3909090909090909
YPR113W,0.0,0.0,0.0,0.0,2,1,0.0
YPR183W,0.1,0.18707482993197277,1.0,0.1666666666666666,5,1,1.0779839208410635
YHR117W,0.0,0.0,0.0,0.0,2,0,0.0
YGL226C-A,0.9523809523809523,3.225238050412199,7.0,2.083333333333333,7,0,3.8711852024579447
YOR085W,0.4444444444444444,2.8760317012058496,7.0,2.083333333333333,10,0,3.6004094375360305
YOR103C,0.7142857142857143,3.225238050412199,7.0,7.999999999999999,8,1,4.225238050412199
YDL233W,0.0,0.0,0.0,0.0,4,0,0.0
YDL235C,0.0,0.0,0.0,0.0,3,1,0.0
YDL236W,0.0,0.0,0.0,0.0,1,0,0.0
YDL237W,0.0,0.0,0.0,0.0,2,0,0.0
YLR085C,0.0,0.0,0.0,0.0,1,0,0.0
YPR148C,0.0,0.0,0.0,0.0,2,0,0.0
YDR273W,0.0,0.0,0.0,0.0,3,0,0.0
YKL192C,0.0,0.0,0.0,0.0,4,1,0.0
YLR072W,0.0,0.0,0.0,0.0,4,0,0.0
YNR012W,0.022222222222222223,0.11724608043626449,0.0,0.0,10,0,0.30678096415719475
YOR324C,0.03571428571428571,0.051742919389978215,2.25,0.0,8,0,0.7419684832997526
YDL241W,0.0,0.0,0.0,0.0,1,0,0.0
YDL243C,0.0,0.0,0.0,0.0,1,0,0.0
YNL331C,0.13333333333333333,0.05898528465822393,0.0,2.5,6,0,1.058985284658224
YDL245C,0.0,0.0,0.0,0.0,2,0,0.0
YDL246C,0.4,0.9408457261218576,0.0,9.9,6,0,1.9408457261218577
YJR037W,0.3333333333333333,0.20465116279069767,0.0,0.0,3,0,1.2046511627906977
YJR159W,0.3333333333333333,0.8035416508867479,0.0,19.5,7,0,1.803541650886748
YDL248W,0.0,0.0,0.0,0.0,1,0,0.0
YFL004W,0.0,0.0,0.0,0.0,3,0,0.0
YLR270W,0.0,0.0,0.0,0.0,3,0,0.0
YMR235C,0.03636363636363636,0.27142857142857146,5.5,4.390151515151515,11,1,1.2714285714285714
YDR003W,0.0,0.0,0.0,0.0,1,0,0.0
YDR004W,0.058823529411764705,0.2609163576381106,20.5,22.50952380952381,17,0,1.2609163576381106
YJL023C,0.0,0.0,0.0,0.0,2,0,0.0
YDR005C,0.1,0.042045767852219466,0.0,0.0,5,0,1.0420457678522195
YDR006C,0.0,0.0,0.0,0.0,2,0,0.0
YOR242C,0.0,0.0,0.0,0.0,3,0,0.0
YDR009W,0.0,0.0,0.0,0.0,2,0,0.0
YDR012W,0.0,0.0,0.0,0.0,1,0,0.0
YDR013W,0.0,0.0,0.0,0.0,1,1,0.0
YDR016C,0.16666666666666666,1.1482905982905982,6.0,7.285714285714286,9,1,2.148290598290598
YKL052C,0.16666666666666666,0.325,2.0,2.333333333333333,4,1,1.325
YKR037C,0.3333333333333333,0.7771186950764415,6.5625,8.666666666666666,6,1,1.7771186950764415
YDR017C,1.0,0.024489795918367346,0.0,3.0,2,0,1.0244897959183674
YDR018C,0.0,0.0,0.0,0.0,1,0,0.0
YDR479C,0.0,0.0,0.0,0.0,4,0,0.0
YDR020C,0.0,0.0,0.0,0.0,1,0,0.0
YDR021W,0.0,0.0,0.0,0.0,3,1,0.0
YDR024W,0.0,0.0,0.0,0.0,1,0,0.0
YDR484W,0.19444444444444445,1.3521088861076347,10.020833333333332,7.857142857142857,9,0,2.3521088861076347
YJL029C,0.6,1.4800420168067228,11.86111111111111,5.3896103896103895,5,0,2.4800420168067228
YDR031W,0.0,0.0,0.0,0.0,1,0,0.0
YDR438W,0.0,0.0,0.0,0.0,2,0,0.0
YER038C,0.0,0.0,0.0,0.0,3,1,0.0
YER044C,0.0,0.0,0.0,0.0,3,0,0.0
YER064C,0.0,0.0,0.0,0.0,5,0,0.0
YFR055W,0.0,0.0,0.0,0.0,2,0,0.0
YGL125W,0.0,0.0,0.0,0.0,1,0,0.0
YGL169W,0.0,0.0,0.0,0.0,2,1,0.0
YGL223C,0.6,0.9227272727272726,5.0,13.25,5,0,1.9227272727272726
YGR111W,0.0,0.0,0.0,0.0,3,0,0.0
YGR124W,0.0,0.0,0.0,0.0,2,0,0.0
YHR060W,0.07272727272727272,0.5251227495908347,0.0,1.7999999999999998,11,0,1.5251227495908348
YIL145C,0.0,0.0,0.0,0.0,3,0,0.0
YIR026C,0.0761904761904762,0.5354376349480865,0.0,6.809920634920635,15,0,1.5354376349480865
YJL185C,0.0,0.0,0.0,0.0,3,0,0.0
YJR075W,0.3,1.2857142857142856,5.25,8.0,5,0,2.2857142857142856
YLR328W,0.10714285714285714,0.3744657638380539,8.0,7.0,8,0,1.374465763838054
YMR064W,0.0,0.0,0.0,0.0,3,0,0.0
YMR187C,0.0,0.0,0.0,0.0,3,0,0.0
YOR009W,0.0,0.0,0.0,0.0,1,0,0.0
YPL102C,0.0,0.0,0.0,0.0,1,0,0.0
YPL114W,0.0,0.0,0.0,0.0,2,0,0.0
YPR136C,0.0,0.0,0.0,0.0,2,1,0.0
YMR188C,1.0,0.08739495798319327,2.0,2.333333333333333,2,0,1.0873949579831932
YPR056W,0.0,0.0,0.0,0.0,4,1,0.0
YDR038C,0.0,0.0,0.0,0.0,3,0,0.0
YDR380W,0.0,0.0,0.0,0.0,2,0,0.0
YDR042C,0.0,0.0,0.0,0.0,2,0,0.0
YLR413W,0.0,0.0,0.0,0.0,4,0,0.0
YDR044W,0.0,0.0,0.0,0.0,3,1,0.0
YDR077W,0.0,0.0,0.0,0.0,1,0,0.0
YDR045C,0.5,0.3864468864468864,1.5,0.0,4,1,1.3864468864468864
YDR050C,0.0,0.0,0.0,0.0,1,1,0.0
YDR055W,0.0,0.0,0.0,0.0,1,0,0.0
YDR056C,0.0,0.0,0.0,0.0,2,0,0.0
YLR221C,0.0,0.0,0.0,0.0,4,0,0.0
YOL077C,0.37777777777777777,0.7794156224919316,15.416666666666668,14.226190476190476,10,1,1.7794156224919315
YPL024W,0.0,0.0,0.0,0.0,2,0,0.0
YDR063W,0.0,0.0,0.0,0.0,3,0,0.0
YGL239C,0.0,0.0,0.0,0.0,2,1,0.0
YDR066C,0.0,0.0,0.0,0.0,1,0,0.0
YDR067C,0.0,0.0,0.0,0.0,1,0,0.0
YDR068W,0.0,0.0,0.0,0.0,2,0,0.0
YDR070C,0.0,0.0,0.0,0.0,2,0,0.0
YER089C,0.3333333333333333,0.2285714285714286,0.0,0.0,3,0,1.2285714285714286
YER019C-A,0.0,0.0,0.0,0.0,2,1,0.0
YHR011W,0.0,0.0,0.0,0.0,5,0,0.0
YIL152W,0.0,0.0,0.0,0.0,2,0,0.0
YLR376C,0.16666666666666666,0.41666666666666663,2.0,2.05,4,0,1.4166666666666665
YDR079C-A,0.0,0.0,0.0,0.0,1,0,0.0
YPL122C,0.3,0.28694083694083694,9.0,6.438153594771242,5,1,1.286940836940837
YDR079W,0.0,0.0,0.0,0.0,3,0,0.0
YJL099W,0.0,0.0,0.0,0.0,4,0,0.0
YDR084C,0.027777777777777776,0.10263157894736842,2.25,2.0,9,0,1.1026315789473684
YDR441C,0.0,0.0,0.0,0.0,2,0,0.0
YDR442W,0.0,0.0,0.0,0.0,1,0,0.0
YER011W,0.16666666666666666,0.06694915254237288,2.0,2.0,4,0,1.0669491525423729
YDR086C,0.0,0.0,0.0,0.0,3,1,0.0
YGR175C,0.0,0.0,0.0,0.0,4,1,0.0
YER013W,0.1,0.09090909090909091,4.5,0.0,5,1,1.0909090909090908
YGR006W,0.0,0.0,0.0,0.0,1,0,0.0
YHR195W,0.0,0.0,0.0,0.0,8,0,0.0
YGL087C,0.1,0.08421052631578947,0.0,0.0,5,0,1.0842105263157895
YDR095C,0.0,0.0,0.0,0.0,2,0,0.0
YDR096W,0.0,0.0,0.0,0.0,1,0,0.0
YDR098C,0.0,0.0,0.0,0.0,4,0,0.0
YGL071W,0.0,0.0,0.0,0.0,4,0,0.0
YGL220W,0.0,0.0,0.0,0.0,8,0,0.0
YGL252C,0.0,0.0,0.0,0.0,3,0,0.0
YGR214W,0.0,0.0,0.0,0.0,2,0,0.0
YMR137C,0.02564102564102564,0.05255102040816326,0.0,0.0,13,0,0.540477333577195
YNL293W,0.3333333333333333,0.08377659574468085,0.0,7.642857142857143,3,0,1.0837765957446808
YOR298C-A,0.0,0.0,0.0,0.0,2,0,0.0
YPL095C,0.4,0.48289473684210527,0.0,6.333333333333333,5,0,1.4828947368421053
YDR102C,0.0,0.0,0.0,0.0,3,0,0.0
YER132C,0.2222222222222222,0.2570568706080342,10.333333333333334,91.0,9,0,1.2570568706080343
YDR105C,0.0,0.0,0.0,0.0,2,0,0.0
YNL160W,0.0,0.0,0.0,0.0,2,0,0.0
YDR106W,0.0,0.0,0.0,0.0,2,0,0.0
YHR129C,0.09523809523809523,0.2564935064935065,6.666666666666667,2.583333333333333,7,0,1.2564935064935066
YOL015W,0.0,0.0,0.0,0.0,3,0,0.0
YIR040C,0.0,0.0,0.0,0.0,3,0,0.0
YGR098C,0.0,0.0,0.0,0.0,3,1,0.0
YDR115W,0.0,0.0,0.0,0.0,5,0,0.0
YKL142W,0.0,0.0,0.0,0.0,7,0,0.0
YNL041C,0.13333333333333333,0.9227272727272726,6.75,16.0,10,0,1.9227272727272726
YDR116C,0.0,0.0,0.0,0.0,6,0,0.0
YJL041W,0.09420289855072464,1.5843479343350217,20.75,126.5,24,1,2.584347934335022
YNL185C,0.0,0.0,0.0,0.0,9,0,0.0
YDR119W,0.0,0.0,0.0,0.0,4,0,0.0
YHR078W,0.0,0.0,0.0,0.0,2,0,0.0
YKL188C,0.0,0.0,0.0,0.0,2,0,0.0
YHL020C,0.0,0.0,0.0,0.0,4,0,0.0
YDR126W,0.0,0.0,0.0,0.0,2,0,0.0
YNR051C,0.0,0.0,0.0,0.0,3,0,0.0
YEL062W,0.2,0.23182684973302822,2.9166666666666665,2.2727272727272725,6,0,1.2318268497330283
YER182W,0.0,0.0,0.0,0.0,1,0,0.0
YGL205W,0.0,0.0,0.0,0.0,3,0,0.0
YHR134W,0.0,0.0,0.0,0.0,2,0,0.0
YIL063C,0.13333333333333333,0.5567670369213146,19.333333333333336,21.916666666666664,10,1,1.5567670369213147
YDR132C,0.16666666666666666,0.11363636363636365,3.0,0.0,4,0,1.1136363636363638
YJL218W,0.16666666666666666,0.037384969325153374,0.0,15.0,4,0,1.0373849693251533
YDR133C,0.0,0.0,0.0,0.0,2,0,0.0
YDR135C,0.0,0.0,0.0,0.0,1,0,0.0
YDR136C,0.0,0.0,0.0,0.0,3,0,0.0
YDR137W,1.0,0.39215686274509803,5.833333333333333,2.207792207792208,2,0,1.392156862745098
YGR003W,0.3333333333333333,0.17656765676567657,0.0,2.5,3,0,1.1765676567656767
YHR160C,0.6666666666666666,0.38221153846153844,2.6111111111111107,4.333333333333333,3,0,1.3822115384615383
YPL226W,0.0,0.0,0.0,0.0,2,0,0.0
YPL113C,0.0,0.0,0.0,0.0,1,0,0.0
YDR144C,0.0,0.0,0.0,0.0,1,0,0.0
YLR390W-A,0.0,0.0,0.0,0.0,3,0,0.0
YMR019W,0.0,0.0,0.0,0.0,2,0,0.0
YPL121C,0.0,0.0,0.0,0.0,1,0,0.0
YFR016C,0.05454545454545454,0.3140897435897436,0.0,5.333333333333333,11,0,1.3140897435897436
YFR049W,0.022222222222222223,0.10192307692307692,2.0,2.0,10,0,1.101923076923077
YLR410W-B,0.0,0.0,0.0,0.0,1,0,0.0
YNL092W,0.007389162561576354,0.11144137224782387,0.0,6.333333333333334,29,0,1.1114413722478238
YDR150W,0.1111111111111111,0.6295998445998445,17.0,4.083333333333334,10,0,1.6295998445998445
YIR005W,0.0,0.0,0.0,0.0,16,0,0.0
YDR156W,0.0,0.0,0.0,0.0,2,0,0.0
YDR159W,0.0,0.0,0.0,0.0,2,0,0.0
YMR031W-A,0.0,0.0,0.0,0.0,1,0,0.0
YNL093W,0.13970588235294118,1.622816906376747,41.361111111111114,35.857142857142854,17,0,2.6228169063767472
YKR014C,0.24444444444444444,1.2549180509781728,23.416666666666668,7.571428571428571,10,0,2.2549180509781728
YNR049C,0.0,0.0,0.0,0.0,1,0,0.0
YPL232W,0.3,0.7984848484848486,4.0,3.345238095238096,5,0,1.7984848484848486
YLR228C,0.0,0.0,0.0,0.0,1,0,0.0
YPL089C,0.1,0.021600315333070556,6.0,1.0,5,0,1.0216003153330706
YDR169C,0.0,0.0,0.0,0.0,2,0,0.0
YFR044C,0.0,0.0,0.0,0.0,2,0,0.0
YKR021W,0.13333333333333333,0.08166509037410677,26.633333333333333,0.0,6,0,1.0816650903741067
YDR300C,0.0,0.0,0.0,0.0,6,0,0.0
YHR015W,0.0,0.0,0.0,0.0,3,0,0.0
YOR069W,0.21428571428571427,1.5769230769230766,4.3125,4.257142857142857,8,0,2.5769230769230766
YPL190C,0.2857142857142857,1.0342105263157895,20.5,3.708333333333333,7,1,2.0342105263157895
YMR042W,0.4,0.9259259259259259,10.5,4.357142857142858,5,0,1.925925925925926
YIL013C,0.0,0.0,0.0,0.0,3,0,0.0
YPR104C,0.10714285714285714,0.09796888954223781,6.0,1.875,8,1,1.097968889542238
YGL013C,0.0,0.0,0.0,0.0,1,0,0.0
YJR080C,0.0,0.0,0.0,0.0,2,0,0.0
YKL168C,0.0,0.0,0.0,0.0,4,0,0.0
YDR178W,0.0,0.0,0.0,0.0,3,0,0.0
YDR181C,0.8333333333333334,1.6318181818181818,12.5,12.6,4,0,2.631818181818182
YMR127C,0.5,1.6318181818181818,2.0,10.658333333333331,5,0,2.631818181818182
YOR213C,0.23809523809523808,1.3818181818181818,12.5,11.0,7,0,2.381818181818182
YDR184C,0.0,0.0,0.0,0.0,4,0,0.0
YOR230W,0.0989010989010989,0.46491729722750946,16.375,12.989285714285714,14,0,1.4649172972275095
YMR316W,0.0,0.0,0.0,0.0,2,0,0.0
YNL239W,0.0,0.0,0.0,0.0,4,0,0.0
YJR069C,0.0,0.0,0.0,0.0,2,0,0.0
YNL049C,0.23809523809523808,0.4896484168166896,11.75,0.0,7,0,0.9759059639014873
YOR134W,0.0,0.0,0.0,0.0,1,0,0.0
YDR196C,0.0,0.0,0.0,0.0,2,1,0.0
YDR198C,0.0,0.0,0.0,0.0,1,0,0.0
YFR008W,0.14285714285714285,0.4170446312209938,0.0,24.0,8,0,1.4170446312209939
YMR029C,0.3333333333333333,0.13846153846153847,2.25,2.0,3,0,1.1384615384615384
YHR083W,0.0,0.0,0.0,0.0,2,1,0.0
YKL179C,0.0,0.0,0.0,0.0,2,0,0.0
YDR205W,0.0,0.0,0.0,0.0,2,0,0.0
YKL221W,0.0,0.0,0.0,0.0,5,0,0.0
YNR039C,0.0,0.0,0.0,0.0,3,0,0.0
YJL030W,0.022222222222222223,0.1611111111111111,2.0,2.428571428571429,10,0,1.161111111111111
YJR094C,0.3333333333333333,0.14814814814814814,0.0,0.0,4,0,1.1481481481481481
YOR260W,0.4090909090909091,2.315867699079523,0.0,15.78030303030303,12,1,3.315867699079523
YLR030W,0.0,0.0,0.0,0.0,3,0,0.0
YPL180W,0.26373626373626374,1.8995909054983462,29.380000000000003,16.555555555555557,14,0,2.8995909054983464
YDR213W,0.0,0.0,0.0,0.0,1,0,0.0
YOL052C,0.0,0.0,0.0,0.0,1,0,0.0
YDR215C,0.0,0.0,0.0,0.0,2,0,0.0
YPL175W,0.0,0.0,0.0,0.0,2,1,0.0
YOL001W,0.07142857142857142,0.32857794280502894,4.916666666666667,2.4783549783549783,8,0,1.3285779428050288
YDR218C,1.0,0.07777777777777778,0.0,6.095238095238096,2,0,1.0777777777777777
YDR219C,0.0,0.0,0.0,0.0,5,0,0.0
YDR221W,0.0,0.0,0.0,0.0,1,0,0.0
YMR151W,0.0,0.0,0.0,0.0,2,0,0.0
YHL001W,0.0,0.0,0.0,0.0,1,0,0.0
YLR385C,0.5238095238095238,1.0069256474519632,31.5,59.5,7,0,2.006925647451963
YFL007W,0.16666666666666666,0.09347826086956522,2.0,2.033333333333333,4,0,1.0934782608695652
YMR219W,0.0,0.0,0.0,0.0,1,0,0.0
YDR229W,0.044444444444444446,0.06434393421148388,3.7916666666666665,5.0,10,0,1.0643439342114838
YOR165W,0.0,0.0,0.0,0.0,2,0,0.0
YOR285W,0.047619047619047616,0.18707482993197277,4.5,6.0,7,0,1.1870748299319729
YJR131W,0.0,0.0,0.0,0.0,4,0,0.0
YDR236C,0.0,0.0,0.0,0.0,1,1,0.0
YDR245W,0.4,1.5285714285714285,5.5,6.166666666666666,5,0,2.5285714285714285
YJL183W,0.5,1.2857142857142856,5.25,5.75,4,0,2.2857142857142856
YER183C,0.0,0.0,0.0,0.0,1,0,0.0
YGR200C,0.3888888888888889,3.098809523809524,8.0,9.807142857142855,9,0,4.098809523809524
YNL210W,0.0,0.0,0.0,0.0,4,0,0.0
YNL295W,0.0,0.0,0.0,0.0,1,0,0.0
YOL116W,0.0,0.0,0.0,0.0,2,0,0.0
YOR028C,0.0,0.0,0.0,0.0,11,0,0.0
YPL086C,0.6666666666666666,3.723809523809524,8.0,8.407142857142858,7,0,4.723809523809524
YDR250C,0.0,0.0,0.0,0.0,1,0,0.0
YDR251W,0.16666666666666666,0.08897243107769423,0.0,12.0,4,0,1.0889724310776943
YPL057C,0.0,0.0,0.0,0.0,3,0,0.0
YDR252W,0.0,0.0,0.0,0.0,3,0,0.0
YHR193C,0.09523809523809523,0.05646176825426932,0.0,3.571428571428572,7,0,1.0564617682542694
YJR055W,0.0,0.0,0.0,0.0,3,0,0.0
YDR253C,0.0,0.0,0.0,0.0,1,0,0.0
YNL103W,0.08333333333333333,0.4010822510822511,11.833333333333334,0.0,9,1,0.6088534329494935
YEL077C,0.0,0.0,0.0,0.0,2,0,0.0
YDR256C,0.16666666666666666,0.021600315333070556,6.0,1.4285714285714286,4,0,1.0216003153330706
YGR066C,0.0,0.0,0.0,0.0,4,0,0.0
YOR303W,0.03571428571428571,0.04050925925925926,0.0,1.5,8,0,1.0405092592592593
YFL002W-B,0.0,0.0,0.0,0.0,1,0,0.0
YDR262W,0.0,0.0,0.0,0.0,1,0,0.0
YDR454C,0.0,0.0,0.0,0.0,1,1,0.0
YDR263C,0.0,0.0,0.0,0.0,1,0,0.0
YJR086W,0.16666666666666666,0.12835249042145594,0.0,3.833333333333333,4,0,1.128352490421456
YKL178C,0.0,0.0,0.0,0.0,2,0,0.0
YER098W,0.0,0.0,0.0,0.0,1,0,0.0
YHR044C,0.0,0.0,0.0,0.0,4,0,0.0
YDR268W,0.0,0.0,0.0,0.0,3,0,0.0
YDR270W,0.0,0.0,0.0,0.0,3,0,0.0
YNL259C,0.0,0.0,0.0,0.0,1,0,0.0
YDR509W,0.0,0.0,0.0,0.0,1,0,0.0
YOR244W,0.34065934065934067,3.084609533492405,0.0,30.19803921568628,14,1,4.084609533492404
YDR275W,0.0,0.0,0.0,0.0,1,0,0.0
YOR060C,0.16666666666666666,0.08995584988962473,2.5277777777777777,0.0,4,1,1.0899558498896247
YDR279W,0.0,0.0,0.0,0.0,5,0,0.0
YLR154C,0.0,0.0,0.0,0.0,3,0,0.0
YOL142W,0.4666666666666667,0.890893665158371,8.583333333333332,14.30952380952381,6,1,1.890893665158371
YOR076C,0.1978021978021978,2.4506975867269984,49.75,21.11111111111111,14,1,3.4506975867269984
YPR189W,0.0,0.0,0.0,0.0,3,0,0.0
YDR281C,0.0,0.0,0.0,0.0,1,0,0.0
YNL213C,0.0,0.0,0.0,0.0,1,0,0.0
YHL017W,0.0,0.0,0.0,0.0,5,0,0.0
YPL147W,0.0,0.0,0.0,0.0,3,0,0.0
YDR286C,0.0,0.0,0.0,0.0,1,0,0.0
YDR287W,0.0,0.0,0.0,0.0,1,0,0.0
YHR163W,0.0,0.0,0.0,0.0,1,0,0.0
YDR289C,0.0,0.0,0.0,0.0,2,0,0.0
YDR290W,0.0,0.0,0.0,0.0,1,0,0.0
YDR291W,0.0,0.0,0.0,0.0,1,0,0.0
YDR293C,0.0,0.0,0.0,0.0,3,0,0.0
YGL086W,0.1,0.1611111111111111,2.0,2.428571428571429,5,0,1.161111111111111
YDR296W,0.0,0.0,0.0,0.0,4,0,0.0
YGR125W,0.0,0.0,0.0,0.0,1,0,0.0
YOL003C,0.3333333333333333,1.2074152167875887,21.0,37.0,12,0,2.207415216787589
YHR056C,0.0,0.0,0.0,0.0,4,0,0.0
YDR305C,0.0,0.0,0.0,0.0,1,0,0.0
YIR017C,0.08333333333333333,0.38434848219753304,8.916666666666666,2.2403846153846154,9,0,1.3843484821975331
YER145C,0.1,0.0540045766590389,0.0,2.333333333333333,5,0,1.054004576659039
YJL091C,0.17857142857142858,0.1901888438764891,21.583333333333336,8.0,8,1,1.1901888438764892
YGR207C,0.0,0.0,0.0,0.0,2,0,0.0
YKL007W,0.10714285714285714,0.29525210084033615,0.0,6.583333333333333,8,0,1.2952521008403362
YMR238W,0.1,0.14583333333333331,2.0,3.5,5,0,1.1458333333333333
YDR310C,0.16666666666666666,0.47619047619047616,4.5,2.321428571428571,4,0,1.4761904761904763
YOR279C,0.3333333333333333,0.47619047619047616,4.5,3.75,3,0,1.4761904761904763
YGR258C,0.03571428571428571,0.09689711486118673,2.0,2.0,8,0,1.0968971148611868
YHR113W,0.16666666666666666,0.07987711213517665,1.0,0.0,4,0,1.0798771121351767
YKL028W,0.1,0.29545454545454547,2.0,0.75,5,1,1.2954545454545454
YKR050W,0.0,0.0,0.0,0.0,5,0,0.0
YMR294W,0.06060606060606061,0.4138607883344726,22.25,11.75,12,0,1.4138607883344725
YPL170W,0.0,0.0,0.0,0.0,3,0,0.0
YDR312W,0.0,0.0,0.0,0.0,2,0,0.0
YDR313C,0.0,0.0,0.0,0.0,5,0,0.0
YDR314C,0.0,0.0,0.0,0.0,2,0,0.0
YDR315C,0.0,0.0,0.0,0.0,5,0,0.0
YLR323C,0.0,0.0,0.0,0.0,2,1,0.0
YFL053W,0.0,0.0,0.0,0.0,1,0,0.0
YDR317W,0.0,0.0,0.0,0.0,1,0,0.0
YDR455C,0.0,0.0,0.0,0.0,6,0,0.0
YDR478W,0.0,0.0,0.0,0.0,1,1,0.0
YDR542W,0.0,0.0,0.0,0.0,2,0,0.0
YER035W,0.0,0.0,0.0,0.0,1,0,0.0
YER084W,0.0,0.0,0.0,0.0,3,0,0.0
YFL015C,0.0,0.0,0.0,0.0,1,0,0.0
YGR018C,0.0,0.0,0.0,0.0,3,0,0.0
YGR036C,0.0,0.0,0.0,0.0,1,0,0.0
YGR146C,0.0,0.0,0.0,0.0,3,0,0.0
YJR060W,0.14285714285714285,0.9042124542124541,6.499999999999999,0.4166666666666667,8,0,1.3650186117980325
YLL033W,0.0,0.0,0.0,0.0,3,0,0.0
YDR319C,0.0,0.0,0.0,0.0,3,0,0.0
YDR320C,0.3333333333333333,0.3492063492063492,1.3333333333333333,0.0,3,0,1.3037518037518039
YGR167W,0.3333333333333333,0.49007936507936506,7.416666666666667,0.0,4,0,1.1702413083992032
YDR321W,0.16666666666666666,0.037384969325153374,0.0,7.5,4,0,1.0373849693251533
YDR323C,0.0,0.0,0.0,0.0,1,1,0.0
YDR326C,0.0,0.0,0.0,0.0,3,0,0.0
YER007C-A,0.0,0.0,0.0,0.0,3,0,0.0
YDR327W,0.0,0.0,0.0,0.0,1,1,0.0
YGL149W,0.0,0.0,0.0,0.0,3,0,0.0
YGL186C,0.0,0.0,0.0,0.0,1,0,0.0
YGR140W,0.17857142857142858,1.0495975855130786,3.666666666666667,2.5955882352941178,8,1,2.0495975855130784
YHR205W,0.3333333333333333,0.023985497141263423,0.0,27.0,3,0,1.0239854971412634
YJL204C,0.0,0.0,0.0,0.0,1,0,0.0
YLR224W,0.6666666666666666,0.16307000418351694,0.0,16.0,3,0,1.163070004183517
YOL098C,0.0,0.0,0.0,0.0,2,0,0.0
YPR036W,0.4666666666666667,0.8676073535228465,0.0,22.0,6,0,1.8676073535228466
YGL053W,0.08888888888888889,0.26430766180989196,5.0,13.464285714285714,10,0,1.2643076618098918
YJR158W,0.0,0.0,0.0,0.0,1,0,0.0
YMR074C,0.0,0.0,0.0,0.0,1,0,0.0
YDR333C,0.0,0.0,0.0,0.0,1,0,0.0
YML041C,0.16666666666666666,0.5407518796992481,12.5,19.5,9,0,1.540751879699248
YFR002W,0.24358974358974358,1.692352658483694,20.375,31.75,13,1,2.692352658483694
YML103C,0.4,0.6284164792160971,4.229166666666666,4.067857142857143,5,0,1.6284164792160971
YOR359W,0.0,0.0,0.0,0.0,3,0,0.0
YPR084W,0.0,0.0,0.0,0.0,3,0,0.0
YGL006W,0.0,0.0,0.0,0.0,3,0,0.0
YDR340W,0.0,0.0,0.0,0.0,1,0,0.0
YER048C,0.0,0.0,0.0,0.0,3,0,0.0
YGL042C,0.027777777777777776,0.11948051948051948,4.0,0.0,9,0,0.35196844218583345
YDR344C,0.0,0.0,0.0,0.0,1,0,0.0
YDR345C,0.0,0.0,0.0,0.0,2,0,0.0
YDR346C,0.0,0.0,0.0,0.0,1,0,0.0
YLR077W,0.0,0.0,0.0,0.0,2,0,0.0
YDR349C,0.0,0.0,0.0,0.0,2,0,0.0
YLR099C,0.0,0.0,0.0,0.0,1,0,0.0
YDR350C,0.0,0.0,0.0,0.0,2,0,0.0
YDR351W,0.0,0.0,0.0,0.0,4,0,0.0
YNL070W,0.0,0.0,0.0,0.0,4,0,0.0
YDR357C,0.0,0.0,0.0,0.0,3,0,0.0
YGL079W,0.0,0.0,0.0,0.0,3,0,0.0
YDR359C,0.6071428571428571,1.6570354870589177,18.0,44.0,8,0,2.6570354870589177
YFL024C,0.5,3.7085499504895365,55.5,98.9,13,1,4.7085499504895365
YDR361C,0.0,0.0,0.0,0.0,2,1,0.0
YJL207C,0.0,0.0,0.0,0.0,2,0,0.0
YDR366C,0.0,0.0,0.0,0.0,2,0,0.0
YHR065C,0.0,0.0,0.0,0.0,3,1,0.0
YDR370C,0.0,0.0,0.0,0.0,1,0,0.0
YDR371W,0.0,0.0,0.0,0.0,1,0,0.0
YJL053W,0.25,1.7034632034632033,0.0,8.742857142857144,8,0,2.7034632034632033
YDR373W,0.0,0.0,0.0,0.0,4,1,0.0
YDR374C,0.0,0.0,0.0,0.0,1,0,0.0
YIR024C,0.0,0.0,0.0,0.0,2,0,0.0
YGL251C,0.0,0.0,0.0,0.0,2,0,0.0
YJL139C,0.0,0.0,0.0,0.0,1,0,0.0
YLR053C,0.0,0.0,0.0,0.0,3,0,0.0
YMR221C,0.0,0.0,0.0,0.0,5,0,0.0
YOR320C,1.0,0.20259740259740258,4.944444444444445,10.666666666666666,3,0,1.2025974025974027
YOR382W,0.0,0.0,0.0,0.0,1,0,0.0
YKL214C,0.23809523809523808,0.3135477573495906,19.333333333333332,3.333333333333333,7,0,1.3135477573495906
YOL104C,0.0,0.0,0.0,0.0,2,0,0.0
YPL002C,0.16666666666666666,0.5833333333333333,2.0,2.25,4,0,1.5833333333333333
YNR060W,0.0,0.0,0.0,0.0,2,0,0.0
YFR001W,0.2857142857142857,0.17733142037302724,13.166666666666668,6.477722277722278,7,0,1.1773314203730272
YGR264C,0.0,0.0,0.0,0.0,4,1,0.0
YHR143W-A,0.13333333333333333,0.1196492565764392,2.25,8.0485347985348,6,1,1.119649256576439
YML074C,0.030303030303030304,0.19835162446353266,2.9166666666666665,2.0,12,0,1.1983516244635326
YNL024C,0.0,0.0,0.0,0.0,2,0,0.0
YPL108W,0.0,0.0,0.0,0.0,1,0,0.0
YPL127C,0.3333333333333333,0.04642857142857143,1.0,0.0,3,0,1.0464285714285715
YDR387C,0.0,0.0,0.0,0.0,2,0,0.0
YOR292C,0.0,0.0,0.0,0.0,3,0,0.0
YDR515W,0.0,0.0,0.0,0.0,4,0,0.0
YGL026C,0.1,0.014141613924050632,0.0,8.0,5,0,1.0141416139240507
YGL226W,0.0,0.0,0.0,0.0,2,0,0.0
YJL085W,0.0,0.0,0.0,0.0,3,1,0.0
YJL133W,0.3333333333333333,0.06439024390243903,2.0,2.5,3,0,1.064390243902439
YJL195C,0.0,0.0,0.0,0.0,2,1,0.0
YLR243W,0.16666666666666666,0.020413620966304155,0.0,2.5,4,1,1.0204136209663042
YLR436C,0.0,0.0,0.0,0.0,3,0,0.0
YMR003W,0.0,0.0,0.0,0.0,3,0,0.0
YMR068W,0.19444444444444445,0.7500941252839988,11.091666666666669,26.25,9,0,1.7500941252839988
YMR162C,0.13333333333333333,0.04169676381190774,2.75,0.0,6,0,1.0416967638119077
YOR004W,0.0,0.0,0.0,0.0,2,1,0.0
YOR042W,0.1,0.020413620966304155,2.0,1.6666666666666667,5,0,1.0204136209663042
YPL135C-A,0.0,0.0,0.0,0.0,1,0,0.0
YPR081C,0.1,0.020413620966304155,2.0,1.25,5,0,1.0204136209663042
YPR095C,0.0,0.0,0.0,0.0,1,0,0.0
YDR390C,0.3333333333333333,0.36187423687423687,0.0,5.7681818181818185,4,1,1.361874236874237
YPR180W,0.027777777777777776,0.16346153846153846,0.0,2.75,9,1,1.1634615384615385
YDR392W,0.6,0.8058363711526175,15.0,15.533823529411766,6,0,1.8058363711526175
YGL074C,0.0,0.0,0.0,0.0,1,1,0.0
YDR397C,0.0,0.0,0.0,0.0,1,1,0.0
YER159C,0.0,0.0,0.0,0.0,2,1,0.0
YLR336C,0.0,0.0,0.0,0.0,1,1,0.0
YPL216W,0.0,0.0,0.0,0.0,1,0,0.0
YDR403W,0.0,0.0,0.0,0.0,1,0,0.0
YKR053C,0.0,0.0,0.0,0.0,1,0,0.0
YGR063C,0.3333333333333333,0.13392857142857142,2.0,0.6,3,0,1.1339285714285714
YDR405W,0.0,0.0,0.0,0.0,3,0,0.0
YDR410C,0.3333333333333333,0.06068376068376069,4.5,2.6,3,0,1.0606837606837607
YDR412W,0.3333333333333333,0.020178274071897345,2.0,3.5,3,1,1.0201782740718974
YDR413C,0.0,0.0,0.0,0.0,2,1,0.0
YGR151C,0.0,0.0,0.0,0.0,2,0,0.0
YDR503C,0.0,0.0,0.0,0.0,4,0,0.0
YEL004W,1.0,0.0529616724738676,2.25,0.8,2,0,1.0529616724738675
YFL040W,0.047619047619047616,0.04878048780487805,0.0,2.0,7,0,1.048780487804878
YGL259W,0.16666666666666666,0.04878048780487805,0.0,0.0,4,0,1.048780487804878
YJL193W,0.0,0.0,0.0,0.0,1,0,0.0
YLL056C,1.0,0.06786850477200423,0.0,4.5,2,0,1.0678685047720042
YMR292W,0.3333333333333333,0.06786850477200423,4.5,2.05,3,0,1.0678685047720042
YNL326C,0.0,0.0,0.0,0.0,3,0,0.0
YNR026C,1.0,0.06786850477200423,3.0,9.0,2,1,1.0678685047720042
YOL075C,0.0,0.0,0.0,0.0,4,0,0.0
YOR305W,0.0,0.0,0.0,0.0,1,0,0.0
YGR129W,1.0,1.5094239094239095,16.0,2.017857142857143,5,0,2.5094239094239095
YJR050W,0.35714285714285715,1.5094239094239095,8.25,3.5,8,0,2.5094239094239095
YPL077C,0.0,0.0,0.0,0.0,4,0,0.0
YPR101W,0.47619047619047616,1.079956715250833,14.5,12.333333333333334,7,1,2.079956715250833
YDR424C,0.0,0.0,0.0,0.0,3,0,0.0
YPL280W,0.0,0.0,0.0,0.0,1,0,0.0
YNR059W,0.0,0.0,0.0,0.0,3,0,0.0
YDR428C,0.0,0.0,0.0,0.0,2,0,0.0
YDR433W,0.0,0.0,0.0,0.0,2,0,0.0
YDR435C,0.0,0.0,0.0,0.0,1,0,0.0
YFR003C,0.047619047619047616,0.15656565656565657,0.0,0.5,7,1,1.1565656565656566
YKL088W,0.1,0.15656565656565657,0.0,0.0,5,1,0.7952753339850114
YKR072C,1.0,0.15656565656565657,0.0,0.4444444444444444,2,0,1.1565656565656566
YMR311C,0.16666666666666666,0.15656565656565657,0.0,1.0,4,0,1.1565656565656566
YOR054C,0.16666666666666666,0.15656565656565657,0.0,0.0,4,0,1.1565656565656566
YPR005C,1.0,0.15656565656565657,0.0,1.3333333333333333,2,0,1.1565656565656566
YML022W,0.0,0.0,0.0,0.0,4,0,0.0
YDR445C,0.0,0.0,0.0,0.0,2,0,0.0
YDR446W,0.0,0.0,0.0,0.0,1,0,0.0
YFL031W,0.0,0.0,0.0,0.0,1,0,0.0
YDR450W,0.0,0.0,0.0,0.0,1,0,0.0
YDR452W,0.0,0.0,0.0,0.0,3,0,0.0
YIL039W,0.0,0.0,0.0,0.0,2,0,0.0
YOR031W,0.0,0.0,0.0,0.0,3,0,0.0
YLL046C,0.0,0.0,0.0,0.0,2,0,0.0
YLR173W,0.0,0.0,0.0,0.0,1,0,0.0
YNR056C,0.0,0.0,0.0,0.0,2,0,0.0
YPL092W,0.0,0.0,0.0,0.0,4,0,0.0
YDR464W,0.0,0.0,0.0,0.0,2,1,0.0
YJR021C,0.0,0.0,0.0,0.0,2,0,0.0
YHR088W,0.5833333333333334,1.3558638397887892,18.75,34.33333333333333,9,1,2.355863839788789
YOR201C,0.027777777777777776,0.08897243107769423,0.0,3.333333333333333,9,0,1.0889724310776943
YEL005C,0.0,0.0,0.0,0.0,6,0,0.0
YDR475C,0.0,0.0,0.0,0.0,2,0,0.0
YJL089W,0.3333333333333333,0.21678187403993854,23.583333333333332,1.25,4,0,1.2167818740399385
YNL218W,0.0,0.0,0.0,0.0,7,0,0.0
YHR039C,0.0,0.0,0.0,0.0,2,0,0.0
YGL028C,0.0,0.0,0.0,0.0,2,0,0.0
YDR483W,0.0,0.0,0.0,0.0,2,0,0.0
YDR487C,0.0,0.0,0.0,0.0,1,1,0.0
YIL135C,0.0,0.0,0.0,0.0,2,0,0.0
YOR172W,0.0,0.0,0.0,0.0,2,0,0.0
YFR043C,0.0,0.0,0.0,0.0,3,0,0.0
YJL072C,0.0,0.0,0.0,0.0,2,1,0.0
YDR490C,0.022222222222222223,0.20202020202020202,0.0,2.5,10,0,1.202020202020202
YHR207C,0.0,0.0,0.0,0.0,3,0,0.0
YLR466W,0.0,0.0,0.0,0.0,1,0,0.0
YDR492W,0.0,0.0,0.0,0.0,2,0,0.0
YJR067C,0.0,0.0,0.0,0.0,2,1,0.0
YDR498C,0.6666666666666666,0.5273809523809524,3.9166666666666665,4.527777777777778,3,1,1.5273809523809523
YGL145W,0.06666666666666667,0.34285714285714286,2.0,1.3333333333333333,6,1,1.342857142857143
YDR500C,0.0,0.0,0.0,0.0,3,0,0.0
YPL125W,0.13333333333333333,0.10401673740252462,8.0,4.152380952380953,6,1,1.1040167374025247
YER049W,0.0,0.0,0.0,0.0,6,0,0.0
YNR074C,0.0,0.0,0.0,0.0,3,0,0.0
YDR504C,0.0,0.0,0.0,0.0,1,0,0.0
YMR211W,0.0,0.0,0.0,0.0,3,1,0.0
YOL034W,0.0,0.0,0.0,0.0,6,1,0.0
YOR156C,0.06666666666666667,0.07777777777777778,0.0,5.843137254901961,6,0,1.0777777777777777
YDR511W,0.0,0.0,0.0,0.0,1,0,0.0
YDR512C,0.0,0.0,0.0,0.0,1,0,0.0
YDR514C,0.0,0.0,0.0,0.0,1,0,0.0
YNL173C,0.0,0.0,0.0,0.0,3,0,0.0
YGR169C,0.0,0.0,0.0,0.0,2,0,0.0
YDR517W,0.0,0.0,0.0,0.0,1,0,0.0
YKR034W,0.09523809523809523,0.5132275132275133,37.2,5.0,7,0,1.5132275132275133
YDR524C,0.0,0.0,0.0,0.0,2,0,0.0
YDR526C,0.0,0.0,0.0,0.0,1,1,0.0
YDR527W,0.0,0.0,0.0,0.0,3,1,0.0
YDR528W,0.0,0.0,0.0,0.0,3,0,0.0
YDR530C,0.0,0.0,0.0,0.0,1,0,0.0
YDR531W,0.0,0.0,0.0,0.0,1,1,0.0
YHR079C,0.0,0.0,0.0,0.0,3,0,0.0
YKL194C,0.0,0.0,0.0,0.0,2,0,0.0
YDR533C,0.0,0.0,0.0,0.0,3,0,0.0
YMR010W,0.0,0.0,0.0,0.0,1,0,0.0
YDR534C,0.0,0.0,0.0,0.0,2,0,0.0
YDR536W,0.0,0.0,0.0,0.0,1,0,0.0
YDR538W,0.0,0.0,0.0,0.0,1,0,0.0
YDR541C,0.0,0.0,0.0,0.0,1,0,0.0
YOR187W,0.0,0.0,0.0,0.0,4,0,0.0
YDR545W,0.0,0.0,0.0,0.0,1,0,0.0
YPR011C,0.0,0.0,0.0,0.0,2,0,0.0
YEL003W,1.0,0.4444444444444444,0.0,0.0,2,0,1.4444444444444444
YLR200W,0.1111111111111111,0.9615929705215418,4.5,5.976190476190476,10,0,1.9615929705215418
YML094W,0.6666666666666666,1.4166666666666665,0.0,6.155844155844156,4,0,2.4166666666666665
YGR107W,0.0,0.0,0.0,0.0,1,0,0.0
YEL006W,0.0,0.0,0.0,0.0,1,0,0.0
YEL008W,0.0,0.0,0.0,0.0,1,0,0.0
YHR145C,0.0,0.0,0.0,0.0,2,0,0.0
YEL011W,0.0,0.0,0.0,0.0,2,0,0.0
YEL012W,0.0,0.0,0.0,0.0,1,0,0.0
YLR254C,0.0,0.0,0.0,0.0,5,0,0.0
YPR185W,0.14285714285714285,0.4059467918622848,21.333333333333336,6.285714285714286,7,0,1.4059467918622848
YGR116W,0.23809523809523808,0.3707402739379484,2.0,4.347619047619047,7,1,1.3707402739379484
YJR140C,0.0,0.0,0.0,0.0,5,0,0.0
YEL016C,0.0,0.0,0.0,0.0,2,0,0.0
YMR299C,0.0,0.0,0.0,0.0,5,0,0.0
YGR121C,0.16666666666666666,0.14090909090909093,4.0,0.0,4,0,1.1409090909090909
YKL063C,0.0,0.0,0.0,0.0,2,0,0.0
YPL244C,0.0,0.0,0.0,0.0,2,0,0.0
YEL018W,0.3333333333333333,0.10772357723577236,2.0,0.0,3,0,1.1077235772357723
YEL019C,0.0,0.0,0.0,0.0,1,1,0.0
YEL020C,0.0,0.0,0.0,0.0,1,0,0.0
YHR174W,0.0,0.0,0.0,0.0,10,0,0.0
YLR207W,0.07142857142857142,0.4841269841269841,3.583333333333333,2.2976190476190474,8,0,1.4841269841269842
YHR080C,0.0,0.0,0.0,0.0,1,0,0.0
YPL050C,0.0,0.0,0.0,0.0,5,0,0.0
YER143W,0.06666666666666667,0.052380952380952375,1.3333333333333333,1.3636363636363635,6,0,1.0523809523809524
YER162C,0.23809523809523808,0.6011904761904763,6.0,7.625,7,0,1.6011904761904763
YIL143C,0.06060606060606061,0.3072553017572994,11.5,4.0,12,1,1.3072553017572994
YLR441C,0.0,0.0,0.0,0.0,2,0,0.0
YEL038W,0.0,0.0,0.0,0.0,1,0,0.0
YEL039C,0.0,0.0,0.0,0.0,1,0,0.0
YJR049C,0.0,0.0,0.0,0.0,3,1,0.0
YER073W,0.0,0.0,0.0,0.0,5,0,0.0
YJL152W,0.3333333333333333,0.33904761904761904,2.0,2.017857142857143,3,0,1.339047619047619
YLR250W,0.0,0.0,0.0,0.0,1,0,0.0
YEL046C,0.0,0.0,0.0,0.0,3,0,0.0
YNL220W,0.0,0.0,0.0,0.0,1,0,0.0
YEL048C,0.0,0.0,0.0,0.0,5,0,0.0
YIL136W,0.0,0.0,0.0,0.0,2,0,0.0
YEL049W,0.0,0.0,0.0,0.0,2,0,0.0
YOL039W,0.0,0.0,0.0,0.0,2,0,0.0
YEL057C,0.0,0.0,0.0,0.0,1,0,0.0
YEL058W,0.0,0.0,0.0,0.0,1,1,0.0
YEL059W,0.0,0.0,0.0,0.0,1,0,0.0
YJR130C,0.0,0.0,0.0,0.0,1,0,0.0
YLR454W,0.0,0.0,0.0,0.0,2,1,0.0
YOR138C,0.0,0.0,0.0,0.0,2,0,0.0
YGR057C,0.0,0.0,0.0,0.0,3,0,0.0
YOR161C,0.0,0.0,0.0,0.0,4,0,0.0
YOR345C,0.0,0.0,0.0,0.0,1,0,0.0
YIR034C,0.14285714285714285,0.18639710356577827,10.5,4.511111111111111,7,0,1.1863971035657783
YEL066W,0.13333333333333333,0.05898528465822393,3.0,25.0,6,0,1.058985284658224
YPL112C,0.0,0.0,0.0,0.0,2,0,0.0
YLR225C,0.0,0.0,0.0,0.0,2,0,0.0
YEL071W,0.0,0.0,0.0,0.0,2,0,0.0
YEL072W,0.0,0.0,0.0,0.0,1,0,0.0
YEL074W,0.0,0.0,0.0,0.0,1,0,0.0
YEL075C,0.0,0.0,0.0,0.0,1,0,0.0
YER002W,0.6666666666666666,0.069121021902737,7.416666666666667,11.333333333333332,3,0,1.069121021902737
YER004W,0.0,0.0,0.0,0.0,2,0,0.0
YJR014W,0.0,0.0,0.0,0.0,2,0,0.0
YJL120W,0.0,0.0,0.0,0.0,1,0,0.0
YOR349W,0.0,0.0,0.0,0.0,3,0,0.0
YER010C,0.0,0.0,0.0,0.0,2,0,0.0
YOR274W,0.0,0.0,0.0,0.0,1,0,0.0
YKL206C,0.0,0.0,0.0,0.0,2,0,0.0
YLR199C,0.0,0.0,0.0,0.0,2,0,0.0
YKR066C,0.16666666666666666,0.38888888888888884,2.0,1.6,4,0,1.3888888888888888
YMR089C,0.3333333333333333,0.38888888888888884,2.0,0.625,3,0,1.3888888888888888
YER104W,0.0,0.0,0.0,0.0,3,1,0.0
YPR065W,0.0,0.0,0.0,0.0,2,0,0.0
YOR371C,0.3333333333333333,0.23333333333333334,9.333333333333334,12.1,3,0,1.2333333333333334
YPL036W,0.0,0.0,0.0,0.0,5,0,0.0
YFR038W,0.0,0.0,0.0,0.0,1,0,0.0
YGL027C,0.3333333333333333,0.20925925925925926,2.25,0.0,3,0,1.2092592592592593
YGR243W,0.0,0.0,0.0,0.0,2,0,0.0
YHL005C,0.0,0.0,0.0,0.0,1,0,0.0
YHL044W,0.0,0.0,0.0,0.0,4,0,0.0
YHL045W,0.0,0.0,0.0,0.0,4,0,0.0
YHR116W,0.0,0.0,0.0,0.0,1,0,0.0
YIL078W,0.16666666666666666,0.03051537070524412,9.0,0.0,4,1,1.0305153707052441
YJL142C,0.0,0.0,0.0,0.0,1,0,0.0
YJR148W,0.3333333333333333,0.06808278867102396,0.0,0.6666666666666666,3,0,1.068082788671024
YKL051W,0.0,0.0,0.0,0.0,1,0,0.0
YKR093W,0.0,0.0,0.0,0.0,2,0,0.0
YLL020C,0.0,0.0,0.0,0.0,3,0,0.0
YLL065W,0.3333333333333333,0.023544973544973542,0.0,0.0,3,0,1.0235449735449735
YML082W,0.0,0.0,0.0,0.0,1,0,0.0
YMR039C,0.0,0.0,0.0,0.0,2,0,0.0
YMR087W,0.0,0.0,0.0,0.0,2,0,0.0
YMR114C,0.0,0.0,0.0,0.0,1,0,0.0
YMR118C,0.0,0.0,0.0,0.0,2,0,0.0
YMR293C,0.0,0.0,0.0,0.0,3,0,0.0
YNL073W,0.0,0.0,0.0,0.0,2,0,0.0
YNL159C,0.0,0.0,0.0,0.0,2,0,0.0
YNL211C,0.0,0.0,0.0,0.0,1,0,0.0
YNL235C,0.0,0.0,0.0,0.0,1,0,0.0
YNL301C,0.3333333333333333,0.019463340891912317,2.0,0.0,3,0,1.0194633408919123
YNR024W,0.0,0.0,0.0,0.0,1,0,0.0
YOL022C,0.0,0.0,0.0,0.0,1,1,0.0
YOL042W,0.0,0.0,0.0,0.0,2,0,0.0
YOL106W,0.0,0.0,0.0,0.0,3,0,0.0
YOR072W,0.0,0.0,0.0,0.0,1,0,0.0
YOR143C,0.0,0.0,0.0,0.0,1,1,0.0
YOR334W,0.0,0.0,0.0,0.0,1,0,0.0
YOR336W,0.0,0.0,0.0,0.0,1,1,0.0
YPL053C,0.0,0.0,0.0,0.0,3,0,0.0
YPL098C,1.0,0.022246272246272247,4.5,1.25,2,0,1.0222462722462722
YLR215C,0.09523809523809523,0.25765389082462253,2.0,6.2,7,1,1.2576538908246224
YLR220W,0.0,0.0,0.0,0.0,2,1,0.0
YER030W,0.0,0.0,0.0,0.0,1,0,0.0
YNL146W,0.0,0.0,0.0,0.0,2,0,0.0
YOR070C,0.0,0.0,0.0,0.0,3,0,0.0
YLR456W,0.0,0.0,0.0,0.0,6,0,0.0
YER033C,0.26666666666666666,0.13027344157870113,5.666666666666667,0.0,6,0,1.130273441578701
YGR206W,0.0,0.0,0.0,0.0,1,0,0.0
YNL142W,0.0,0.0,0.0,0.0,1,0,0.0
YER037W,0.0,0.0,0.0,0.0,1,0,0.0
YML023C,0.0,0.0,0.0,0.0,3,1,0.0
YPL051W,0.0,0.0,0.0,0.0,7,0,0.0
YER045C,0.0,0.0,0.0,0.0,5,0,0.0
YGR247W,0.0,0.0,0.0,0.0,2,0,0.0
YOR059C,0.0,0.0,0.0,0.0,6,0,0.0
YPL205C,0.0,0.0,0.0,0.0,2,0,0.0
YGR271W,0.0,0.0,0.0,0.0,3,0,0.0
YER051W,0.0,0.0,0.0,0.0,3,0,0.0
YLR121C,0.0,0.0,0.0,0.0,3,0,0.0
YKR079C,0.0,0.0,0.0,0.0,2,1,0.0
YLR326W,0.0,0.0,0.0,0.0,3,0,0.0
YER055C,0.0,0.0,0.0,0.0,1,0,0.0
YER058W,0.0,0.0,0.0,0.0,1,0,0.0
YMR165C,0.0,0.0,0.0,0.0,2,0,0.0
YOR392W,0.0,0.0,0.0,0.0,2,0,0.0
YER061C,0.0,0.0,0.0,0.0,1,0,0.0
YPL073C,0.0,0.0,0.0,0.0,3,0,0.0
YHL032C,0.0,0.0,0.0,0.0,3,0,0.0
YPL201C,0.0,0.0,0.0,0.0,2,0,0.0
YOR333C,1.0,0.18992248062015504,0.0,0.0,2,0,1.189922480620155
YPL172C,0.0,0.0,0.0,0.0,1,0,0.0
YPL212C,0.3333333333333333,0.03807471264367816,4.0,0.0,3,0,1.0380747126436782
YPR125W,0.0,0.0,0.0,0.0,1,1,0.0
YER065C,0.0,0.0,0.0,0.0,2,0,0.0
YER066W,0.0,0.0,0.0,0.0,4,0,0.0
YMR154C,0.06666666666666667,0.1356382978723404,0.0,0.0,6,0,0.6271415658461966
YER069W,0.0,0.0,0.0,0.0,2,0,0.0
YER070W,0.16666666666666666,0.07670454545454546,4.5,13.0,4,1,1.0767045454545454
YOR171C,0.0,0.0,0.0,0.0,6,0,0.0
YPL032C,0.0,0.0,0.0,0.0,6,0,0.0
YPL257W,0.0,0.0,0.0,0.0,2,0,0.0
YER076C,0.0,0.0,0.0,0.0,1,0,0.0
YER077C,0.0,0.0,0.0,0.0,5,0,0.0
YFL027C,0.0,0.0,0.0,0.0,3,0,0.0
YML036W,0.14285714285714285,0.7005649717514124,3.9166666666666665,9.2,7,0,1.7005649717514124
YER079W,0.16666666666666666,0.11204819277108434,0.0,0.0,4,0,1.1120481927710844
YFR017C,0.0,0.0,0.0,0.0,5,0,0.0
YGL039W,0.0,0.0,0.0,0.0,1,0,0.0
YGL096W,0.16666666666666666,0.05699177438307873,4.5,2.5,4,0,1.0569917743830788
YGL110C,0.0,0.0,0.0,0.0,1,0,0.0
YGR293C,0.0,0.0,0.0,0.0,1,0,0.0
YHR215W,0.0,0.0,0.0,0.0,4,0,0.0
YIL044C,0.0,0.0,0.0,0.0,1,0,0.0
YIL074C,0.0,0.0,0.0,0.0,5,0,0.0
YKR073C,0.0,0.0,0.0,0.0,1,0,0.0
YLR151C,0.0,0.0,0.0,0.0,3,0,0.0
YNR042W,0.0,0.0,0.0,0.0,2,0,0.0
YOR189W,0.0,0.0,0.0,0.0,2,0,0.0
YOR222W,0.0,0.0,0.0,0.0,1,0,0.0
YOR246C,0.0,0.0,0.0,0.0,1,0,0.0
YOR258W,0.0,0.0,0.0,0.0,1,0,0.0
YOR263C,0.0,0.0,0.0,0.0,2,0,0.0
YOR300W,0.0,0.0,0.0,0.0,1,0,0.0
YOR318C,0.0,0.0,0.0,0.0,1,0,0.0
YOR387C,0.0,0.0,0.0,0.0,1,0,0.0
YPL229W,0.0,0.0,0.0,0.0,3,0,0.0
YPR046W,0.0,0.0,0.0,0.0,6,0,0.0
YPR134W,0.0,0.0,0.0,0.0,1,0,0.0
YPR137C-B,0.0,0.0,0.0,0.0,6,0,0.0
YPR149W,0.0,0.0,0.0,0.0,1,0,0.0
YJL135W,0.0,0.0,0.0,0.0,2,0,0.0
YPR112C,0.0,0.0,0.0,0.0,2,1,0.0
YMR038C,0.0,0.0,0.0,0.0,3,0,0.0
YOR383C,0.0,0.0,0.0,0.0,1,0,0.0
YMR233W,0.0,0.0,0.0,0.0,3,0,0.0
YPL238C,0.0,0.0,0.0,0.0,1,1,0.0
YER096W,0.0,0.0,0.0,0.0,2,0,0.0
YER099C,0.3333333333333333,0.5277777777777778,2.0,3.083333333333333,4,0,1.5277777777777777
YKL205W,0.027777777777777776,0.07919254658385093,8.125,5.9,9,1,1.079192546583851
YGL065C,0.0,0.0,0.0,0.0,1,1,0.0
YPR001W,0.0,0.0,0.0,0.0,1,0,0.0
YHL008C,0.0,0.0,0.0,0.0,2,0,0.0
YER109C,0.0,0.0,0.0,0.0,1,0,0.0
YOL127W,0.0,0.0,0.0,0.0,3,1,0.0
YER111C,0.13333333333333333,0.26315789473684215,0.0,4.587301587301587,6,0,1.263157894736842
YIL029C,0.0,0.0,0.0,0.0,1,0,0.0
YKL209C,0.16666666666666666,0.0512987012987013,4.5,1.8,4,0,1.0512987012987014
YLL032C,0.0,0.0,0.0,0.0,3,0,0.0
YLR269C,0.3333333333333333,0.03624078624078624,4.0,2.1666666666666665,3,0,1.0362407862407863
YNL091W,0.0,0.0,0.0,0.0,7,0,0.0
YOR219C,0.0,0.0,0.0,0.0,1,0,0.0
YPL272C,0.0,0.0,0.0,0.0,1,0,0.0
YGL085W,0.0,0.0,0.0,0.0,3,0,0.0
YGR257C,0.0,0.0,0.0,0.0,2,0,0.0
YHR143W,0.0,0.0,0.0,0.0,1,0,0.0
YJL062W,0.0,0.0,0.0,0.0,3,0,0.0
YMR065W,0.047619047619047616,0.13636363636363635,1.9444444444444444,0.0,7,0,0.48556998556998554
YNR033W,0.0,0.0,0.0,0.0,2,0,0.0
YER119C,0.0,0.0,0.0,0.0,3,0,0.0
YKL055C,0.0,0.0,0.0,0.0,1,0,0.0
YLR305C,0.0,0.0,0.0,0.0,6,1,0.0
YNL027W,0.047619047619047616,0.2222222222222222,0.0,0.0,7,0,0.4365079365079365
YER121W,0.0,0.0,0.0,0.0,1,0,0.0
YER176W,0.0,0.0,0.0,0.0,1,0,0.0
YHR003C,0.0,0.0,0.0,0.0,3,0,0.0
YFR022W,0.0,0.0,0.0,0.0,2,0,0.0
YHR097C,0.0,0.0,0.0,0.0,2,0,0.0
YKL020C,0.0,0.0,0.0,0.0,4,0,0.0
YKR018C,0.0,0.0,0.0,0.0,1,0,0.0
YLR392C,0.3333333333333333,0.019977672013631823,0.0,0.0,3,0,1.0199776720136318
YML111W,0.03571428571428571,0.1334033613445378,9.333333333333334,0.0,8,0,0.4011198967776086
YMR171C,0.0,0.0,0.0,0.0,1,0,0.0
YMR275C,0.1,0.06401249024199844,4.0,5.571428571428571,5,0,1.0640124902419985
YOR018W,0.16666666666666666,0.0656084656084656,0.0,4.880952380952381,4,0,1.0656084656084657
YOR340C,0.3333333333333333,0.08193979933110368,2.0,0.0,3,1,1.0819397993311037
YOR385W,0.0,0.0,0.0,0.0,1,0,0.0
YHR204W,0.0,0.0,0.0,0.0,6,0,0.0
YER128W,0.0,0.0,0.0,0.0,1,0,0.0
YPR173C,0.03571428571428571,0.26785714285714285,4.5,0.5,8,0,1.2678571428571428
YLR420W,0.0,0.0,0.0,0.0,2,0,0.0
YER131W,0.0,0.0,0.0,0.0,4,0,0.0
YLR435W,0.0,0.0,0.0,0.0,5,0,0.0
YHR100C,0.0,0.0,0.0,0.0,1,0,0.0
YOR227W,0.3333333333333333,0.05596557913631084,13.333333333333334,19.0,4,0,1.055965579136311
YPL137C,0.0,0.0,0.0,0.0,2,1,0.0
YFL005W,0.3333333333333333,0.7193387881468377,16.0,65.5,7,1,1.7193387881468376
YGL210W,0.2,0.21145510835913311,6.5,0.0,5,0,1.1572823411556192
YER137C,0.0,0.0,0.0,0.0,1,0,0.0
YER139C,0.0,0.0,0.0,0.0,2,0,0.0
YOR034C,0.0,0.0,0.0,0.0,3,0,0.0
YIL056W,0.0,0.0,0.0,0.0,1,0,0.0
YFL066C,1.0,0.07619047619047618,0.0,0.0,2,0,1.0761904761904761
YPL090C,0.0,0.0,0.0,0.0,1,0,0.0
YKL058W,0.4,0.7840579710144927,6.25,16.5,5,1,1.7840579710144926
YNL039W,0.2,0.6177840434419383,5.0,24.33368983957219,6,1,1.6177840434419384
YOR194C,0.26666666666666666,0.7840579710144927,6.25,10.65,6,1,1.7840579710144926
YIL040W,0.0,0.0,0.0,0.0,2,0,0.0
YKL034W,0.0,0.0,0.0,0.0,1,0,0.0
YER152C,0.0,0.0,0.0,0.0,1,0,0.0
YJL107C,0.0,0.0,0.0,0.0,3,0,0.0
YER153C,0.0,0.0,0.0,0.0,2,0,0.0
YGR222W,0.0,0.0,0.0,0.0,3,0,0.0
YJL170C,0.0,0.0,0.0,0.0,2,0,0.0
YOR121C,0.0,0.0,0.0,0.0,2,0,0.0
YGR080W,0.0,0.0,0.0,0.0,7,0,0.0
YHL031C,1.0,0.14090909090909093,2.9166666666666665,2.0,2,0,1.1409090909090909
YPR105C,0.0641025641025641,0.5448356807511737,6.333333333333333,11.88034188034188,13,1,1.5448356807511736
YPL253C,0.0,0.0,0.0,0.0,4,0,0.0
YLR389C,0.0,0.0,0.0,0.0,3,0,0.0
YLR167W,0.0,0.0,0.0,0.0,1,1,0.0
YER163C,0.0,0.0,0.0,0.0,1,0,0.0
YNL255C,0.0,0.0,0.0,0.0,2,0,0.0
YER166W,0.0,0.0,0.0,0.0,3,0,0.0
YGR229C,0.0,0.0,0.0,0.0,5,0,0.0
YER168C,0.0,0.0,0.0,0.0,2,1,0.0
YER169W,0.0,0.0,0.0,0.0,1,0,0.0
YPL071C,0.0,0.0,0.0,0.0,1,0,0.0
YER170W,0.0,0.0,0.0,0.0,1,0,0.0
YOR142W,0.0,0.0,0.0,0.0,2,0,0.0
YHR156C,0.06666666666666667,0.0641025641025641,2.0,0.0,6,0,1.064102564102564
YHR079C-A,0.0,0.0,0.0,0.0,3,0,0.0
YER174C,0.3333333333333333,0.18361581920903955,0.0,2.225,3,0,1.1836158192090396
YER175C,0.0,0.0,0.0,0.0,1,0,0.0
YLR158C,0.16666666666666666,0.20806451612903226,0.0,2.083333333333333,4,0,1.2080645161290322
YIL028W,0.0,0.0,0.0,0.0,2,0,0.0
YKL140W,0.16666666666666666,0.018607442977190875,0.0,0.0,4,0,1.018607442977191
YKL124W,0.0,0.0,0.0,0.0,1,0,0.0
YGR085C,0.0,0.0,0.0,0.0,2,0,0.0
YJL125C,0.0,0.0,0.0,0.0,2,1,0.0
YNL013C,0.0,0.0,0.0,0.0,4,0,0.0
YER180C,0.0,0.0,0.0,0.0,2,0,0.0
YER181C,0.0,0.0,0.0,0.0,1,0,0.0
YER184C,0.0,0.0,0.0,0.0,1,0,0.0
YER186C,0.0,0.0,0.0,0.0,1,0,0.0
YER188W,0.0,0.0,0.0,0.0,1,0,0.0
YFL002C,0.5,0.09824604540611426,3.0,3.2,4,1,1.0982460454061143
YNL272C,0.0,0.0,0.0,0.0,4,1,0.0
YKL159C,0.0,0.0,0.0,0.0,3,0,0.0
YPL059W,0.1,0.16025641025641024,6.0,1.5555555555555556,5,0,1.1602564102564101
YFL011W,0.0,0.0,0.0,0.0,2,0,0.0
YFL012W,1.0,0.08263736263736264,0.0,2.023809523809524,2,0,1.0826373626373627
YJR084W,0.0,0.0,0.0,0.0,2,0,0.0
YPR057W,1.0,0.05756578947368421,9.333333333333334,3.0,2,0,1.0575657894736843
YJR051W,0.0,0.0,0.0,0.0,1,0,0.0
YGR072W,0.1,0.20535714285714285,4.5,0.0,5,0,0.6923136645962733
YFL021W,0.06666666666666667,0.08966861598440545,0.0,0.0,6,0,0.8331468768539707
YLR068W,0.0,0.0,0.0,0.0,2,0,0.0
YLR060W,0.0,0.0,0.0,0.0,1,1,0.0
YFL026W,0.0,0.0,0.0,0.0,6,0,0.0
YGR141W,0.0,0.0,0.0,0.0,3,0,0.0
YIL077C,0.0,0.0,0.0,0.0,2,0,0.0
YIR016W,1.0,0.0946843853820598,0.0,2.05,2,0,1.0946843853820598
YFL034W,0.0,0.0,0.0,0.0,2,0,0.0
YFL036W,0.0,0.0,0.0,0.0,2,0,0.0
YMR228W,0.0,0.0,0.0,0.0,3,0,0.0
YOR265W,0.16666666666666666,0.01400089605734767,0.0,0.0,4,0,1.0140008960573477
YIL138C,0.0,0.0,0.0,0.0,1,0,0.0
YOR122C,0.13333333333333333,0.12126315789473684,10.333333333333334,2.0296052631578947,6,1,1.1212631578947367
YLR349W,0.0,0.0,0.0,0.0,1,0,0.0
YMR266W,0.0,0.0,0.0,0.0,2,0,0.0
YFL042C,0.3333333333333333,0.08473557692307693,0.9,2.225,3,0,1.0847355769230769
YFL044C,0.0,0.0,0.0,0.0,1,0,0.0
YOL152W,0.0,0.0,0.0,0.0,2,0,0.0
YFL050C,0.0,0.0,0.0,0.0,2,0,0.0
YFL051C,0.0,0.0,0.0,0.0,2,0,0.0
YKL026C,0.0,0.0,0.0,0.0,1,0,0.0
YNL316C,0.0,0.0,0.0,0.0,1,0,0.0
YFL052W,0.0,0.0,0.0,0.0,2,0,0.0
YOR366W,0.0,0.0,0.0,0.0,1,0,0.0
YFL054C,0.0,0.0,0.0,0.0,2,0,0.0
YFL056C,0.0,0.0,0.0,0.0,2,0,0.0
YFL060C,0.3333333333333333,0.3111111111111111,0.0,3.5,3,0,1.3111111111111111
YMR095C,1.0,0.9079365079365079,0.0,4.1,3,0,1.9079365079365078
YMR096W,0.4,1.873015873015873,0.0,6.200000000000001,6,0,2.873015873015873
YMR322C,0.5,0.9079365079365079,0.0,2.9,4,0,1.9079365079365078
YNL334C,0.06666666666666667,0.25396825396825395,0.0,0.0,6,0,0.5164682539682539
YFL061W,0.0,0.0,0.0,0.0,2,0,0.0
YOR071C,0.0,0.0,0.0,0.0,2,0,0.0
YOR079C,0.0,0.0,0.0,0.0,4,0,0.0
YOR092W,0.0,0.0,0.0,0.0,4,0,0.0
YFL063W,0.0,0.0,0.0,0.0,1,0,0.0
YFL065C,0.0,0.0,0.0,0.0,1,0,0.0
YLR415C,0.0,0.0,0.0,0.0,1,0,0.0
YFL067W,0.0,0.0,0.0,0.0,1,0,0.0
YIL149C,0.0,0.0,0.0,0.0,4,0,0.0
YLR178C,0.5,0.30263157894736836,12.0,4.964285714285714,4,0,1.3026315789473684
YIL064W,0.0,0.0,0.0,0.0,1,0,0.0
YOR147W,0.0,0.0,0.0,0.0,3,0,0.0
YPL179W,0.1,0.2557142857142857,0.0,1.75,5,0,1.2557142857142858
YIR011C,0.0,0.0,0.0,0.0,2,1,0.0
YFR006W,0.0,0.0,0.0,0.0,1,0,0.0
YLR395C,0.0,0.0,0.0,0.0,1,0,0.0
YFR011C,0.0,0.0,0.0,0.0,3,0,0.0
YKL119C,0.06666666666666667,0.18333333333333335,0.0,1.0,6,0,1.1833333333333333
YJL137C,0.5,0.4401515151515151,0.0,8.0,4,0,1.4401515151515152
YPL219W,0.5,0.29754901960784313,0.0,1.3333333333333333,4,0,1.2975490196078432
YOR010C,0.0,0.0,0.0,0.0,3,0,0.0
YJL212C,0.0,0.0,0.0,0.0,1,0,0.0
YFR018C,0.0,0.0,0.0,0.0,1,0,0.0
YLR094C,0.0,0.0,0.0,0.0,4,0,0.0
YNL242W,0.0,0.0,0.0,0.0,2,0,0.0
YGR241C,0.16666666666666666,0.2725572119743156,2.75,0.0,9,0,0.8840496229048048
YHL027W,0.0,0.0,0.0,0.0,7,0,0.0
YHR182W,0.0,0.0,0.0,0.0,3,0,0.0
YJL045W,0.0,0.0,0.0,0.0,2,0,0.0
YLR422W,0.0,0.0,0.0,0.0,2,0,0.0
YNL065W,0.0,0.0,0.0,0.0,1,0,0.0
YOL107W,0.0,0.0,0.0,0.0,3,0,0.0
YOR247W,0.4,0.12056142559456562,2.0,2.5,5,0,1.1205614255945657
YPR097W,0.0,0.0,0.0,0.0,1,0,0.0
YFR026C,0.0,0.0,0.0,0.0,2,0,0.0
YMR076C,0.0,0.0,0.0,0.0,2,1,0.0
YKL001C,0.16666666666666666,0.04071969696969697,0.0,0.0,4,0,1.040719696969697
YKL150W,0.0,0.0,0.0,0.0,3,0,0.0
YNL001W,0.1,0.026289682539682536,0.0,0.0,5,0,1.0262896825396826
YOR032C,0.0,0.0,0.0,0.0,2,0,0.0
YOR093C,0.3333333333333333,0.02796052631578947,10.133333333333335,0.0,3,0,1.0279605263157894
YPR042C,0.0,0.0,0.0,0.0,1,0,0.0
YPR069C,0.0,0.0,0.0,0.0,3,0,0.0
YFR029W,0.0,0.0,0.0,0.0,1,1,0.0
YFR033C,0.0,0.0,0.0,0.0,1,0,0.0
YJR031C,0.0,0.0,0.0,0.0,2,0,0.0
YML127W,0.0,0.0,0.0,0.0,3,1,0.0
YFR039C,0.0,0.0,0.0,0.0,2,0,0.0
YFR042W,0.0,0.0,0.0,0.0,4,1,0.0
YNR025C,0.0,0.0,0.0,0.0,2,0,0.0
YFR045W,0.0,0.0,0.0,0.0,1,0,0.0
YKR067W,1.0,0.08601398601398602,8.0,1.1428571428571428,2,0,1.086013986013986
YJR133W,0.0,0.0,0.0,0.0,4,0,0.0
YGL005C,0.0,0.0,0.0,0.0,2,0,0.0
YNL328C,0.0,0.0,0.0,0.0,2,0,0.0
YGL009C,0.0,0.0,0.0,0.0,2,0,0.0
YGL010W,0.0,0.0,0.0,0.0,2,0,0.0
YPL144W,0.24444444444444444,1.3762626262626265,16.0,11.2,10,0,2.3762626262626263
YGL014W,0.0,0.0,0.0,0.0,3,1,0.0
YNL231C,0.0,0.0,0.0,0.0,2,0,0.0
YGL015C,0.0,0.0,0.0,0.0,1,0,0.0
YGL017W,0.0,0.0,0.0,0.0,1,0,0.0
YGL018C,0.0,0.0,0.0,0.0,1,1,0.0
YMR172W,0.6,0.43587301587301586,0.0,10.244444444444444,6,0,1.4358730158730157
YNL087W,0.0,0.0,0.0,0.0,1,0,0.0
YGL021W,0.0,0.0,0.0,0.0,3,0,0.0
YLR133W,0.16666666666666666,0.05555555555555555,0.0,7.333333333333333,4,0,1.0555555555555556
YGL023C,0.0,0.0,0.0,0.0,1,0,0.0
YGL024W,0.0,0.0,0.0,0.0,1,0,0.0
YNR002C,0.0,0.0,0.0,0.0,2,0,0.0
YGL029W,0.0,0.0,0.0,0.0,1,1,0.0
YGL030W,0.0,0.0,0.0,0.0,2,1,0.0
YGL032C,0.0,0.0,0.0,0.0,1,0,0.0
YPL025C,0.0,0.0,0.0,0.0,1,0,0.0
YGL037C,0.5,0.08865517612068657,4.555555555555555,2.2222222222222223,4,0,1.0886551761206866
YGL038C,0.0,0.0,0.0,0.0,1,0,0.0
YGL040C,0.3333333333333333,0.021600315333070556,0.0,3.333333333333333,3,1,1.0216003153330706
YGR004W,0.3333333333333333,0.2663980463980464,6.666666666666666,0.0,4,0,1.2663980463980464
YGL045W,0.0,0.0,0.0,0.0,1,0,0.0
YGL047W,0.0,0.0,0.0,0.0,1,1,0.0
YLL034C,0.19047619047619047,0.2166740106938444,7.166666666666666,6.199999999999999,7,1,1.2166740106938443
YGL050W,0.0,0.0,0.0,0.0,1,0,0.0
YMR011W,0.0,0.0,0.0,0.0,2,0,0.0
YJL134W,0.0,0.0,0.0,0.0,2,0,0.0
YKL153W,0.0,0.0,0.0,0.0,2,1,0.0
YOL080C,0.0,0.0,0.0,0.0,1,0,0.0
YGL059W,0.0,0.0,0.0,0.0,1,0,0.0
YIL042C,0.0,0.0,0.0,0.0,3,0,0.0
YIR004W,0.0,0.0,0.0,0.0,2,1,0.0
YJL179W,0.0,0.0,0.0,0.0,3,0,0.0
YGL064C,0.0,0.0,0.0,0.0,1,0,0.0
YGL069C,0.0,0.0,0.0,0.0,1,1,0.0
YJL182C,0.0,0.0,0.0,0.0,1,0,0.0
YJL190C,0.0,0.0,0.0,0.0,2,0,0.0
YJR162C,0.0,0.0,0.0,0.0,2,0,0.0
YKL036C,0.0,0.0,0.0,0.0,3,1,0.0
YKL086W,0.0,0.0,0.0,0.0,2,0,0.0
YKL190W,0.0,0.0,0.0,0.0,5,0,0.0
YGL072C,0.0,0.0,0.0,0.0,1,0,0.0
YGL073W,0.0,0.0,0.0,0.0,3,1,0.0
YGL077C,0.0,0.0,0.0,0.0,1,0,0.0
YGL083W,0.0,0.0,0.0,0.0,1,0,0.0
YGL084C,0.0,0.0,0.0,0.0,6,1,0.0
YLR308W,0.0,0.0,0.0,0.0,1,0,0.0
YOL081W,0.0,0.0,0.0,0.0,3,0,0.0
YOR220W,0.06666666666666667,0.04756335282651072,0.0,3.8777777777777778,6,0,1.0475633528265107
YHR036W,0.0,0.0,0.0,0.0,1,1,0.0
YGL094C,0.0,0.0,0.0,0.0,2,0,0.0
YKL025C,0.0,0.0,0.0,0.0,6,0,0.0
YOR364W,0.0,0.0,0.0,0.0,2,0,0.0
YLR440C,0.0,0.0,0.0,0.0,4,1,0.0
YGL102C,0.0,0.0,0.0,0.0,1,1,0.0
YHR194W,0.0,0.0,0.0,0.0,2,0,0.0
YGL225W,0.16666666666666666,0.045714285714285714,1.125,4.166666666666667,4,1,1.0457142857142858
YPL270W,0.0,0.0,0.0,0.0,4,0,0.0
YJL222W-B,0.0,0.0,0.0,0.0,1,0,0.0
YMR227C,1.0,0.2944557133198107,3.0,4.564102564102564,3,1,1.2944557133198107
YGL113W,0.0,0.0,0.0,0.0,2,1,0.0
YGL114W,0.0,0.0,0.0,0.0,1,0,0.0
YJL114W,0.0,0.0,0.0,0.0,1,0,0.0
YML110C,0.0,0.0,0.0,0.0,1,0,0.0
YGL117W,0.0,0.0,0.0,0.0,1,0,0.0
YIL002C,0.0,0.0,0.0,0.0,3,0,0.0
YNL224C,0.0,0.0,0.0,0.0,1,0,0.0
YIL092W,0.0,0.0,0.0,0.0,5,0,0.0
YGL126W,0.0,0.0,0.0,0.0,1,0,0.0
YGL157W,0.0,0.0,0.0,0.0,3,0,0.0
YHR130C,0.0,0.0,0.0,0.0,3,0,0.0
YIL025C,0.0,0.0,0.0,0.0,4,0,0.0
YJL032W,0.0,0.0,0.0,0.0,1,1,0.0
YKL137W,0.0,0.0,0.0,0.0,3,0,0.0
YML133C,0.0,0.0,0.0,0.0,2,0,0.0
YMR072W,0.0,0.0,0.0,0.0,2,0,0.0
YMR202W,0.0,0.0,0.0,0.0,2,0,0.0
YNR028W,0.0,0.0,0.0,0.0,6,0,0.0
YOR162C,0.0,0.0,0.0,0.0,1,0,0.0
YOR289W,0.0,0.0,0.0,0.0,2,0,0.0
YOR377W,0.0,0.0,0.0,0.0,2,0,0.0
YPL064C,0.0,0.0,0.0,0.0,2,0,0.0
YKR058W,0.0,0.0,0.0,0.0,1,0,0.0
YGR202C,0.0,0.0,0.0,0.0,3,0,0.0
YHR018C,0.0,0.0,0.0,0.0,3,0,0.0
YKL204W,0.1,0.042123738481790254,0.0,2.2666666666666666,5,0,1.0421237384817903
YNL181W,0.0,0.0,0.0,0.0,1,1,0.0
YGL138C,0.0,0.0,0.0,0.0,1,0,0.0
YGL139W,0.0,0.0,0.0,0.0,1,0,0.0
YGL142C,0.0,0.0,0.0,0.0,1,1,0.0
YGL146C,0.0,0.0,0.0,0.0,2,0,0.0
YGL147C,0.0,0.0,0.0,0.0,1,0,0.0
YGL148W,0.0,0.0,0.0,0.0,1,0,0.0
YLR284C,0.2,0.34988496932515334,9.333333333333334,7.666666666666666,5,0,1.3498849693251533
YOL105C,0.0,0.0,0.0,0.0,3,0,0.0
YGL254W,0.0,0.0,0.0,0.0,5,0,0.0
YGL155W,0.0,0.0,0.0,0.0,1,1,0.0
YGL156W,0.2857142857142857,0.6063285779428049,15.666666666666666,8.666666666666668,7,0,1.606328577942805
YGR071C,0.16666666666666666,0.2785714285714286,0.0,4.083333333333334,4,0,1.2785714285714285
YPL128C,0.1,0.2785714285714286,0.0,2.083333333333333,5,1,1.2785714285714285
YNL304W,0.3333333333333333,0.21145510835913311,3.25,0.0,4,0,1.2114551083591332
YGL165C,0.0,0.0,0.0,0.0,1,0,0.0
YGL166W,0.0,0.0,0.0,0.0,8,1,0.0
YJL154C,0.2222222222222222,1.7625291375291376,24.0,8.784415584415585,9,0,2.7625291375291376
YGL168W,0.0,0.0,0.0,0.0,1,0,0.0
YLL024C,0.05128205128205128,0.22438733383592813,8.527777777777779,6.392765567765569,13,0,1.2243873338359281
YGL174W,0.0,0.0,0.0,0.0,5,0,0.0
YGL177W,0.0,0.0,0.0,0.0,1,0,0.0
YIL010W,0.0,0.0,0.0,0.0,2,0,0.0
YIL052C,0.0,0.0,0.0,0.0,1,0,0.0
YIL057C,0.0,0.0,0.0,0.0,2,0,0.0
YNR068C,0.0,0.0,0.0,0.0,3,0,0.0
YOR331C,0.0,0.0,0.0,0.0,2,0,0.0
YOR384W,0.0,0.0,0.0,0.0,1,0,0.0
YPL188W,0.0,0.0,0.0,0.0,1,0,0.0
YGL183C,0.0,0.0,0.0,0.0,1,0,0.0
YGL184C,0.0,0.0,0.0,0.0,1,0,0.0
YGL189C,0.1,0.01635258358662614,2.0,1.4,5,1,1.016352583586626
YHR108W,0.16666666666666666,0.057539682539682536,4.5,0.5714285714285714,4,0,1.0575396825396826
YJL050W,0.0,0.0,0.0,0.0,4,1,0.0
YGR138C,0.0,0.0,0.0,0.0,1,0,0.0
YGL204C,0.0,0.0,0.0,0.0,2,0,0.0
YMR209C,0.0,0.0,0.0,0.0,3,0,0.0
YPL106C,0.0,0.0,0.0,0.0,5,0,0.0
YGR231C,0.0,0.0,0.0,0.0,1,0,0.0
YMR053C,0.0,0.0,0.0,0.0,2,0,0.0
YGL214W,0.0,0.0,0.0,0.0,1,0,0.0
YGL217C,0.0,0.0,0.0,0.0,1,0,0.0
YLL029W,0.0,0.0,0.0,0.0,1,0,0.0
YGL221C,0.0,0.0,0.0,0.0,2,0,0.0
YGL222C,0.0,0.0,0.0,0.0,2,0,0.0
YJL178C,0.0,0.0,0.0,0.0,1,0,0.0
YJL211C,0.0,0.0,0.0,0.0,1,0,0.0
YKL110C,0.5,0.9166666666666665,3.0,5.2,4,0,1.9166666666666665
YOR090C,0.0,0.0,0.0,0.0,6,0,0.0
YOR298W,0.0,0.0,0.0,0.0,1,0,0.0
YGL236C,0.1,0.2557142857142857,0.0,2.321428571428571,5,1,1.2557142857142858
YMR023C,0.0,0.0,0.0,0.0,1,0,0.0
YGR267C,0.0641025641025641,0.22766726724162517,0.0,4.424786324786325,13,1,1.2276672672416251
YNL063W,0.0,0.0,0.0,0.0,1,0,0.0
YPL166W,0.0,0.0,0.0,0.0,1,0,0.0
YPR085C,0.0,0.0,0.0,0.0,3,1,0.0
YGL242C,0.0,0.0,0.0,0.0,1,0,0.0
YOR048C,0.0,0.0,0.0,0.0,2,1,0.0
YGL247W,0.0,0.0,0.0,0.0,1,1,0.0
YLR146C,0.0,0.0,0.0,0.0,2,0,0.0
YGL258W,0.0,0.0,0.0,0.0,1,0,0.0
YJR020W,0.0,0.0,0.0,0.0,2,0,0.0
YHR090C,0.6,0.604691842175796,8.5,8.137254901960784,5,0,1.604691842175796
YLR297W,0.0,0.0,0.0,0.0,3,0,0.0
YMR183C,0.0,0.0,0.0,0.0,4,0,0.0
YGR010W,0.13333333333333333,0.35286544850498336,9.833333333333332,4.5,6,0,1.3528654485049834
YIL009W,0.0,0.0,0.0,0.0,5,0,0.0
YGR017W,0.0,0.0,0.0,0.0,3,0,0.0
YGR021W,0.0,0.0,0.0,0.0,1,0,0.0
YGR023W,0.0,0.0,0.0,0.0,3,0,0.0
YLR460C,0.0,0.0,0.0,0.0,2,0,0.0
YGR024C,0.0,0.0,0.0,0.0,5,1,0.0
YIL082W,0.0,0.0,0.0,0.0,1,0,0.0
YGR026W,0.0,0.0,0.0,0.0,1,0,0.0
YGR028W,0.0,0.0,0.0,0.0,1,0,0.0
YLR067C,0.0,0.0,0.0,0.0,7,0,0.0
YGR029W,0.0,0.0,0.0,0.0,2,1,0.0
YKL084W,0.0,0.0,0.0,0.0,1,0,0.0
YGR031W,0.0,0.0,0.0,0.0,1,0,0.0
YOR118W,0.0,0.0,0.0,0.0,1,0,0.0
YPL251W,0.0,0.0,0.0,0.0,1,1,0.0
YGR042W,0.0,0.0,0.0,0.0,1,0,0.0
YGR045C,0.0,0.0,0.0,0.0,1,0,0.0
YOR271C,0.0,0.0,0.0,0.0,2,1,0.0
YGR046W,0.0,0.0,0.0,0.0,1,1,0.0
YLR257W,0.0,0.0,0.0,0.0,2,0,0.0
YJL086C,0.0,0.0,0.0,0.0,3,1,0.0
YPL060W,0.0,0.0,0.0,0.0,2,0,0.0
YGR053C,0.0,0.0,0.0,0.0,1,0,0.0
YOR097C,0.0,0.0,0.0,0.0,4,0,0.0
YJL129C,0.0,0.0,0.0,0.0,2,0,0.0
YJL202C,0.0,0.0,0.0,0.0,1,1,0.0
YGR064W,0.0,0.0,0.0,0.0,1,0,0.0
YGR065C,0.0,0.0,0.0,0.0,1,1,0.0
YJL199C,0.03636363636363636,0.08312772294834178,0.0,4.533333333333333,11,0,1.0831277229483418
YHR109W,0.0,0.0,0.0,0.0,2,0,0.0
YIL008W,0.0,0.0,0.0,0.0,6,0,0.0
YKL149C,0.0,0.0,0.0,0.0,1,0,0.0
YGR073C,0.0,0.0,0.0,0.0,2,1,0.0
YKL183W,0.0,0.0,0.0,0.0,3,0,0.0
YGR076C,0.0,0.0,0.0,0.0,1,0,0.0
YGR079W,0.0,0.0,0.0,0.0,3,0,0.0
YNL081C,0.0,0.0,0.0,0.0,1,0,0.0
YNL138W-A,0.0,0.0,0.0,0.0,1,1,0.0
YNL003C,0.0,0.0,0.0,0.0,4,0,0.0
YNL131W,0.09523809523809523,0.6428571428571428,3.0,4.683333333333334,7,1,1.6428571428571428
YGR251W,0.0,0.0,0.0,0.0,1,1,0.0
YGR088W,0.0,0.0,0.0,0.0,1,0,0.0
YLR003C,0.0,0.0,0.0,0.0,3,0,0.0
YKL170W,0.0,0.0,0.0,0.0,1,0,0.0
YNL241C,0.0,0.0,0.0,0.0,2,1,0.0
YHR081W,0.5,0.779040404040404,20.916666666666664,9.682983682983682,5,0,1.779040404040404
YGR100W,0.0,0.0,0.0,0.0,2,0,0.0
YGR101W,0.0,0.0,0.0,0.0,3,0,0.0
YJL213W,0.0,0.0,0.0,0.0,1,0,0.0
YPR143W,0.3333333333333333,0.07186692506459948,0.0,15.000000000000002,4,1,1.0718669250645996
YOR368W,0.06666666666666667,0.08712715855572999,4.5,0.0,6,0,0.852292323720895
YGR110W,0.0,0.0,0.0,0.0,1,0,0.0
YOL151W,0.0,0.0,0.0,0.0,3,0,0.0
YJL064W,0.0,0.0,0.0,0.0,3,0,0.0
YLR329W,0.0,0.0,0.0,0.0,4,0,0.0
YPR045C,0.0,0.0,0.0,0.0,2,0,0.0
YGR114C,0.0,0.0,0.0,0.0,1,1,0.0
YGR115C,0.0,0.0,0.0,0.0,1,1,0.0
YPR133C,0.3333333333333333,0.18992248062015504,0.0,1.7142857142857142,3,1,1.189922480620155
YPR083W,1.0,0.11722488038277512,0.0,3.333333333333333,2,0,1.1172248803827751
YGR122W,0.0,0.0,0.0,0.0,2,0,0.0
YMR008C,0.0,0.0,0.0,0.0,1,0,0.0
YMR021C,0.0,0.0,0.0,0.0,4,0,0.0
YNL011C,0.0,0.0,0.0,0.0,1,0,0.0
YGR126W,0.0,0.0,0.0,0.0,1,0,0.0
YGR131W,0.0,0.0,0.0,0.0,1,0,0.0
YGR255C,0.0,0.0,0.0,0.0,3,0,0.0
YIL108W,0.0,0.0,0.0,0.0,4,0,0.0
YLR149C,0.0,0.0,0.0,0.0,1,0,0.0
YNL082W,0.16666666666666666,0.12955465587044535,2.0,0.0,4,0,1.1295546558704452
YOL024W,0.0,0.0,0.0,0.0,1,0,0.0
YOR113W,0.0,0.0,0.0,0.0,1,0,0.0
YIL121W,0.0,0.0,0.0,0.0,1,0,0.0
YGR148C,0.0,0.0,0.0,0.0,1,0,0.0
YGR149W,0.0,0.0,0.0,0.0,2,0,0.0
YNL219C,0.0,0.0,0.0,0.0,1,0,0.0
YGR153W,0.0,0.0,0.0,0.0,2,0,0.0
YMR260C,0.0,0.0,0.0,0.0,1,1,0.0
YGR161C-D,0.0,0.0,0.0,0.0,1,0,0.0
YML121W,0.047619047619047616,0.30952380952380953,2.0,2.0,7,0,1.3095238095238095
YGR168C,0.0,0.0,0.0,0.0,1,0,0.0
YGR177C,0.0,0.0,0.0,0.0,1,0,0.0
YOL103W,0.0,0.0,0.0,0.0,2,0,0.0
YJL035C,0.0,0.0,0.0,0.0,2,1,0.0
YJR135W-A,1.0,0.6111111111111112,2.0,2.033333333333333,2,0,1.6111111111111112
YPL177C,0.0,0.0,0.0,0.0,1,0,0.0
YGR185C,0.0,0.0,0.0,0.0,3,1,0.0
YLR283W,0.0,0.0,0.0,0.0,2,0,0.0
YGR194C,0.0,0.0,0.0,0.0,1,0,0.0
YGR197C,0.0,0.0,0.0,0.0,1,0,0.0
YHR187W,0.5714285714285714,3.458333333333333,6.0,8.314285714285715,7,0,4.458333333333333
YJR127C,0.0,0.0,0.0,0.0,2,0,0.0
YMR312W,0.6666666666666666,2.966666666666667,5.0,4.0,6,0,3.966666666666667
YPL101W,1.0,2.966666666666667,5.0,3.0,5,0,3.966666666666667
YGR208W,0.0,0.0,0.0,0.0,2,0,0.0
YKL177W,0.0,0.0,0.0,0.0,2,0,0.0
YGR211W,0.0,0.0,0.0,0.0,4,1,0.0
YGR213C,0.0,0.0,0.0,0.0,2,0,0.0
YGR217W,0.0,0.0,0.0,0.0,1,0,0.0
YJR134C,0.16666666666666666,0.022007131940906775,7.583333333333333,10.0,4,0,1.0220071319409068
YLL060C,0.0,0.0,0.0,0.0,1,0,0.0
YLL067W-A,0.0,0.0,0.0,0.0,2,0,0.0
YML120C,0.0,0.0,0.0,0.0,1,0,0.0
YMR180C,0.0,0.0,0.0,0.0,2,0,0.0
YNL164C,0.0,0.0,0.0,0.0,2,0,0.0
YOR184W,0.0,0.0,0.0,0.0,4,0,0.0
YPL056C,0.0,0.0,0.0,0.0,1,0,0.0
YKL167C,0.0,0.0,0.0,0.0,1,0,0.0
YKR006C,0.0,0.0,0.0,0.0,2,0,0.0
YML009C,0.0,0.0,0.0,0.0,2,0,0.0
YMR193W,0.0,0.0,0.0,0.0,4,0,0.0
YMR225C,0.0,0.0,0.0,0.0,2,0,0.0
YPL183W-A,0.0,0.0,0.0,0.0,1,0,0.0
YNR045W,0.0,0.0,0.0,0.0,1,0,0.0
YGR223C,0.0,0.0,0.0,0.0,3,0,0.0
YGR228W,0.0,0.0,0.0,0.0,1,0,0.0
YGR236C,0.0,0.0,0.0,0.0,2,0,0.0
YOR389W,0.5,0.07906926406926407,3.0,14.0,4,0,1.079069264069264
YNL045W,0.0,0.0,0.0,0.0,2,0,0.0
YGR244C,0.0,0.0,0.0,0.0,1,1,0.0
YOL063C,0.1,0.08682406702208682,0.0,17.0,5,0,1.0868240670220868
YOR225W,0.0,0.0,0.0,0.0,1,0,0.0
YNR036C,0.0,0.0,0.0,0.0,1,0,0.0
YGR256W,0.0,0.0,0.0,0.0,2,0,0.0
YIL047C,0.0,0.0,0.0,0.0,3,0,0.0
YKR052C,0.0,0.0,0.0,0.0,3,0,0.0
YMR150C,0.0,0.0,0.0,0.0,2,0,0.0
YMR257C,0.0,0.0,0.0,0.0,7,0,0.0
YKR038C,0.6666666666666666,0.5502824858757063,3.9166666666666665,3.6583333333333337,3,1,1.5502824858757063
YLR174W,0.0,0.0,0.0,0.0,2,0,0.0
YOR073W,0.0,0.0,0.0,0.0,3,0,0.0
YGR263C,0.0,0.0,0.0,0.0,4,0,0.0
YGR266W,0.0,0.0,0.0,0.0,1,0,0.0
YOR124C,0.0,0.0,0.0,0.0,2,0,0.0
YOR302W,0.05555555555555555,0.15147774492771293,0.0,0.0,9,0,0.5182349578903653
YKL201C,0.0,0.0,0.0,0.0,3,0,0.0
YGR275W,0.0,0.0,0.0,0.0,2,0,0.0
YNR015W,0.0,0.0,0.0,0.0,2,0,0.0
YGR279C,0.0,0.0,0.0,0.0,2,0,0.0
YPR021C,0.0,0.0,0.0,0.0,2,0,0.0
YGR283C,0.0,0.0,0.0,0.0,1,0,0.0
YGR291C,0.0,0.0,0.0,0.0,1,0,0.0
YLR054C,0.0,0.0,0.0,0.0,3,0,0.0
YGR294W,0.0,0.0,0.0,0.0,5,1,0.0
YHL018W,0.047619047619047616,0.04574275362318841,0.0,2.033333333333333,7,0,1.0457427536231885
YJL056C,0.0,0.0,0.0,0.0,3,0,0.0
YKR009C,0.0,0.0,0.0,0.0,1,0,0.0
YMR189W,0.0,0.0,0.0,0.0,2,0,0.0
YNR005C,0.0,0.0,0.0,0.0,2,0,0.0
YNR006W,1.0,0.04199134199134199,1.9444444444444444,0.75,2,0,1.041991341991342
YOR067C,0.0,0.0,0.0,0.0,2,0,0.0
YMR158W,0.0,0.0,0.0,0.0,1,0,0.0
YLR046C,0.0,0.0,0.0,0.0,1,0,0.0
YHL009C,1.0,0.011273679346989064,3.7916666666666665,10.0,2,0,1.011273679346989
YHL015W,0.0,0.0,0.0,0.0,2,1,0.0
YOR350C,0.0,0.0,0.0,0.0,2,0,0.0
YLR170C,0.8333333333333334,1.3192389006342493,9.016666666666666,9.333333333333334,4,0,2.3192389006342493
YOR107W,0.0,0.0,0.0,0.0,1,0,0.0
YHL024W,0.0,0.0,0.0,0.0,1,0,0.0
YHL026C,0.0,0.0,0.0,0.0,3,0,0.0
YOR275C,0.16666666666666666,0.26785714285714285,4.5,2.0,4,0,1.2678571428571428
YHL033C,0.0,0.0,0.0,0.0,1,0,0.0
YHL036W,0.0,0.0,0.0,0.0,1,0,0.0
YPR163C,0.06666666666666667,0.20806451612903226,0.0,0.75,6,0,1.2080645161290322
YHL039W,0.0,0.0,0.0,0.0,1,0,0.0
YNL329C,0.0,0.0,0.0,0.0,4,0,0.0
YHL043W,0.0,0.0,0.0,0.0,2,0,0.0
YKR035C,0.0,0.0,0.0,0.0,1,0,0.0
YHL046C,0.0,0.0,0.0,0.0,1,0,0.0
YHL047C,0.0,0.0,0.0,0.0,1,0,0.0
YKL079W,0.0,0.0,0.0,0.0,3,0,0.0
YHL049C,0.0,0.0,0.0,0.0,2,0,0.0
YOL099C,0.0,0.0,0.0,0.0,2,0,0.0
YHR001W,0.0,0.0,0.0,0.0,1,0,0.0
YMR069W,0.0,0.0,0.0,0.0,2,0,0.0
YPR004C,0.0,0.0,0.0,0.0,1,0,0.0
YHR012W,0.5,1.149891774891775,0.0,10.6,5,0,2.149891774891775
YKL109W,0.0,0.0,0.0,0.0,3,0,0.0
YPR052C,0.0,0.0,0.0,0.0,2,0,0.0
YPR188C,0.0,0.0,0.0,0.0,4,0,0.0
YHR024C,0.6666666666666666,0.4756944444444444,6.0,4.765873015873016,3,1,1.4756944444444444
YHR025W,0.0,0.0,0.0,0.0,2,0,0.0
YIL088C,0.0,0.0,0.0,0.0,2,0,0.0
YLR346C,0.0,0.0,0.0,0.0,1,0,0.0
YPR047W,0.0,0.0,0.0,0.0,3,0,0.0
YHR035W,0.0,0.0,0.0,0.0,4,0,0.0
YHR038W,0.0,0.0,0.0,0.0,3,0,0.0
YHR040W,0.0,0.0,0.0,0.0,2,1,0.0
YJL015C,0.0,0.0,0.0,0.0,3,1,0.0
YLR164W,0.0,0.0,0.0,0.0,1,0,0.0
YLR344W,0.0,0.0,0.0,0.0,2,0,0.0
YPR203W,0.0,0.0,0.0,0.0,1,0,0.0
YHR043C,0.0,0.0,0.0,0.0,2,0,0.0
YHR045W,0.0,0.0,0.0,0.0,1,0,0.0
YHR046C,0.0,0.0,0.0,0.0,1,0,0.0
YHR047C,0.0,0.0,0.0,0.0,1,0,0.0
YNL192W,0.0,0.0,0.0,0.0,3,0,0.0
YHR049W,0.0,0.0,0.0,0.0,1,0,0.0
YHR050W,0.16666666666666666,0.10817307692307693,2.0,0.0,4,0,1.1081730769230769
YHR053C,0.0,0.0,0.0,0.0,1,0,0.0
YHR063C,0.0,0.0,0.0,0.0,1,0,0.0
YHR067W,0.0,0.0,0.0,0.0,1,0,0.0
YHR068W,0.6666666666666666,0.122938689217759,0.0,2.9,3,1,1.122938689217759
YHR071W,0.0,0.0,0.0,0.0,1,0,0.0
YHR074W,0.0,0.0,0.0,0.0,2,1,0.0
YHR085W,0.3333333333333333,0.04020496649586125,4.5,2.017857142857143,3,1,1.0402049664958612
YLR356W,0.0,0.0,0.0,0.0,1,0,0.0
YHR087W,0.0,0.0,0.0,0.0,3,0,0.0
YMR239C,0.0,0.0,0.0,0.0,2,1,0.0
YHR091C,0.0,0.0,0.0,0.0,1,0,0.0
YOL088C,0.0,0.0,0.0,0.0,2,0,0.0
YHR092C,0.0,0.0,0.0,0.0,2,0,0.0
YJR048W,0.0,0.0,0.0,0.0,4,0,0.0
YNL136W,0.0,0.0,0.0,0.0,1,0,0.0
YLR365W,0.0,0.0,0.0,0.0,1,0,0.0
YHR106W,0.0,0.0,0.0,0.0,1,0,0.0
YMR198W,0.09523809523809523,0.24471003134796238,3.4444444444444446,4.666666666666667,7,1,1.2447100313479624
YPL241C,0.0,0.0,0.0,0.0,3,0,0.0
YJL010C,0.0,0.0,0.0,0.0,3,1,0.0
YHR112C,0.0,0.0,0.0,0.0,5,0,0.0
YPR145W,0.0,0.0,0.0,0.0,1,0,0.0
YIR021W,0.0,0.0,0.0,0.0,1,0,0.0
YJL174W,0.0,0.0,0.0,0.0,2,1,0.0
YKR032W,0.0,0.0,0.0,0.0,1,0,0.0
YLL054C,0.0,0.0,0.0,0.0,1,0,0.0
YLR081W,0.16666666666666666,0.02,0.0,3.2,4,0,1.02
YLR112W,0.0,0.0,0.0,0.0,1,0,0.0
YLR136C,0.0,0.0,0.0,0.0,2,0,0.0
YLR461W,0.0,0.0,0.0,0.0,2,0,0.0
YML131W,0.0,0.0,0.0,0.0,1,0,0.0
YOL002C,0.0,0.0,0.0,0.0,1,0,0.0
YOR175C,0.0,0.0,0.0,0.0,1,0,0.0
YPL063W,0.3333333333333333,0.6111111111111112,2.0,0.7142857142857143,3,1,1.6111111111111112
YPL277C,1.0,0.07906926406926407,0.0,0.0,3,0,1.079069264069264
YPR094W,0.0,0.0,0.0,0.0,2,1,0.0
YOR215C,0.0,0.0,0.0,0.0,2,0,0.0
YHR127W,0.0,0.0,0.0,0.0,1,0,0.0
YJR008W,0.0,0.0,0.0,0.0,1,0,0.0
YHR132C,0.0,0.0,0.0,0.0,2,0,0.0
YPL171C,0.0,0.0,0.0,0.0,1,0,0.0
YHR136C,0.0,0.0,0.0,0.0,2,0,0.0
YMR152W,0.0,0.0,0.0,0.0,3,0,0.0
YHR138C,0.0,0.0,0.0,0.0,1,0,0.0
YIL023C,0.0,0.0,0.0,0.0,5,0,0.0
YJL131C,0.0,0.0,0.0,0.0,1,0,0.0
YOR316C,0.0,0.0,0.0,0.0,1,0,0.0
YHR144C,0.0,0.0,0.0,0.0,3,0,0.0
YLR448W,0.0,0.0,0.0,0.0,1,0,0.0
YHR151C,0.0,0.0,0.0,0.0,1,0,0.0
YNL193W,0.0,0.0,0.0,0.0,1,0,0.0
YLR132C,0.0,0.0,0.0,0.0,1,1,0.0
YOR173W,0.0,0.0,0.0,0.0,3,0,0.0
YHR154W,0.0,0.0,0.0,0.0,1,0,0.0
YJR010W,0.0,0.0,0.0,0.0,2,0,0.0
YHR157W,0.0,0.0,0.0,0.0,1,0,0.0
YJR122W,0.0,0.0,0.0,0.0,1,0,0.0
YKR044W,0.0,0.0,0.0,0.0,1,0,0.0
YLR451W,0.0,0.0,0.0,0.0,2,0,0.0
YKL075C,0.0,0.0,0.0,0.0,4,0,0.0
YKL134C,0.0,0.0,0.0,0.0,3,0,0.0
YNL212W,0.0,0.0,0.0,0.0,1,0,0.0
YIL091C,0.0,0.0,0.0,0.0,1,1,0.0
YHR175W,0.0,0.0,0.0,0.0,1,0,0.0
YMR020W,0.0,0.0,0.0,0.0,3,0,0.0
YNL252C,0.0,0.0,0.0,0.0,4,0,0.0
YLR185W,0.0,0.0,0.0,0.0,1,0,0.0
YHR190W,0.0,0.0,0.0,0.0,4,1,0.0
YOR065W,0.0,0.0,0.0,0.0,2,0,0.0
YLR009W,0.1,0.04020496649586125,2.25,2.5,5,1,1.0402049664958612
YLR075W,0.0,0.0,0.0,0.0,2,1,0.0
YMR142C,0.0,0.0,0.0,0.0,2,0,0.0
YOR063W,0.0,0.0,0.0,0.0,3,1,0.0
YHR198C,0.0,0.0,0.0,0.0,2,0,0.0
YNL095C,0.0,0.0,0.0,0.0,3,0,0.0
YNL034W,0.0,0.0,0.0,0.0,1,0,0.0
YHR209W,0.0,0.0,0.0,0.0,2,0,0.0
YHR211W,0.0,0.0,0.0,0.0,2,0,0.0
YOR360C,0.0,0.0,0.0,0.0,1,0,0.0
YHR212W-A,0.0,0.0,0.0,0.0,2,0,0.0
YHR214C-B,0.0,0.0,0.0,0.0,2,0,0.0
YHR214W-A,0.0,0.0,0.0,0.0,1,0,0.0
YIL001W,0.0,0.0,0.0,0.0,1,0,0.0
YIL166C,0.0,0.0,0.0,0.0,2,0,0.0
YIL009C-A,0.0,0.0,0.0,0.0,2,0,0.0
YIL011W,0.0,0.0,0.0,0.0,1,0,0.0
YIL014W,0.0,0.0,0.0,0.0,1,0,0.0
YMR222C,0.0,0.0,0.0,0.0,1,0,0.0
YIL019W,0.0,0.0,0.0,0.0,1,1,0.0
YIL020C,0.0,0.0,0.0,0.0,1,0,0.0
YIL024C,0.0,0.0,0.0,0.0,1,0,0.0
YOR352W,0.0,0.0,0.0,0.0,1,0,0.0
YIL032C,0.0,0.0,0.0,0.0,1,0,0.0
YOR295W,0.0,0.0,0.0,0.0,1,1,0.0
YPL037C,0.0,0.0,0.0,0.0,3,0,0.0
YIL037C,0.0,0.0,0.0,0.0,1,0,0.0
YPL231W,0.0,0.0,0.0,0.0,2,1,0.0
YNL245C,0.0,0.0,0.0,0.0,1,1,0.0
YOR087W,0.0,0.0,0.0,0.0,3,0,0.0
YJL165C,0.0,0.0,0.0,0.0,2,0,0.0
YIL054W,0.0,0.0,0.0,0.0,1,0,0.0
YIL055C,0.0,0.0,0.0,0.0,2,0,0.0
YLR017W,0.0,0.0,0.0,0.0,1,0,0.0
YLR213C,0.0,0.0,0.0,0.0,1,0,0.0
YMR044W,0.0,0.0,0.0,0.0,1,0,0.0
YOR346W,0.0,0.0,0.0,0.0,1,0,0.0
YIL065C,0.1,0.053584229390681005,0.0,0.5,5,0,1.053584229390681
YJL112W,0.0,0.0,0.0,0.0,2,0,0.0
YNL134C,0.0,0.0,0.0,0.0,2,0,0.0
YIL072W,0.0,0.0,0.0,0.0,1,0,0.0
YIL082W-A,0.0,0.0,0.0,0.0,1,0,0.0
YIL085C,0.0,0.0,0.0,0.0,1,0,0.0
YIL086C,0.0,0.0,0.0,0.0,1,0,0.0
YNR040W,0.0,0.0,0.0,0.0,3,0,0.0
YIL096C,0.0,0.0,0.0,0.0,1,0,0.0
YIL098C,0.0,0.0,0.0,0.0,1,0,0.0
YIL103W,0.0,0.0,0.0,0.0,1,0,0.0
YKL191W,0.0,0.0,0.0,0.0,2,0,0.0
YPL187W,0.16666666666666666,0.13852813852813853,0.0,0.0,4,0,1.1385281385281385
YIL117C,0.0,0.0,0.0,0.0,4,0,0.0
YLR114C,0.0,0.0,0.0,0.0,1,0,0.0
YIL119C,0.0,0.0,0.0,0.0,1,0,0.0
YPL191C,0.0,0.0,0.0,0.0,1,0,0.0
YIL130W,0.0,0.0,0.0,0.0,2,0,0.0
YJL197W,0.0,0.0,0.0,0.0,1,0,0.0
YIL137C,0.0,0.0,0.0,0.0,2,1,0.0
YIL139C,0.0,0.0,0.0,0.0,1,0,0.0
YPL260W,0.0,0.0,0.0,0.0,2,0,0.0
YOR142W-A,0.0,0.0,0.0,0.0,4,0,0.0
YNL327W,0.0,0.0,0.0,0.0,1,0,0.0
YIL153W,0.0,0.0,0.0,0.0,1,0,0.0
YIL157C,0.0,0.0,0.0,0.0,1,0,0.0
YIL158W,0.0,0.0,0.0,0.0,1,0,0.0
YIL163C,0.0,0.0,0.0,0.0,1,0,0.0
YKL217W,0.0,0.0,0.0,0.0,1,0,0.0
YMR057C,0.0,0.0,0.0,0.0,1,0,0.0
YNL036W,0.0,0.0,0.0,0.0,3,1,0.0
YNL165W,0.0,0.0,0.0,0.0,1,0,0.0
YOR011W,0.0,0.0,0.0,0.0,1,0,0.0
YLR202C,0.0,0.0,0.0,0.0,2,0,0.0
YIR012W,0.0,0.0,0.0,0.0,3,1,0.0
YJR004C,0.0,0.0,0.0,0.0,1,0,0.0
YIR013C,0.0,0.0,0.0,0.0,1,0,0.0
YJL102W,0.0,0.0,0.0,0.0,2,0,0.0
YLR437C,0.0,0.0,0.0,0.0,2,0,0.0
YNL314W,0.3333333333333333,0.28703703703703703,0.0,2.5,3,0,1.287037037037037
YIR025W,0.0,0.0,0.0,0.0,2,0,0.0
YPR164W,0.16666666666666666,0.08682406702208682,4.0,3.4,4,0,1.0868240670220868
YIR027C,0.0,0.0,0.0,0.0,1,0,0.0
YIR028W,0.0,0.0,0.0,0.0,1,0,0.0
YIR035C,0.0,0.0,0.0,0.0,2,0,0.0
YIR036C,0.0,0.0,0.0,0.0,1,0,0.0
YIR037W,0.0,0.0,0.0,0.0,2,0,0.0
YMR119W,0.0,0.0,0.0,0.0,2,0,0.0
YIR042C,0.0,0.0,0.0,0.0,1,0,0.0
YML019W,0.0,0.0,0.0,0.0,4,0,0.0
YJL006C,1.0,0.13333333333333333,3.0,2.433333333333333,2,0,1.1333333333333333
YJL011C,0.8,1.2357657967032967,20.0,13.416666666666666,6,1,2.235765796703297
YJR143C,0.0,0.0,0.0,0.0,2,0,0.0
YJR152W,0.0,0.0,0.0,0.0,2,0,0.0
YJL118W,0.0,0.0,0.0,0.0,1,0,0.0
YJR023C,0.0,0.0,0.0,0.0,2,1,0.0
YJR047C,0.0,0.0,0.0,0.0,1,0,0.0
YJR149W,0.0,0.0,0.0,0.0,1,0,0.0
YMR184W,0.0,0.0,0.0,0.0,2,0,0.0
YPL202C,1.0,0.02105496453900709,4.5,0.0,2,0,1.021054964539007
YLR316C,0.0,0.0,0.0,0.0,1,1,0.0
YLR312W-A,0.0,0.0,0.0,0.0,1,0,0.0
YPL207W,0.0,0.0,0.0,0.0,2,1,0.0
YJL048C,0.0,0.0,0.0,0.0,4,0,0.0
YOR132W,1.0,0.8214285714285714,4.0625,2.0,3,0,1.8214285714285714
YJL055W,0.0,0.0,0.0,0.0,1,0,0.0
YJL143W,0.2,0.4502247912652536,4.0,3.666666666666667,5,1,1.4502247912652537
YNR029C,0.0,0.0,0.0,0.0,2,0,0.0
YJL067W,0.0,0.0,0.0,0.0,2,0,0.0
YML093W,0.0,0.0,0.0,0.0,1,1,0.0
YJL078C,0.0,0.0,0.0,0.0,3,0,0.0
YJL082W,0.0,0.0,0.0,0.0,1,0,0.0
YLR014C,0.0,0.0,0.0,0.0,5,0,0.0
YMR280C,0.3333333333333333,0.03737725688945201,9.333333333333334,1.2857142857142858,3,0,1.037377256889452
YJL094C,0.0,0.0,0.0,0.0,1,0,0.0
YLR193C,0.0,0.0,0.0,0.0,1,0,0.0
YJL209W,0.0,0.0,0.0,0.0,1,0,0.0
YJL100W,0.0,0.0,0.0,0.0,3,0,0.0
YPL040C,0.0,0.0,0.0,0.0,2,0,0.0
YMR100W,0.0,0.0,0.0,0.0,2,0,0.0
YOR099W,0.0,0.0,0.0,0.0,3,0,0.0
YJL123C,0.0,0.0,0.0,0.0,1,1,0.0
YNL163C,0.0,0.0,0.0,0.0,1,1,0.0
YNL276C,0.0,0.0,0.0,0.0,1,0,0.0
YLR256W-A,0.0,0.0,0.0,0.0,1,0,0.0
YPL247C,1.0,0.053558844256518676,0.0,1.2,2,0,1.0535588442565187
YJL158C,0.0,0.0,0.0,0.0,2,0,0.0
YJL163C,0.0,0.0,0.0,0.0,1,0,0.0
YOR380W,0.0,0.0,0.0,0.0,4,0,0.0
YJL181W,0.0,0.0,0.0,0.0,1,0,0.0
YMR204C,0.0,0.0,0.0,0.0,2,0,0.0
YJL189W,0.0,0.0,0.0,0.0,1,0,0.0
YJL191W,0.0,0.0,0.0,0.0,1,0,0.0
YJL192C,0.0,0.0,0.0,0.0,1,0,0.0
YJL198W,0.0,0.0,0.0,0.0,1,1,0.0
YLR198C,0.0,0.0,0.0,0.0,2,1,0.0
YJL200C,0.0,0.0,0.0,0.0,1,0,0.0
YMR285C,0.0,0.0,0.0,0.0,2,0,0.0
YOL136C,0.0,0.0,0.0,0.0,1,0,0.0
YKL222C,0.0,0.0,0.0,0.0,1,0,0.0
YJL215C,0.0,0.0,0.0,0.0,2,0,0.0
YJL222W-A,0.0,0.0,0.0,0.0,2,0,0.0
YJL225C,0.0,0.0,0.0,0.0,1,0,0.0
YNR075W,0.0,0.0,0.0,0.0,3,0,0.0
YJR003C,0.0,0.0,0.0,0.0,1,1,0.0
YML053C,0.0,0.0,0.0,0.0,1,0,0.0
YJR011C,0.0,0.0,0.0,0.0,2,0,0.0
YJR016C,0.0,0.0,0.0,0.0,1,1,0.0
YJR019C,0.0,0.0,0.0,0.0,3,0,0.0
YLR143W,0.0,0.0,0.0,0.0,2,0,0.0
YNL050C,0.0,0.0,0.0,0.0,1,0,0.0
YNR050C,0.0,0.0,0.0,0.0,5,0,0.0
YOL031C,0.0,0.0,0.0,0.0,2,0,0.0
YOL140W,0.0,0.0,0.0,0.0,1,0,0.0
YJR024C,0.0,0.0,0.0,0.0,1,0,0.0
YJR025C,0.0,0.0,0.0,0.0,2,0,0.0
YJR027W,0.0,0.0,0.0,0.0,1,0,0.0
YJR028W,0.0,0.0,0.0,0.0,1,0,0.0
YJR034W,0.0,0.0,0.0,0.0,1,0,0.0
YMR318C,0.0,0.0,0.0,0.0,2,0,0.0
YJR038C,0.0,0.0,0.0,0.0,2,0,0.0
YPL046C,0.0,0.0,0.0,0.0,2,0,0.0
YPL193W,0.0,0.0,0.0,0.0,1,0,0.0
YNL148C,0.0,0.0,0.0,0.0,3,0,0.0
YLR406C,0.0,0.0,0.0,0.0,1,0,0.0
YOR262W,0.0,0.0,0.0,0.0,1,1,0.0
YJR074W,1.0,0.1468253968253968,2.0,5.666666666666666,2,0,1.1468253968253967
YOR084W,0.0,0.0,0.0,0.0,2,0,0.0
YJR079W,0.0,0.0,0.0,0.0,1,0,0.0
YLR217W,0.0,0.0,0.0,0.0,1,0,0.0
YNL051W,0.0,0.0,0.0,0.0,1,0,0.0
YOR354C,0.0,0.0,0.0,0.0,1,0,0.0
YPR096C,0.0,0.0,0.0,0.0,3,0,0.0
YJR119C,0.0,0.0,0.0,0.0,2,0,0.0
YJR123W,0.0,0.0,0.0,0.0,1,1,0.0
YKL076C,0.0,0.0,0.0,0.0,1,0,0.0
YKL111C,0.0,0.0,0.0,0.0,1,1,0.0
YKL117W,0.5,0.2865478581547692,0.0,10.77142857142857,5,0,1.2865478581547691
YKL138C,0.0,0.0,0.0,0.0,1,0,0.0
YKL160W,0.0,0.0,0.0,0.0,2,0,0.0
YKL224C,0.0,0.0,0.0,0.0,2,0,0.0
YKR040C,0.0,0.0,0.0,0.0,1,0,0.0
YKR087C,0.0,0.0,0.0,0.0,1,0,0.0
YLL030C,0.0,0.0,0.0,0.0,2,0,0.0
YLR037C,0.0,0.0,0.0,0.0,3,0,0.0
YLR066W,0.0,0.0,0.0,0.0,2,1,0.0
YLR104W,0.0,0.0,0.0,0.0,2,0,0.0
YLR118C,0.0,0.0,0.0,0.0,2,0,0.0
YLR172C,0.0,0.0,0.0,0.0,3,0,0.0
YLR205C,0.0,0.0,0.0,0.0,1,0,0.0
YLR333C,0.0,0.0,0.0,0.0,1,0,0.0
YLR379W,0.0,0.0,0.0,0.0,1,1,0.0
YML013W,0.0,0.0,0.0,0.0,1,0,0.0
YMR067C,0.0,0.0,0.0,0.0,1,0,0.0
YMR160W,0.0,0.0,0.0,0.0,1,0,0.0
YMR278W,0.0,0.0,0.0,0.0,1,0,0.0
YNL109W,0.0,0.0,0.0,0.0,1,0,0.0
YNL215W,0.0,0.0,0.0,0.0,2,0,0.0
YOL072W,0.0,0.0,0.0,0.0,1,0,0.0
YOL101C,0.0,0.0,0.0,0.0,1,0,0.0
YOR008C,0.0,0.0,0.0,0.0,4,0,0.0
YOR033C,0.3333333333333333,0.12955465587044535,2.0,0.0,3,0,1.1295546558704452
YOR379C,0.0,0.0,0.0,0.0,2,0,0.0
YPL052W,0.0,0.0,0.0,0.0,1,0,0.0
YPL088W,0.0,0.0,0.0,0.0,3,0,0.0
YPL159C,0.0,0.0,0.0,0.0,2,0,0.0
YPR114W,0.0,0.0,0.0,0.0,1,0,0.0
YPR130C,0.0,0.0,0.0,0.0,1,0,0.0
YML030W,0.0,0.0,0.0,0.0,1,0,0.0
YJR097W,0.0,0.0,0.0,0.0,1,0,0.0
YJR098C,0.0,0.0,0.0,0.0,1,0,0.0
YJR099W,0.0,0.0,0.0,0.0,2,0,0.0
YJR100C,0.0,0.0,0.0,0.0,1,0,0.0
YJR102C,0.2,1.0,3.7777777777777777,5.3,5,0,2.0
YLR417W,0.3333333333333333,1.0833333333333333,3.7777777777777777,3.95,4,0,2.083333333333333
YMR077C,0.1,0.5,2.0,3.0,5,0,1.5
YLR301W,0.0,0.0,0.0,0.0,3,0,0.0
YJR120W,0.0,0.0,0.0,0.0,1,0,0.0
YJR125C,0.0,0.0,0.0,0.0,1,0,0.0
YJR136C,0.0,0.0,0.0,0.0,2,1,0.0
YKL033W,0.0,0.0,0.0,0.0,1,1,0.0
YJR146W,0.0,0.0,0.0,0.0,2,0,0.0
YLR246W,0.0,0.0,0.0,0.0,3,0,0.0
YJR154W,0.0,0.0,0.0,0.0,1,0,0.0
YJR157W,0.0,0.0,0.0,0.0,1,0,0.0
YNR072W,0.0,0.0,0.0,0.0,3,0,0.0
YPR122W,0.0,0.0,0.0,0.0,2,0,0.0
YKL017C,0.0,0.0,0.0,0.0,2,0,0.0
YKL024C,0.0,0.0,0.0,0.0,1,1,0.0
YMR090W,0.0,0.0,0.0,0.0,2,0,0.0
YKL038W,0.0,0.0,0.0,0.0,1,0,0.0
YKL044W,0.0,0.0,0.0,0.0,1,0,0.0
YKL047W,0.0,0.0,0.0,0.0,1,0,0.0
YPL130W,0.0,0.0,0.0,0.0,2,0,0.0
YKL049C,0.0,0.0,0.0,0.0,1,1,0.0
YLR285W,0.0,0.0,0.0,0.0,3,0,0.0
YOR344C,0.0,0.0,0.0,0.0,4,0,0.0
YNL122C,0.0,0.0,0.0,0.0,1,0,0.0
YKL069W,0.0,0.0,0.0,0.0,1,0,0.0
YKL072W,0.0,0.0,0.0,0.0,2,0,0.0
YOR148C,0.0,0.0,0.0,0.0,1,1,0.0
YKL087C,0.0,0.0,0.0,0.0,1,0,0.0
YKL093W,0.0,0.0,0.0,0.0,1,0,0.0
YOR239W,0.0,0.0,0.0,0.0,4,0,0.0
YKL106W,0.0,0.0,0.0,0.0,1,0,0.0
YKL107W,0.0,0.0,0.0,0.0,1,0,0.0
YKL114C,0.0,0.0,0.0,0.0,1,0,0.0
YKR069W,0.3333333333333333,0.03382034632034632,0.0,0.0,3,0,1.0338203463203464
YML106W,0.0,0.0,0.0,0.0,1,0,0.0
YOL073C,0.0,0.0,0.0,0.0,2,0,0.0
YKL133C,0.0,0.0,0.0,0.0,1,0,0.0
YML043C,0.0,0.0,0.0,0.0,1,1,0.0
YMR210W,0.0,0.0,0.0,0.0,1,0,0.0
YNL178W,0.0,0.0,0.0,0.0,2,1,0.0
YKL147C,0.0,0.0,0.0,0.0,1,0,0.0
YKL163W,0.0,0.0,0.0,0.0,1,0,0.0
YKL164C,0.0,0.0,0.0,0.0,1,0,0.0
YLR012C,0.0,0.0,0.0,0.0,1,0,0.0
YKL176C,0.0,0.0,0.0,0.0,2,0,0.0
YKL180W,0.0,0.0,0.0,0.0,1,1,0.0
YNL104C,0.0,0.0,0.0,0.0,1,0,0.0
YKL186C,0.0,0.0,0.0,0.0,1,1,0.0
YPL163C,0.0,0.0,0.0,0.0,1,0,0.0
YKL197C,0.0,0.0,0.0,0.0,1,0,0.0
YOR198C,0.0,0.0,0.0,0.0,7,0,0.0
YOR003W,0.0,0.0,0.0,0.0,1,0,0.0
YNR034W,0.0,0.0,0.0,0.0,1,0,0.0
YKL208W,0.0,0.0,0.0,0.0,1,0,0.0
YKL216W,0.0,0.0,0.0,0.0,2,0,0.0
YKL219W,0.0,0.0,0.0,0.0,1,0,0.0
YOR221C,0.0,0.0,0.0,0.0,1,0,0.0
YKR005C,0.0,0.0,0.0,0.0,1,0,0.0
YKR016W,0.0,0.0,0.0,0.0,1,0,0.0
YLR388W,0.0,0.0,0.0,0.0,1,0,0.0
YLR289W,0.1,0.0724009900990099,0.0,6.5,5,0,1.07240099009901
YMR269W,0.0,0.0,0.0,0.0,1,0,0.0
YOR190W,0.0,0.0,0.0,0.0,4,0,0.0
YLL002W,0.0,0.0,0.0,0.0,2,0,0.0
YKR051W,0.0,0.0,0.0,0.0,1,0,0.0
YKR061W,0.0,0.0,0.0,0.0,1,0,0.0
YKR063C,0.0,0.0,0.0,0.0,1,1,0.0
YKR064W,0.0,0.0,0.0,0.0,1,0,0.0
YKR065C,0.0,0.0,0.0,0.0,2,0,0.0
YLR036C,0.0,0.0,0.0,0.0,1,0,0.0
YKR070W,0.0,0.0,0.0,0.0,1,0,0.0
YKR071C,0.0,0.0,0.0,0.0,1,1,0.0
YKR074W,0.0,0.0,0.0,0.0,1,0,0.0
YKR080W,0.0,0.0,0.0,0.0,1,0,0.0
YKR084C,0.0,0.0,0.0,0.0,1,0,0.0
YLR462W,0.0,0.0,0.0,0.0,1,0,0.0
YPL023C,0.0,0.0,0.0,0.0,1,0,0.0
YPL067C,0.0,0.0,0.0,0.0,1,0,0.0
YPR177C,0.0,0.0,0.0,0.0,1,1,0.0
YKR095W-A,0.0,0.0,0.0,0.0,1,0,0.0
YNL246W,0.0,0.0,0.0,0.0,3,1,0.0
YOL009C,0.0,0.0,0.0,0.0,2,0,0.0
YOR112W,0.0,0.0,0.0,0.0,2,0,0.0
YLL012W,0.0,0.0,0.0,0.0,2,0,0.0
YOR095C,0.0,0.0,0.0,0.0,1,1,0.0
YOR282W,0.0,0.0,0.0,0.0,1,1,0.0
YOL112W,0.0,0.0,0.0,0.0,1,0,0.0
YLR459W,0.0,0.0,0.0,0.0,2,1,0.0
YLL038C,0.0,0.0,0.0,0.0,2,0,0.0
YLL047W,0.0,0.0,0.0,0.0,1,0,0.0
YLL059C,0.0,0.0,0.0,0.0,1,0,0.0
YOL143C,0.0,0.0,0.0,0.0,2,0,0.0
YLR001C,0.0,0.0,0.0,0.0,1,0,0.0
YNL019C,0.0,0.0,0.0,0.0,1,0,0.0
YLR007W,0.0,0.0,0.0,0.0,2,1,0.0
YLR008C,0.0,0.0,0.0,0.0,1,1,0.0
YLR011W,0.0,0.0,0.0,0.0,2,0,0.0
YLR021W,0.0,0.0,0.0,0.0,2,0,0.0
YLR027C,0.0,0.0,0.0,0.0,3,1,0.0
YLR028C,0.0,0.0,0.0,0.0,1,0,0.0
YLR038C,0.0,0.0,0.0,0.0,1,0,0.0
YML125C,0.0,0.0,0.0,0.0,2,1,0.0
YLR042C,0.0,0.0,0.0,0.0,1,0,0.0
YLR434C,0.0,0.0,0.0,0.0,2,0,0.0
YLR050C,0.0,0.0,0.0,0.0,1,0,0.0
YLR057W,0.0,0.0,0.0,0.0,1,0,0.0
YLR070C,0.0,0.0,0.0,0.0,1,0,0.0
YNL038W,0.0,0.0,0.0,0.0,1,1,0.0
YLR076C,0.0,0.0,0.0,0.0,1,1,0.0
YMR177W,1.0,0.05806451612903226,2.9166666666666665,3.5,2,0,1.0580645161290323
YPL162C,0.0,0.0,0.0,0.0,2,0,0.0
YLR087C,0.0,0.0,0.0,0.0,1,0,0.0
YOL138C,0.0,0.0,0.0,0.0,2,0,0.0
YLR110C,0.0,0.0,0.0,0.0,1,0,0.0
YPR137C-A,0.0,0.0,0.0,0.0,1,0,0.0
YLR124W,0.0,0.0,0.0,0.0,4,0,0.0
YMR030W,0.0,0.0,0.0,0.0,1,0,0.0
YLR261C,0.0,0.0,0.0,0.0,2,0,0.0
YOR390W,0.0,0.0,0.0,0.0,1,0,0.0
YLR141W,0.0,0.0,0.0,0.0,2,1,0.0
YMR088C,0.0,0.0,0.0,0.0,2,0,0.0
YPR014C,0.0,0.0,0.0,0.0,1,0,0.0
YPR066W,0.0,0.0,0.0,0.0,3,0,0.0
YLR168C,0.0,0.0,0.0,0.0,1,0,0.0
YLR171W,0.0,0.0,0.0,0.0,1,0,0.0
YLR330W,0.0,0.0,0.0,0.0,1,0,0.0
YML035C,0.0,0.0,0.0,0.0,2,0,0.0
YPR157W,0.0,0.0,0.0,0.0,2,0,0.0
YLR201C,0.0,0.0,0.0,0.0,1,0,0.0
YLR203C,0.0,0.0,0.0,0.0,2,0,0.0
YLR204W,0.0,0.0,0.0,0.0,1,0,0.0
YLR450W,0.1,0.39285714285714285,1.3333333333333333,1.7142857142857142,5,0,1.3928571428571428
YOL013C,0.6666666666666666,0.5912698412698413,3.583333333333333,0.5833333333333334,3,0,1.5912698412698414
YLR209C,0.0,0.0,0.0,0.0,1,0,0.0
YLR211C,0.0,0.0,0.0,0.0,2,0,0.0
YOR154W,0.0,0.0,0.0,0.0,3,0,0.0
YLR227C,0.0,0.0,0.0,0.0,2,0,0.0
YLR239C,0.0,0.0,0.0,0.0,3,0,0.0
YOL110W,0.0,0.0,0.0,0.0,1,0,0.0
YLR251W,0.0,0.0,0.0,0.0,1,0,0.0
YLR252W,0.0,0.0,0.0,0.0,1,0,0.0
YLR266C,0.0,0.0,0.0,0.0,1,0,0.0
YLR271W,0.0,0.0,0.0,0.0,1,0,0.0
YLR281C,0.0,0.0,0.0,0.0,1,0,0.0
YLR290C,0.0,0.0,0.0,0.0,1,0,0.0
YNL158W,0.0,0.0,0.0,0.0,1,1,0.0
YNL190W,0.0,0.0,0.0,0.0,1,0,0.0
YLR294C,0.0,0.0,0.0,0.0,4,0,0.0
YLR455W,1.0,0.0167601683029453,4.5,3.75,2,0,1.0167601683029452
YML079W,0.0,0.0,0.0,0.0,1,0,0.0
YMR141C,0.0,0.0,0.0,0.0,1,0,0.0
YNL009W,0.0,0.0,0.0,0.0,1,0,0.0
YNL205C,0.0,0.0,0.0,0.0,1,0,0.0
YNL324W,0.0,0.0,0.0,0.0,1,0,0.0
YOL008W,0.0,0.0,0.0,0.0,1,0,0.0
YOL050C,0.0,0.0,0.0,0.0,1,0,0.0
YPR118W,0.0,0.0,0.0,0.0,1,0,0.0
YLR299W,0.0,0.0,0.0,0.0,1,0,0.0
YOL137W,0.0,0.0,0.0,0.0,1,0,0.0
YLR300W,0.0,0.0,0.0,0.0,2,0,0.0
YLR303W,0.0,0.0,0.0,0.0,1,0,0.0
YOR013W,0.0,0.0,0.0,0.0,1,0,0.0
YPL100W,0.0,0.0,0.0,0.0,1,0,0.0
YLR312C,0.0,0.0,0.0,0.0,2,0,0.0
YLR317W,0.0,0.0,0.0,0.0,1,1,0.0
YNL140C,0.0,0.0,0.0,0.0,1,0,0.0
YLR327C,0.0,0.0,0.0,0.0,2,0,0.0
YLR332W,0.0,0.0,0.0,0.0,3,0,0.0
YLR334C,0.0,0.0,0.0,0.0,1,0,0.0
YLR377C,0.1,0.021600315333070556,0.0,1.6666666666666667,5,0,1.0216003153330706
YLR351C,0.0,0.0,0.0,0.0,1,0,0.0
YLR358C,0.0,0.0,0.0,0.0,3,0,0.0
YNL145W,0.0,0.0,0.0,0.0,1,0,0.0
YLR363C,0.0,0.0,0.0,0.0,1,0,0.0
YLR366W,0.0,0.0,0.0,0.0,1,0,0.0
YOR312C,0.0,0.0,0.0,0.0,3,0,0.0
YLR369W,0.0,0.0,0.0,0.0,1,0,0.0
YPL107W,0.0,0.0,0.0,0.0,1,0,0.0
YLR387C,0.0,0.0,0.0,0.0,1,0,0.0
YOL056W,0.0,0.0,0.0,0.0,1,0,0.0
YLR393W,0.0,0.0,0.0,0.0,1,0,0.0
YOR338W,0.0,0.0,0.0,0.0,1,0,0.0
YOR025W,0.0,0.0,0.0,0.0,1,0,0.0
YLR412W,0.0,0.0,0.0,0.0,1,0,0.0
YLR416C,0.0,0.0,0.0,0.0,1,0,0.0
YPR135W,0.0,0.0,0.0,0.0,5,0,0.0
YMR017W,0.16666666666666666,0.35,2.25,3.0,4,0,1.35
YPR179C,0.3333333333333333,0.19548872180451127,2.0,2.0296052631578947,3,0,1.1954887218045114
YOR053W,0.0,0.0,0.0,0.0,2,0,0.0
YLR428C,0.0,0.0,0.0,0.0,1,0,0.0
YML107C,0.0,0.0,0.0,0.0,1,0,0.0
YOR096W,0.0,0.0,0.0,0.0,2,0,0.0
YLR465C,0.0,0.0,0.0,0.0,3,0,0.0
YNL028W,0.0,0.0,0.0,0.0,2,1,0.0
YPR006C,0.0,0.0,0.0,0.0,1,0,0.0
YNL072W,0.0,0.0,0.0,0.0,1,0,0.0
YNL133C,0.0,0.0,0.0,0.0,1,0,0.0
YNR009W,0.0,0.0,0.0,0.0,2,0,0.0
YPL034W,0.0,0.0,0.0,0.0,3,0,0.0
YPR071W,0.0,0.0,0.0,0.0,2,0,0.0
YML020W,0.0,0.0,0.0,0.0,1,0,0.0
YML037C,0.0,0.0,0.0,0.0,1,0,0.0
YNL046W,0.0,0.0,0.0,0.0,1,0,0.0
YNL300W,0.3333333333333333,0.0333425951653237,1.5,8.0,3,0,1.0333425951653237
YML054C,1.0,0.6111111111111112,2.0,2.1142857142857143,2,0,1.6111111111111112
YML060W,0.0,0.0,0.0,0.0,1,0,0.0
YMR063W,0.0,0.0,0.0,0.0,1,0,0.0
YNL097C,0.1,0.07941176470588235,4.5,1.9230769230769231,5,0,1.0794117647058823
YML078W,0.0,0.0,0.0,0.0,1,0,0.0
YML070W,0.0,0.0,0.0,0.0,1,0,0.0
YML071C,0.0,0.0,0.0,0.0,1,0,0.0
YOR102W,0.0,0.0,0.0,0.0,2,1,0.0
YPR099C,0.0,0.0,0.0,0.0,1,0,0.0
YOL144W,0.0,0.0,0.0,0.0,2,1,0.0
YNL119W,0.0,0.0,0.0,0.0,1,0,0.0
YPR007C,0.0,0.0,0.0,0.0,1,0,0.0
YMR014W,0.0,0.0,0.0,0.0,2,0,0.0
YMR045C,0.0,0.0,0.0,0.0,1,0,0.0
YNL284C-B,0.0,0.0,0.0,0.0,1,0,0.0
YMR041C,0.0,0.0,0.0,0.0,1,0,0.0
YMR157C,0.0,0.0,0.0,0.0,1,0,0.0
YNL319W,0.0,0.0,0.0,0.0,1,0,0.0
YNR061C,0.0,0.0,0.0,0.0,1,0,0.0
YOL146W,0.0,0.0,0.0,0.0,1,1,0.0
YOR251C,0.0,0.0,0.0,0.0,1,0,0.0
YOR286W,0.0,0.0,0.0,0.0,1,0,0.0
YPL214C,0.0,0.0,0.0,0.0,2,0,0.0
YNR008W,0.0,0.0,0.0,0.0,1,0,0.0
YPL263C,0.0,0.0,0.0,0.0,1,0,0.0
YMR097C,0.0,0.0,0.0,0.0,1,0,0.0
YPR167C,0.0,0.0,0.0,0.0,1,0,0.0
YPL134C,0.0,0.0,0.0,0.0,1,0,0.0
YMR123W,0.0,0.0,0.0,0.0,1,0,0.0
YMR131C,0.0,0.0,0.0,0.0,2,1,0.0
YMR133W,0.0,0.0,0.0,0.0,1,0,0.0
YMR134W,0.0,0.0,0.0,0.0,1,1,0.0
YMR176W,0.0,0.0,0.0,0.0,1,0,0.0
YMR178W,0.0,0.0,0.0,0.0,1,0,0.0
YMR179W,0.0,0.0,0.0,0.0,4,1,0.0
YNR011C,0.0,0.0,0.0,0.0,2,1,0.0
YMR230W,0.0,0.0,0.0,0.0,1,0,0.0
YNL096C,0.0,0.0,0.0,0.0,2,0,0.0
YMR271C,0.0,0.0,0.0,0.0,2,0,0.0
YMR282C,0.0,0.0,0.0,0.0,1,0,0.0
YMR317W,0.0,0.0,0.0,0.0,1,0,0.0
YMR323W,0.0,0.0,0.0,0.0,1,0,0.0
YNR018W,0.0,0.0,0.0,0.0,1,0,0.0
YNL029C,0.0,0.0,0.0,0.0,2,0,0.0
YNL062C,1.0,0.0642512077294686,2.0,4.0,2,1,1.0642512077294686
YNL074C,0.0,0.0,0.0,0.0,1,0,0.0
YNL129W,0.0,0.0,0.0,0.0,1,0,0.0
YNL336W,0.0,0.0,0.0,0.0,1,0,0.0
YNL151C,1.0,0.23540521978021978,8.5,5.25,3,1,1.2354052197802199
YPR062W,0.0,0.0,0.0,0.0,1,0,0.0
YNL197C,0.0,0.0,0.0,0.0,1,1,0.0
YPL075W,0.0,0.0,0.0,0.0,2,1,0.0
YNL226W,0.0,0.0,0.0,0.0,1,0,0.0
YNL248C,1.0,0.051290760869565216,2.0,0.0,2,0,1.0512907608695652
YNL289W,0.0,0.0,0.0,0.0,1,0,0.0
YNL292W,0.0,0.0,0.0,0.0,2,0,0.0
YNL320W,0.0,0.0,0.0,0.0,1,0,0.0
YOR130C,0.0,0.0,0.0,0.0,1,0,0.0
YNR004W,0.0,0.0,0.0,0.0,1,0,0.0
YOL124C,0.0,0.0,0.0,0.0,1,0,0.0
YNR063W,0.0,0.0,0.0,0.0,1,0,0.0
YOL035C,0.0,0.0,0.0,0.0,1,0,0.0
YPL196W,0.0,0.0,0.0,0.0,1,0,0.0
YOL066C,0.0,0.0,0.0,0.0,1,1,0.0
YOL103W-B,0.0,0.0,0.0,0.0,1,0,0.0
YOR051C,0.0,0.0,0.0,0.0,1,0,0.0
YOR074C,0.0,0.0,0.0,0.0,2,1,0.0
YPL116W,0.0,0.0,0.0,0.0,1,0,0.0
YPR068C,0.0,0.0,0.0,0.0,1,0,0.0
YPR169W,0.0,0.0,0.0,0.0,1,1,0.0
YOR393W,0.0,0.0,0.0,0.0,1,0,0.0
YOR131C,0.0,0.0,0.0,0.0,1,0,0.0
YOR146W,0.0,0.0,0.0,0.0,1,1,0.0
YOR202W,0.0,0.0,0.0,0.0,1,0,0.0
YOR283W,0.0,0.0,0.0,0.0,1,0,0.0
YOR356W,0.0,0.0,0.0,0.0,1,0,0.0
YOR288C,0.0,0.0,0.0,0.0,1,0,0.0
YOR293W,0.0,0.0,0.0,0.0,1,1,0.0
YPR102C,0.0,0.0,0.0,0.0,1,0,0.0
YOR325W,0.0,0.0,0.0,0.0,1,0,0.0
YPL104W,0.0,0.0,0.0,0.0,1,0,0.0
YPR123C,0.0,0.0,0.0,0.0,1,0,0.0
YPR073C,0.0,0.0,0.0,0.0,1,0,0.0
YPL097W,0.0,0.0,0.0,0.0,1,0,0.0
YPL210C,0.0,0.0,0.0,0.0,1,1,0.0
YPL243W,0.0,0.0,0.0,0.0,1,1,0.0
YPL257W-B,0.0,0.0,0.0,0.0,1,0,0.0
YPR067W,0.0,0.0,0.0,0.0,1,0,0.0
