protein,CC,ECC,SL_Nb,GO_Nb,degree,essential,MEM_FET
MEL1,0.0,0.0,0.0,0.0,1,0,0.0
YJL092W,0.0,0.0,0.0,0.0,7,0,0.0
SSR1,0.0,0.0,0.0,0.0,2,0,0.0
YOL132W,0.0,0.0,0.0,0.0,2,0,0.0
YPL149W,0.3333333333333333,0.16025641025641024,2.25,4.3358974358974365,3,0,1.1602564102564101
YAL001C,1.0,3.0130718954248366,2.5,6.316666666666666,5,1,4.0130718954248366
YBR123C,0.5238095238095238,2.9575163398692808,17.5,5.623809523809523,7,1,3.9575163398692808
YDR362C,0.47619047619047616,2.679738562091503,16.5,9.25,7,1,3.679738562091503
YGR047C,0.26666666666666666,2.457516339869281,18.5,5.623809523809523,10,1,3.457516339869281
YOR110W,0.1568627450980392,2.2931102265467596,42.0,25.47619047619048,18,1,3.2931102265467596
YPL007C,1.0,3.0130718954248366,16.5,7.8,5,1,4.0130718954248366
YAL003W,0.39285714285714285,2.8539682539682536,0.0,9.1,8,1,3.8539682539682536
YBR025C,0.1111111111111111,0.687689576505366,13.333333333333334,13.666666666666668,10,0,1.6876895765053659
YBR118W,0.2857142857142857,1.8186958874458874,0.0,13.0,8,0,2.8186958874458874
YKL081W,0.2545454545454545,2.5928030303030303,15.833333333333334,24.666666666666668,11,0,3.5928030303030303
YKR084C,0.6,2.8,4.5,5.3,6,0,3.8
YOL139C,0.18494623655913978,4.109715763318434,0.0,144.82500000000005,31,1,5.109715763318434
YPL048W,1.0,2.0785714285714283,1.0,0.8999999999999999,4,0,2.5596710849288167
YPL226W,1.0,0.24285714285714285,0.0,0.3,2,0,1.2428571428571429
YPR080W,0.9,2.95,0.0,5.3,5,0,3.95
YAL004W,0.0,0.0,0.0,0.0,2,0,0.0
YGL181W,0.015503875968992248,0.6425681959312708,46.78333333333334,2.1142857142857143,43,0,1.6425681959312708
YML109W,0.07816091954022988,2.344827586206897,0.0,77.65119047619046,30,0,3.344827586206897
YAL005C,0.10909090909090909,0.6156641265062603,11.888888888888888,6.248626373626372,11,0,1.6156641265062603
YAR002W,0.06666666666666667,0.1967674210006459,8.194444444444445,0.0,10,0,0.5355768963072711
YDR192C,0.05591397849462366,1.5343153786861843,29.27083333333333,32.653571428571425,31,0,2.534315378686184
YHR069C,0.5904761904761905,6.863572329516602,28.333333333333336,54.58528138528138,15,1,7.863572329516602
YLR310C,0.06666666666666667,1.0509803921568628,20.166666666666664,25.196428571428573,16,1,2.0509803921568626
YLR335W,0.19117647058823528,2.144949351369886,34.472222222222214,18.489210789210787,17,0,3.144949351369886
YLR347C,0.06980433632998413,3.9534023796231756,74.72222222222224,119.98531746031752,62,1,4.953402379623176
YNL007C,0.0,0.0,0.0,0.0,3,1,0.0
YNL064C,0.01818181818181818,0.07448275862068965,2.9166666666666665,0.5882352941176471,11,0,1.0744827586206895
YOR098C,0.022067363530778164,0.919388176932617,37.83333333333333,25.47344322344322,42,1,1.919388176932617
YOR160W,0.09523809523809523,0.2577235772357724,10.583333333333332,1.1428571428571428,7,1,1.2577235772357724
YPL240C,0.0915032679738562,1.6215686274509806,33.0,27.27087912087912,18,0,2.621568627450981
YAL007C,1.0,0.25,3.0,2.3,2,0,1.25
YGL200C,0.6111111111111112,4.295454545454546,37.19444444444444,19.05,9,0,5.295454545454546
YML012W,0.6111111111111112,4.295454545454546,37.19444444444444,29.75,9,0,5.295454545454546
YAL011W,0.06666666666666667,0.24285714285714285,0.0,0.0,6,0,0.5173669467787115
YDL181W,0.4789473684210526,8.923099114693208,22.0,63.66666666666666,20,0,9.923099114693208
YER081W,0.0015677491601343784,0.14893617021276592,0.0,12.0,95,0,1.1489361702127658
YHR158C,0.01818181818181818,0.2,0.0,5.333333333333333,11,0,1.2
YIR018W,0.0,0.0,0.0,0.0,4,0,0.0
YOR127W,0.08333333333333333,0.41666666666666663,0.0,7.195804195804195,9,0,1.4166666666666665
YOR269W,0.03571428571428571,0.24285714285714285,0.0,0.0,8,0,0.3899159663865546
YAL012W,0.2,0.7246753246753246,21.833333333333332,0.0,6,1,1.000660987757762
YER003C,0.0,0.0,0.0,0.0,1,1,0.0
YGR061C,0.5,1.137012987012987,21.833333333333332,4.25,5,0,2.1370129870129873
YGR204W,0.13636363636363635,1.5779220779220777,9.166666666666666,4.25,12,0,2.5779220779220777
YJR091C,0.0007893942559959137,0.23208191126279853,0.0,27.086652236652235,294,0,1.2320819112627985
YMR101C,0.0,0.0,0.0,0.0,1,0,0.0
YMR205C,0.10476190476190476,1.448510449183487,7.277777777777777,10.892857142857142,15,0,2.448510449183487
YAL013W,0.0,0.0,0.0,0.0,2,0,0.0
YDR207C,0.06535947712418301,1.073529411764706,46.333333333333336,2.1022727272727275,18,0,2.073529411764706
YGL061C,0.04093567251461988,0.7132791327913279,6.0,8.476190476190474,19,1,1.713279132791328
YAL014C,0.0,0.0,0.0,0.0,2,0,0.0
YER133W,0.06219512195121951,1.8670045901925287,42.891666666666666,21.281349206349205,41,1,2.8670045901925287
YIL034C,0.005847953216374269,0.08585858585858586,0.0,0.5,19,0,1.0858585858585859
YAL016W,0.6,1.203448275862069,0.0,7.93452380952381,5,0,2.203448275862069
YDL134C,0.3090909090909091,2.5118232946453296,0.0,61.99999999999999,11,0,3.5118232946453296
YDL188C,0.6666666666666666,2.5532019704433497,0.0,27.125,7,0,3.5532019704433497
YGL190C,0.2545454545454545,2.1426028921023357,0.0,13.58874458874459,11,0,3.1426028921023357
YMR109W,0.135632183908046,3.8762024043203533,94.49999999999999,36.82431457431458,30,0,4.876202404320353
YNL127W,0.0,0.0,0.0,0.0,4,0,0.0
YAL017W,0.0,0.0,0.0,0.0,2,0,0.0
YAL029C,0.38095238095238093,1.5397186147186148,27.5,4.330029619503304,7,0,2.539718614718615
YCL027W,0.01,0.22727272727272724,17.333333333333332,8.166666666666666,25,0,1.2272727272727273
YAL018C,0.0,0.0,0.0,0.0,1,0,0.0
YLR264W,0.595509893455099,43.37878318862813,231.33333333333334,269.00000000000006,73,0,44.37878318862813
YAL019W,0.0,0.0,0.0,0.0,1,0,0.0
YJL124C,0.015015015015015015,0.4006055511449431,10.916666666666666,23.821428571428573,37,0,1.4006055511449431
YAL021C,0.45454545454545453,3.9106076255372932,117.725,33.69761904761905,12,0,4.910607625537294
YDL160C,0.20948616600790515,4.818181818181819,278.45,38.76785714285714,23,0,5.818181818181819
YDR443C,0.41904761904761906,7.579521405138102,79.83333333333334,123.25,21,0,8.579521405138102
YFL028C,0.7307692307692307,7.655829761054219,158.475,47.50595238095238,13,0,8.65582976105422
YGR092W,0.4117647058823529,6.613390092879257,81.3,40.80119047619048,17,0,7.613390092879257
YIL106W,0.43333333333333335,6.382408840729274,45.66666666666667,55.31428571428572,16,1,7.382408840729274
YJR122W,0.6666666666666666,7.078562686883121,272.7833333333333,126.66666666666669,13,0,8.07856268688312
YKR036C,0.6813186813186813,8.016788388769813,79.66666666666667,102.41666666666669,14,0,9.016788388769813
YLR180W,0.06666666666666667,0.9642857142857142,0.0,8.873809523809523,15,0,1.9642857142857142
YNL025C,0.2826086956521739,6.035416430598348,55.75,59.89285714285714,24,0,7.035416430598348
YNR052C,0.32679738562091504,5.508977280857749,136.975,65.45952380952382,18,1,6.508977280857749
YPL042C,0.3137254901960784,5.203609727643918,133.58333333333334,27.052380952380958,18,0,6.203609727643918
YAL022C,0.0,0.0,0.0,0.0,1,0,0.0
YGL132W,0.0,0.0,0.0,0.0,2,0,0.0
YAL024C,0.0,0.0,0.0,0.0,1,0,0.0
YIR009W,0.10984848484848485,2.6185507571448454,116.16666666666666,69.5,33,0,3.6185507571448454
YAL025C,0.6,0.18693168533594065,14.833333333333334,2.6944444444444446,5,1,1.1869316853359406
YHR052W,0.5120020429009193,43.70507639880868,927.5416666666666,1177.095238095238,89,1,44.70507639880868
YJR044C,0.0,0.0,0.0,0.0,1,0,0.0
YKR081C,0.6716297786720322,43.096546823934126,693.2499999999999,735.4036269286269,71,1,44.096546823934126
YNL110C,0.7188811188811188,41.58738106626065,431.61111111111114,1392.2499999999998,66,1,42.58738106626065
YOR272W,0.6170212765957447,18.71486608311227,343.44166666666666,326.9997335997337,48,1,19.71486608311227
YAL026C,0.0,0.0,0.0,0.0,3,0,0.0
YDL192W,0.2916666666666667,4.271375598086124,88.0,221.0,16,0,5.271375598086124
YOR153W,0.0,0.0,0.0,0.0,1,0,0.0
YPL146C,0.0,0.0,0.0,0.0,2,1,0.0
YAL028W,0.0,0.0,0.0,0.0,3,0,0.0
YBL050W,0.03650793650793651,1.3142857142857145,111.5,23.33333333333334,36,1,2.3142857142857145
YDL239C,0.021848739495798318,0.6922739244951712,17.555555555555557,26.263461538461534,35,0,1.6922739244951712
YLR233C,0.022222222222222223,0.2222222222222222,0.0,0.0,10,0,0.3222222222222222
YBR130C,0.09523809523809523,0.4309523809523809,5.25,0.8571428571428571,7,0,1.430952380952381
YFL039C,0.0570409982174688,1.9015151515151518,111.66666666666666,41.0687134502924,34,1,2.901515151515152
YGL106W,0.3333333333333333,1.179112554112554,14.5,7.181818181818182,7,1,2.179112554112554
YHR023W,0.16666666666666666,0.9837662337662338,0.0,2.30622009569378,9,1,1.9837662337662338
YKL130C,0.009523809523809525,0.15671140939597317,5.166666666666667,32.333333333333336,21,0,1.1567114093959732
YOR326W,0.08225108225108226,1.5048334370250593,86.33333333333334,19.65021244889329,22,1,2.5048334370250593
YAL030W,0.0,0.0,0.0,0.0,2,0,0.0
YDR468C,0.2,1.703412274000509,22.166666666666668,14.25,11,1,2.703412274000509
YGR009C,0.045454545454545456,0.31973259873295196,0.0,7.166666666666667,12,1,1.319732598732952
YAL031C,0.0,0.0,0.0,0.0,1,0,0.0
YAL032C,0.07575757575757576,0.6008844534142184,23.333333333333332,14.083333333333332,12,1,1.6008844534142184
YBR017C,0.17857142857142858,0.27350297608172247,5.944444444444444,4.303571428571429,8,0,1.2735029760817225
YDR416W,0.09166666666666666,1.1289710289710289,15.0,17.857142857142858,16,1,2.128971028971029
YER013W,0.45454545454545453,1.6641166006336288,40.33333333333333,45.66666666666666,11,1,2.664116600633629
YJL203W,0.4072398190045249,20.541597115880563,357.0,598.1666666666666,52,1,21.541597115880563
YKL095W,0.3333333333333333,0.1575757575757576,2.0,2.321428571428571,3,1,1.1575757575757577
YKL173W,0.4631578947368421,2.4774074135151922,127.83333333333333,134.01785714285714,20,1,3.4774074135151922
YLR338W,0.0,0.0,0.0,0.0,2,0,0.0
YLR345W,0.047619047619047616,0.09762050030506407,9.333333333333334,3.5,7,0,1.097620500305064
YLR423C,0.014925373134328358,1.0103901804955362,84.60833333333333,106.8923076923077,68,0,2.010390180495536
YNL189W,0.006890380313199105,1.0335570469798652,121.02777777777776,195.23055555555555,150,1,2.0335570469798654
YOR036W,0.06666666666666667,0.8241645781119464,40.5,24.916666666666664,15,1,1.8241645781119464
YPL151C,0.34502923976608185,2.9611184007562574,23.0,93.5,19,1,3.9611184007562574
YAL033W,0.7777777777777778,6.805555555555555,12.25,7.870707070707071,9,1,7.805555555555555
YBL018C,0.7777777777777778,6.805555555555555,24.0,7.870707070707071,9,1,7.805555555555555
YBR167C,0.7777777777777778,6.805555555555555,24.0,10.588888888888889,9,1,7.805555555555555
YBR257W,1.0,7.055555555555555,24.0,11.333333333333334,8,1,8.055555555555555
YGR030C,1.0,7.055555555555555,24.0,10.123232323232322,8,1,8.055555555555555
YHR062C,0.7777777777777778,6.805555555555555,24.0,10.588888888888889,9,1,7.805555555555555
YIR015W,1.0,7.055555555555555,0.0,7.870707070707071,8,1,8.055555555555555
YJR115W,0.3333333333333333,0.09965034965034966,0.0,0.0,3,0,1.0996503496503496
YNL221C,0.6222222222222222,6.222222222222222,12.25,9.866666666666667,10,1,7.222222222222222
YNL282W,0.6222222222222222,6.222222222222222,24.0,11.444444444444445,10,1,7.222222222222222
YAL034C,0.2857142857142857,1.0339246809835045,0.0,52.0,7,0,2.0339246809835045
YBR198C,0.30158730158730157,7.342641769981124,57.75,124.25,28,1,8.342641769981125
YDL140C,0.19457013574660634,9.863799392399098,231.0,234.86432276873447,52,1,10.863799392399098
YDR044W,0.2,0.36834733893557425,9.333333333333334,12.083333333333334,5,1,1.3683473389355743
YLR055C,0.3333333333333333,0.4492063492063492,2.0,2.5,4,0,1.4492063492063492
YML114C,0.35555555555555557,1.5340545359726945,11.5,66.0,10,1,2.5340545359726945
YOL004W,0.09558823529411764,1.3082642806036706,15.5,36.80727272727273,17,0,2.3082642806036704
YAL034WA,0.0,0.0,0.0,0.0,4,0,0.0
YGL172W,0.15333333333333332,3.0284851858903785,34.625,51.19047619047618,25,1,4.0284851858903785
YGR120C,0.09941520467836257,1.5744243605349262,27.96111111111111,41.900000000000006,19,1,2.574424360534926
YKL103C,0.09090909090909091,0.47898282986279334,16.958333333333332,17.952380952380953,11,0,1.4789828298627934
YAL035W,0.44563279857397503,8.074436388208428,451.3333333333333,210.49854589854587,34,1,9.074436388208428
YBR009C,0.09686609686609686,2.5339972527472527,0.0,13.683473389355742,27,1,3.5339972527472527
YBR079C,0.29797979797979796,9.502125438027619,383.1666666666666,257.1781746031746,45,1,10.502125438027619
YBR086C,0.9,0.6002331002331003,1.3333333333333333,15.142857142857142,5,0,1.6002331002331003
YBR143C,0.5238095238095238,3.967675106583557,59.5,90.75,15,1,4.967675106583557
YDL213C,0.5428571428571428,34.38181870662694,556.4166666666666,590.6670995670995,71,0,35.38181870662694
YDR101C,0.6108848574601999,41.54504603291206,722.9999999999999,1337.3666666666666,74,0,42.54504603291206
YDR429C,0.383399209486166,5.876581956775619,150.83333333333331,106.125,23,1,6.876581956775619
YDR496C,0.4361851332398317,39.18642759741338,449.888888888889,1050.9940476190477,93,0,40.18642759741338
YGL049C,0.27450980392156865,3.0945411550094217,19.833333333333332,46.43580031080031,18,0,4.094541155009422
YGL099W,0.582942097026604,38.239745919925475,1312.1666666666665,693.8653679653681,72,1,39.239745919925475
YGR162W,0.3804878048780488,8.994340154568556,493.3333333333333,224.10800865800863,41,0,9.994340154568556
YJL109C,0.3535947712418301,48.08888888888889,683.0277777777779,1351.525246975247,136,1,49.08888888888889
YJR007W,0.4268774703557312,7.458201914095975,0.0,112.10714285714286,23,1,8.458201914095975
YLR106C,0.5388127853881278,35.61688172700737,685.9583333333333,672.2797535797534,73,1,36.61688172700737
YLR192C,0.5238095238095238,0.9526195049082373,6.5,14.0,7,0,1.9526195049082373
YLR241W,0.0,0.0,0.0,0.0,3,0,0.0
YLR409C,0.4017821782178218,39.651594948012004,825.3749999999999,2528.0,101,1,40.651594948012004
YMR012W,0.23172905525846701,5.474593328112431,221.0,245.75000000000003,34,0,6.474593328112431
YMR049C,0.5370725034199726,43.97420333783795,811.7916666666665,1327.2690476190471,86,1,44.97420333783795
YMR116C,0.525154170723791,41.48295625942682,216.5,104.94234654234654,79,0,42.48295625942682
YMR146C,0.5808823529411765,5.758973948586625,24.5,76.78336940836941,17,1,6.758973948586625
YMR290C,0.5298048650093558,43.87041799712258,769.7916666666666,947.4704545454548,87,1,44.87041799712258
YMR309C,0.49453551912568305,24.809210054873333,718.5000000000001,698.3523809523809,61,1,25.809210054873333
YMR310C,0.4071969696969697,5.991027069003004,210.0,112.08414918414918,33,0,6.991027069003004
YNL002C,0.6638282117734172,44.95821003157666,834.0416666666665,860.8272755022753,74,1,45.95821003157666
YNL132W,0.4554752248280727,48.03024169677266,982.2499999999999,953.3265900765904,107,1,49.03024169677266
YOL041C,0.39910044977511244,45.94306871061406,1123.4583333333335,2386.083333333333,116,0,46.94306871061406
YOL077C,0.4009596456692913,51.21224846894139,1265.5416666666667,1900.5904761904756,128,1,52.21224846894139
YOR206W,0.438001638001638,48.1111744934066,954.9166666666665,2252.083333333333,111,1,49.1111744934066
YOR361C,0.4702660406885759,30.615380230309462,883.0833333333334,1562.333333333333,72,1,31.615380230309462
YPL012W,0.3652505446623094,49.67407407407409,874.0277777777776,1327.6306748806749,136,1,50.67407407407409
YPL093W,0.4177405498281787,39.41916742555998,907.7916666666666,1187.9702380952378,97,1,40.41916742555998
YPR041W,0.65,5.391473374043797,0.0,59.79606782106782,16,1,6.391473374043797
YAL036C,0.11538461538461539,0.8979075233332199,62.71666666666667,50.133333333333326,13,0,1.8979075233332199
YCL037C,0.42424242424242425,0.6669666346020436,18.666666666666664,42.0,12,0,1.6669666346020438
YCR038C,0.1,0.16025641025641024,12.6,7.5,5,0,1.1602564102564101
YDL051W,0.6386554621848739,10.561233569353398,289.25,348.49999999999994,35,0,11.561233569353398
YDL065C,0.04395604395604396,0.3138237669816984,3.766666666666667,4.8,14,0,1.3138237669816983
YDR152W,0.0,0.0,0.0,0.0,3,0,0.0
YGR250C,0.0,0.0,0.0,0.0,3,0,0.0
YJL138C,0.2,2.831407667067791,0.0,123.66666666666666,20,0,3.831407667067791
YLR150W,0.1,0.11458333333333333,0.6666666666666666,0.5,5,0,1.1145833333333333
YLR175W,0.4330532212885154,34.74840998119916,246.02083333333337,623.3852980352978,85,1,35.74840998119916
YNR022C,0.0,0.0,0.0,0.0,2,0,0.0
YOR243C,0.34545454545454546,1.2675101396648247,25.916666666666668,29.53333333333333,11,0,2.2675101396648247
YAL038W,0.0,0.0,0.0,0.0,3,1,0.0
YNL307C,0.0,0.0,0.0,0.0,4,0,0.0
YOR226C,0.0,0.0,0.0,0.0,2,0,0.0
YOR347C,0.0,0.0,0.0,0.0,1,0,0.0
YAL040C,0.03571428571428571,0.15656565656565657,0.0,0.0,8,0,0.38467625564399754
YBR160W,0.039525691699604744,0.9090909090909091,0.0,14.35487012987013,23,1,1.9090909090909092
YJL013C,0.0,0.0,0.0,0.0,6,0,0.0
YJL157C,0.15555555555555556,1.0446672608437313,0.0,25.74025974025974,10,1,2.044667260843731
YJR132W,0.0,0.0,0.0,0.0,9,0,0.0
YLL021W,0.047619047619047616,0.6342532467532467,0.0,6.438095238095238,15,0,1.6342532467532467
YPL014W,0.0,0.0,0.0,0.0,1,0,0.0
YAL041W,0.05228758169934641,0.9235294117647058,0.0,20.348484848484848,18,1,1.9235294117647057
YER114C,0.09090909090909091,0.7983550003073329,6.0,37.25,12,0,1.7983550003073328
YGL052W,0.0,0.0,0.0,0.0,1,0,0.0
YGL127C,0.005541346973572037,0.3469793322734499,26.5,25.615476190476187,69,0,1.3469793322734498
YGL233W,0.38181818181818183,4.149732620320855,11.888888888888888,5.583333333333334,11,1,5.149732620320855
YGR152C,0.3,0.4585561497326203,3.111111111111111,0.0,5,0,1.1127835549804337
YGR221C,0.0,0.0,0.0,0.0,2,0,0.0
YGR268C,0.02564102564102564,0.1574606579143784,2.0,149.0,13,0,1.1574606579143785
YHL007C,0.10256410256410256,1.120172311348782,6.444444444444445,15.352870813397129,13,0,2.120172311348782
YIL079C,0.0,0.0,0.0,0.0,2,0,0.0
YJL008C,0.5111111111111111,4.5999900482659095,25.333333333333336,10.0,10,1,5.5999900482659095
YJL187C,0.0,0.0,0.0,1.4545454545454546,4,0,1.0
YLR206W,0.0,0.0,0.0,0.0,2,0,0.0
YLR229C,0.125,2.072794117647059,7.444444444444445,32.09985847485847,17,1,3.072794117647059
YMR298W,0.16666666666666666,0.6666666666666666,2.0,1.2,4,1,1.6666666666666665
YOR212W,0.07272727272727272,0.7302521008403362,0.0,11.345238095238097,11,0,1.7302521008403362
YPL161C,0.05238095238095238,1.1,0.0,73.0,21,0,2.1
YAL042W,0.0,0.0,0.0,0.0,1,0,0.0
YAL043C,0.3523809523809524,4.334127519653835,112.83333333333334,25.705952380952382,15,1,5.334127519653835
YDL014W,0.44141512495942875,32.28042103391091,478.20833333333337,817.2892857142858,79,1,33.28042103391091
YDL195W,0.42424242424242425,4.553836295283664,37.36111111111111,9.916666666666666,12,1,5.553836295283664
YDR301W,0.7424242424242424,6.243661187740136,48.0,50.6,12,1,7.243661187740136
YDR311W,0.07112375533428165,2.64324368358186,37.833333333333336,36.75336403792286,38,1,3.64324368358186
YGL044C,0.12433862433862433,3.481481481481482,46.33333333333333,29.115476190476198,28,1,4.481481481481482
YGR156W,0.16666666666666666,0.16233766233766234,9.333333333333334,0.0,4,1,1.1623376623376624
YJR093C,0.5164835164835165,5.768499775078723,32.5,46.50000000000001,14,1,6.768499775078723
YKL018W,0.2087912087912088,2.6163260715892296,10.0,22.9047619047619,14,1,3.6163260715892296
YKR002W,0.5512820512820513,5.473977411477413,31.5,29.117857142857144,13,1,6.473977411477413
YLR115W,0.4852941176470588,6.426456446765371,148.83333333333334,101.0,17,1,7.426456446765371
YLR277C,0.3835978835978836,6.356793871562544,151.0,103.39285714285714,28,1,7.356793871562544
YMR182C,0.0,0.0,0.0,0.0,2,0,0.0
YNL317W,0.2894736842105263,3.2896578257419007,135.83333333333334,48.08127705627705,20,1,4.289657825741901
YNR054C,0.6473429951690821,20.547279872720008,234.875,444.8428571428572,46,1,21.547279872720008
YOR250C,0.5512820512820513,5.629814386393334,61.83333333333333,35.6,13,1,6.629814386393334
YAL044C,1.0,2.111111111111111,0.0,0.0,3,0,2.584795321637427
YDR019C,1.0,2.111111111111111,0.0,0.0,3,0,2.584795321637427
YFL018C,0.07602339181286549,1.398234683281412,13.5,11.16984126984127,19,0,2.3982346832814123
YMR189W,1.0,2.111111111111111,0.0,0.0,3,0,2.584795321637427
YAL045C,0.0,0.0,0.0,0.0,1,0,0.0
YJR063W,0.2746031746031746,9.45548504409264,58.5,49.91468253968253,36,0,10.45548504409264
YAL047C,0.02197802197802198,0.1775067157844999,6.791666666666666,0.0,14,0,0.3013218733174924
YCL032W,0.011764705882352941,0.368305531167691,0.0,22.0,35,0,1.368305531167691
YEL061C,0.0,0.0,0.0,2.5,6,0,1.0
YGL212W,0.05228758169934641,0.9349845201238391,53.25,12.11111111111111,18,0,1.9349845201238391
YGR218W,0.01751412429378531,0.9302921394833576,68.48333333333335,36.41048118548119,60,1,1.9302921394833576
YHR172W,0.26666666666666666,1.3626373626373627,6.694444444444444,5.313131313131313,6,1,2.3626373626373627
YIL026C,0.23809523809523808,1.2046035805626598,6.0,10.0,7,1,2.20460358056266
YIL061C,0.20851624231782265,14.073601302948182,312.8333333333333,337.3,68,1,15.073601302948182
YLR045C,0.0,0.0,0.0,0.0,3,1,0.0
YLR429W,0.0,0.0,0.0,5.076923076923077,5,0,1.0
YMR047C,0.007516778523489933,1.1275167785234903,87.72083333333335,97.52500000000002,150,1,2.12751677852349
YNL126W,0.4,1.4626373626373628,6.694444444444445,4.666666666666667,5,1,2.4626373626373628
YNL188W,0.0,0.0,0.0,0.0,3,1,0.0
YAL049C,0.0,0.0,0.0,0.0,1,0,0.0
YNL094W,0.031578947368421054,0.4955433253981348,42.45,0.0,20,0,0.5592692313883921
YAL051W,0.0,0.0,0.0,0.0,1,0,0.0
YOR363C,0.0,0.0,0.0,0.0,2,0,0.0
YAL054C,0.0,0.0,0.0,0.0,3,0,0.0
YHR041C,0.13709677419354838,4.092056084665693,16.0,82.2334249084249,32,0,5.092056084665693
YLR049C,0.0,0.0,0.0,0.0,3,0,0.0
YAL055W,0.0,0.0,0.0,0.0,1,0,0.0
YAL056W,1.0,0.5,4.666666666666667,12.142857142857142,2,0,1.5
YER020W,0.2,1.0,1.8333333333333333,12.90952380952381,5,0,2.0
YGL121C,0.2,1.0,14.833333333333332,34.0,5,0,2.0
YAL058W,0.0,0.0,0.0,0.0,1,0,0.0
YOR236W,0.0,0.0,0.0,0.0,1,1,0.0
YAL059W,0.0,0.0,0.0,0.0,1,0,0.0
YER165W,0.0935672514619883,1.247690239071915,27.208333333333332,14.581959706959706,19,1,2.2476902390719147
YAL060W,0.0,0.0,0.0,0.0,1,0,0.0
YAL062W,0.0,0.0,0.0,0.0,2,0,0.0
YLR267W,0.0,0.0,0.0,0.0,3,0,0.0
YAL064W,0.0,0.0,0.0,0.0,3,0,0.0
YHR114W,0.0029421945309795776,0.3177570093457944,31.333333333333332,19.7,108,0,1.3177570093457944
YKR011C,0.0,0.0,0.0,0.0,2,0,0.0
YMR149W,0.48484848484848486,5.776223776223777,8.0,4.583333333333334,12,1,6.569706423519984
YAL064WB,0.0,0.0,0.0,0.0,1,0,0.0
YPR126C,0.0,0.0,0.0,0.0,5,0,0.0
YAL066W,0.0,0.0,0.0,0.0,1,0,0.0
YAR002CA,0.0,0.0,0.0,0.0,3,0,0.0
YER110C,0.09655172413793103,1.9414910557038885,51.138888888888886,42.36204481792718,30,0,2.9414910557038887
YDL229W,0.16666666666666666,0.08689024390243902,3.0,13.0,4,0,1.086890243902439
YDR385W,0.09523809523809523,0.4202235772357723,0.0,0.0,7,0,0.6468603020587124
YGL097W,0.14285714285714285,0.5737502214610524,22.166666666666664,3.666666666666666,8,1,1.5737502214610524
YJL080C,0.0,0.0,0.0,0.0,6,0,0.0
YLR293C,0.10457516339869281,1.592020054431772,61.5,31.3469696969697,18,1,2.5920200544317717
YAR003W,0.32142857142857145,2.0037851037851038,6.0,28.0,8,0,3.0037851037851038
YBL026W,0.022222222222222223,0.9115942028985508,35.66666666666667,18.41812865497076,46,1,1.9115942028985509
YBR175W,0.2,1.9820512820512821,17.166666666666668,32.86666666666667,11,0,2.982051282051282
YBR258C,0.6,2.3313492063492065,16.0,51.0,6,0,3.3313492063492065
YDR140W,0.0,0.0,0.0,0.0,3,0,0.0
YHR119W,0.3111111111111111,2.747863247863248,19.166666666666664,16.975757575757573,10,0,3.747863247863248
YLR015W,0.4166666666666667,3.1506410256410255,19.666666666666668,38.1,9,0,4.1506410256410255
YAR007C,0.15333333333333332,3.6793650793650796,144.33333333333331,30.004847345636826,25,1,4.67936507936508
YBR114W,0.3111111111111111,2.44626554001554,15.5,17.799999999999997,10,0,3.44626554001554
YBR136W,0.42857142857142855,1.4965277777777777,14.666666666666666,8.153634085213033,7,1,2.4965277777777777
YCR028CA,1.0,1.9035714285714285,0.0,2.056140350877193,4,0,2.9035714285714285
YCR092C,0.6666666666666666,5.2429098679098685,64.83333333333334,8.788721804511278,10,0,6.2429098679098685
YDL007W,0.7926829268292683,30.767458796761012,86.91666666666666,325.1608709273183,41,1,31.767458796761012
YDL097C,0.7198228128460686,30.039621187216085,0.0,325.1608709273183,43,1,31.039621187216085
YDL225W,0.42857142857142855,2.0332122083283073,15.166666666666668,28.163636363636364,8,0,3.0332122083283073
YDR034C,0.002048131080389145,0.12903225806451613,27.633333333333333,8.200000000000001,63,0,1.129032258064516
YDR097C,0.45454545454545453,4.682393994893995,71.66666666666666,17.30889724310777,12,0,5.682393994893995
YDR499W,0.23809523809523808,0.8564213564213564,4.166666666666667,32.4,7,1,1.8564213564213565
YER021W,0.7914634146341464,30.71973152403374,0.0,761.3333333333333,41,1,31.71973152403374
YER095W,0.08333333333333333,1.2515866873065014,8.25,20.554761904761904,16,0,2.251586687306501
YHR164C,0.4,1.7535714285714286,1.5,2.056140350877193,6,1,2.7535714285714286
YJL026W,0.1111111111111111,0.8416666666666668,9.222222222222221,29.425,9,1,1.8416666666666668
YJL173C,0.25,1.5952380952380953,20.833333333333332,11.4,8,1,2.5952380952380953
YLR033W,0.23636363636363636,1.6368894700357552,20.5,19.05,11,1,2.6368894700357552
YML032C,0.21323529411764705,3.4335839598997495,99.83333333333333,45.612987012987006,17,0,4.4335839598997495
YMR167W,0.3787878787878788,3.982080419580419,66.33333333333334,7.761591478696742,12,0,4.982080419580419
YMR190C,0.5333333333333333,4.121989121989121,5.833333333333332,4.041353383458647,10,0,5.102426785421973
YNL082W,0.6,4.679244366744366,70.66666666666667,14.947573479152426,10,0,5.679244366744366
YNL312W,0.6,1.9035714285714287,8.5,2.056140350877193,5,1,2.9035714285714285
YOL006C,0.09523809523809523,1.6107059120217015,10.611111111111107,7.146052631578948,21,0,2.6107059120217015
YOL090W,0.27472527472527475,3.620192307692308,53.333333333333336,13.45263157894737,14,0,4.620192307692308
YPL235W,0.062003968253968256,3.70594123465958,244.83333333333331,212.59761904761908,64,1,4.70594123465958
YAR008W,0.3,1.4,3.0,1.2,5,1,2.257142857142857
YBL051C,0.0,0.0,0.0,0.0,5,0,0.0
YLR105C,0.2,1.2000000000000002,3.0,2.2666666666666666,6,1,2.2
YMR059W,1.0,1.5666666666666667,3.0,6.666666666666667,3,1,2.5666666666666664
YPL083C,0.5,1.5666666666666667,3.0,2.2666666666666666,4,1,2.5666666666666664
YAR009C,0.0,0.0,0.0,0.0,2,0,0.0
YHL002W,0.026143790849673203,0.3817997418403098,7.666666666666666,2.6666666666666665,18,0,1.3817997418403098
YNL118C,0.03492063492063492,0.781053859943383,46.166666666666664,24.370734528629264,36,1,1.7810538599433832
YAR014C,0.0,0.0,0.0,0.0,8,0,0.0
YDR195W,0.38333333333333336,1.8470953786270337,51.0,32.18214285714286,16,0,2.8470953786270337
YER054C,0.17777777777777778,1.6323232323232326,0.0,31.0,10,0,2.6323232323232326
YER158C,0.0,0.0,0.0,0.0,5,0,0.0
YIL045W,0.1,0.19090909090909092,0.0,2.321428571428571,5,0,1.190909090909091
YMR071C,0.0,0.0,0.0,0.0,3,1,0.0
YNL333W,0.25,2.1317114093959733,0.0,14.3,9,0,3.1317114093959733
YOL154W,0.0,0.0,0.0,0.0,2,0,0.0
YAR018C,0.022222222222222223,0.028381642512077296,0.0,2.0,10,0,1.0283816425120773
YBL106C,0.01282051282051282,0.08635394456289978,0.0,4.564102564102564,13,0,1.0863539445628998
YGR285C,0.0,0.0,0.0,0.0,3,0,0.0
YML064C,0.007326007326007326,0.5714285714285715,0.0,83.79761904761907,78,1,1.5714285714285716
YOR167C,0.6480331262939959,45.191585120995285,231.33333333333334,240.6000000000002,70,0,46.191585120995285
YAR019C,0.0,0.0,0.0,0.0,1,1,0.0
YAR020C,0.0,0.0,0.0,0.0,2,0,0.0
YBR222C,0.0,0.0,0.0,0.0,1,0,0.0
YDR455C,0.0,0.0,0.0,0.0,6,0,0.0
YAR027W,0.0,0.0,0.0,0.0,2,0,0.0
YAR030C,0.0,0.0,0.0,0.0,2,0,0.0
YBR135W,0.10714285714285714,0.4105314226003881,0.0,18.78181818181818,8,1,1.4105314226003882
YAR031W,0.0,0.0,0.0,0.0,3,0,0.0
YBR217W,0.054945054945054944,0.5668097303878131,17.0,25.433333333333334,14,0,1.566809730387813
YCR030C,0.0380952380952381,0.39965608465608465,36.75,6.625,15,0,1.3996560846560846
YAR033W,0.0,0.0,0.0,0.0,2,0,0.0
YGL051W,0.0,0.0,0.0,0.0,1,0,0.0
YKL174C,0.0,0.0,0.0,0.0,3,0,0.0
YAR035W,0.0,0.0,0.0,0.0,4,0,0.0
YGR069W,0.0,0.0,0.0,0.0,2,0,0.0
YLR295C,0.011099691675231244,1.553956834532374,44.54166666666667,74.75,140,0,2.553956834532374
YLR381W,0.0,0.0,0.0,0.0,1,0,0.0
YLR447C,0.018831294894195303,1.9207920792079216,52.041666666666664,65.86623376623376,102,0,2.9207920792079216
YAR042W,0.3333333333333333,1.25,0.9722222222222222,2.0090909090909093,4,0,2.25
YAR044W,0.16666666666666666,0.6666666666666666,0.0,0.0,4,0,0.9166666666666666
YDL019C,0.3333333333333333,1.25,6.222222222222222,0.9090909090909092,4,0,1.9772727272727273
YHL020C,0.1,0.5,6.75,1.1,5,0,1.5
YER120W,0.0,0.0,0.0,0.0,4,0,0.0
YLR191W,0.0989010989010989,1.2946217604920678,8.083333333333334,5.333333333333333,14,0,2.294621760492068
YAR047C,0.0,0.0,0.0,0.0,1,0,0.0
YAR060C,0.0,0.0,0.0,0.0,2,0,0.0
YKR019C,0.0,0.0,0.0,0.0,2,0,0.0
YAR061W,0.0,0.0,0.0,0.0,2,0,0.0
YJR086W,0.2,0.3825396825396825,0.0,8.5,5,0,1.3825396825396825
YAR064W,0.0,0.0,0.0,0.0,2,0,0.0
YBR109C,0.00909090909090909,0.3241414625642814,25.375,22.57962037962038,45,1,1.3241414625642813
YGL070C,0.05817028027498678,3.60655737704918,75.0,147.12857142857143,62,0,4.60655737704918
YAR066W,0.0,0.0,0.0,0.0,4,0,0.0
YDR074W,0.1111111111111111,0.8460317460317459,7.0,2.033333333333333,10,0,1.846031746031746
YLR145W,0.0,0.0,0.0,0.0,2,1,0.0
YPR086W,0.0022123893805309734,0.24132836587872553,51.5,28.444444444444446,113,1,1.2413283658787255
YAR069C,0.0,0.0,0.0,0.0,1,0,0.0
YPL215W,0.16666666666666666,0.03453321627158326,1.0,2.1666666666666665,4,0,1.0345332162715832
YAR071W,0.0,0.0,0.0,0.0,1,0,0.0
YLR453C,0.0012658227848101266,0.09031816626753335,5.0,2.2,80,0,1.0903181662675334
YAR073W,1.0,0.47619047619047616,2.0,0.0,2,0,1.4761904761904763
YLR432W,0.07142857142857142,0.5714285714285714,3.0,5.2,8,0,1.5714285714285714
YML056C,0.3333333333333333,0.819047619047619,3.0,5.0,4,0,1.819047619047619
YBL001C,0.16666666666666666,0.04671140939597315,0.0,2.0090909090909093,4,0,1.046711409395973
YDR510W,0.024615384615384615,0.3637959548296951,0.0,25.0,26,1,1.3637959548296952
YER067W,0.0,0.0,0.0,0.0,3,0,0.0
YPL068C,0.0,0.0,0.0,0.0,1,0,0.0
YBL002W,0.36363636363636365,2.7431446430807043,3.0,4.357142857142858,12,0,3.7431446430807043
YBL003C,0.49507389162561577,6.807372192369279,73.5,166.86666666666667,29,1,7.807372192369279
YBR010W,0.22794117647058823,3.2693556443556444,0.0,16.004901960784316,17,0,4.269355644355644
YCL066W,0.10714285714285714,0.6624215577703949,0.0,0.0,8,0,0.8241657762156442
YDR194C,0.7523809523809524,10.685074388097904,36.0,37.98214285714286,15,0,11.685074388097904
YDR224C,0.358974358974359,3.3888611388611385,7.0,19.91428571428572,13,1,4.388861138861138
YDR225W,0.2857142857142857,3.2247603736574324,9.0,50.73333333333333,15,0,4.224760373657432
YIL126W,0.35947712418300654,5.462892497509371,53.666666666666664,32.15098039215686,18,1,6.462892497509371
YNL030W,0.3371212121212121,6.2884574335831,0.0,111.86215794009912,33,0,7.2884574335831
YNL031C,1.0,2.481580919080919,0.0,4.357142857142858,7,0,3.481580919080919
YOL012C,0.13333333333333333,0.39603729603729604,4.5,0.5,6,0,1.396037296037296
YDL166C,0.7036199095022625,28.383480832270877,259.91666666666663,296.4644993894994,52,1,29.383480832270877
YDR324C,0.6885245901639344,37.17095377009278,434.6666666666667,901.2000000000002,62,1,38.17095377009278
YDR365C,0.6765873015873016,38.048124326181735,447.7083333333333,424.9718226218226,64,1,39.048124326181735
YER127W,0.5967604433077579,37.67835816854495,455.33333333333337,1495.3333333333337,69,1,38.67835816854495
YFR037C,0.15268817204301074,4.574076617826617,91.53333333333333,46.17348187759953,31,1,5.574076617826617
YGR090W,0.38932443703085906,42.325470027071226,887.5416666666666,993.1868353868356,110,1,43.325470027071226
YGR128C,0.6624708624708625,39.12881841005163,479.83333333333337,453.3491563991564,66,1,40.12881841005163
YGR145W,0.4694938440492476,38.39317787138847,639.3749999999999,556.8426684426687,86,1,39.39317787138847
YHR196W,0.6716346153846153,38.825192503403365,465.58333333333337,845.9333333333334,65,1,39.825192503403365
YLR003C,0.7607843137254902,30.35844384650983,717.5833333333333,289.5289987789988,51,0,31.35844384650983
YLR186W,0.6504807692307693,37.36274120500119,482.41666666666663,609.5309385059387,65,1,38.36274120500119
YLR222C,0.5286486486486487,36.777601083347015,502.66666666666663,503.36693861693857,75,1,37.777601083347015
YMR072W,0.0,0.0,0.0,0.0,3,0,0.0
YMR075W,0.0,0.0,0.0,0.0,6,0,0.0
YNL075W,0.6157349896480331,39.34860259182443,484.08333333333337,791.5928571428574,70,1,40.34860259182443
YOR056C,0.7444897959183674,28.304091780691504,120.62499999999999,345.95977633477634,50,1,29.304091780691504
YPL126W,0.565068493150685,38.04941755939068,498.41666666666663,929.9666666666672,73,1,39.04941755939068
YPR137W,0.6694638694638695,39.4933781220959,467.83333333333337,848.016666666667,66,1,40.4933781220959
YBL004W,0.3741956241956242,41.467949565450425,664.6944444444443,897.6972083472086,112,1,42.467949565450425
YBL088C,0.0,0.0,0.0,0.0,2,0,0.0
YBR084W,0.5541871921182266,6.047007132308835,328.5,107.3595238095238,29,0,7.047007132308835
YBR142W,0.8448051948051948,36.60952236693735,357.5833333333334,1519.3333333333337,56,1,37.60952236693735
YBR247C,0.7016129032258065,9.950993038704022,76.05555555555553,140.16939726939728,32,1,10.950993038704022
YBR267W,0.7644649257552484,41.24772892274014,1091.4999999999998,1014.35,63,0,42.24772892274014
YCL054W,0.8191167574107683,38.01841235092451,367.8333333333334,787.6047619047621,58,1,39.01841235092451
YCL059C,0.5933503836317136,36.10816887994366,574.5,910.5166666666668,69,1,37.10816887994366
YCR035C,0.5220588235294118,7.005976243824541,30.111111111111114,59.0984126984127,17,1,8.005976243824541
YCR057C,0.615686274509804,23.077100718013813,175.25,417.1464285714287,51,1,24.077100718013813
YDL031W,0.8312159709618875,38.646426394822605,579.6666666666665,531.2576645576645,58,1,39.646426394822605
YDL060W,0.5776255707762558,38.6965197639032,391.7500000000002,1034.0,73,1,39.6965197639032
YDL111C,0.7692307692307693,6.787635432249784,27.111111111111114,31.416694416694416,14,1,7.787635432249784
YDR087C,0.7803379416282642,41.65132386885173,625.6249999999999,1668.9999999999995,63,1,42.65132386885173
YDR170C,0.1388888888888889,0.2429361179361179,9.666666666666666,0.0,9,1,0.8146456276987251
YDR280W,0.5490196078431373,7.644072900175547,45.13888888888889,77.5873015873016,18,1,8.644072900175548
YDR299W,0.8737541528239202,24.3557062689655,236.87499999999994,712.0000000000001,43,1,25.3557062689655
YDR300C,0.03571428571428571,0.21428571428571427,0.0,2.321428571428571,8,0,1.2142857142857142
YEL026W,0.5963414634146341,14.261579245420466,264.3333333333333,358.6630952380952,41,1,15.261579245420466
YER006W,0.7115384615384616,39.49153098272397,1460.5833333333333,627.3984903984905,65,1,40.49153098272397
YER126C,0.8065573770491803,41.11971711424869,624.8333333333334,1328.3333333333333,61,1,42.11971711424869
YFL002C,0.8546470999301188,34.48182256046646,453.1666666666667,666.4674603174601,54,1,35.48182256046646
YGL111W,0.7657324167107351,39.96690174472824,626.1666666666666,1704.6666666666672,62,1,40.96690174472824
YGL120C,0.346374829001368,28.68523667341444,1047.4166666666665,859.8499999999999,86,1,29.68523667341444
YGL171W,0.7850877192982456,36.42318983208239,436.1666666666667,623.9178571428572,57,1,37.42318983208239
YGL195W,0.5428571428571428,1.4021314152218978,104.33333333333333,14.591666666666669,15,0,2.4021314152218975
YGR081C,0.7044025157232704,30.993800424612935,404.50000000000006,567.3000000000001,54,0,31.993800424612935
YGR095C,0.47058823529411764,6.591667798661436,25.750000000000004,73.00000000000001,17,1,7.591667798661436
YGR158C,0.4444444444444444,6.558214089442964,31.111111111111114,57.269047619047605,19,1,7.558214089442964
YGR195W,0.5916666666666667,6.699915616943763,28.44444444444445,36.52473082473082,16,1,7.699915616943763
YGR245C,0.9102040816326531,31.265378944721476,441.25,423.0792957042957,50,1,32.265378944721476
YHR066W,0.9269195189639223,27.84335304133858,309.66666666666674,438.4925796425797,47,0,28.84335304133858
YHR085W,0.8016393442622951,40.96521551827043,1215.5,835.6476190476192,61,1,41.96521551827043
YHR088W,0.8708357685563998,41.96381227028707,614.3333333333333,995.6833333333332,59,1,42.96381227028707
YHR089C,0.6666666666666666,11.618868099522718,267.7916666666667,482.25,37,1,12.618868099522718
YHR148W,0.7706122448979592,29.646122576503934,261.87499999999994,491.3666666666667,50,1,30.646122576503934
YHR169W,0.7910552061495457,34.100311526784786,402.6666666666667,599.154761904762,54,1,35.100311526784786
YHR170W,0.8076502732240437,41.048495045752816,608.4166666666665,1146.5666666666666,61,1,42.048495045752816
YHR197W,0.7509920634920635,41.37710070220448,1258.333333333333,875.5476190476192,64,1,42.37710070220448
YJL033W,0.7727272727272727,35.37908528247699,418.9166666666667,616.4964285714287,56,1,36.37908528247699
YJR002W,0.803633822501747,34.90975031354554,407.4166666666667,409.79811299811297,54,1,35.90975031354554
YKL014C,0.5762345679012346,43.78425701094514,752.1249999999999,794.3869241869241,81,1,44.78425701094514
YKL143W,0.5243128964059197,14.952583774110527,219.91666666666666,165.36556776556773,44,0,15.952583774110527
YKL172W,0.7688524590163934,38.83847527695164,396.50000000000006,609.5318764568766,61,1,39.83847527695164
YKR086W,0.005847953216374269,0.026866151866151863,7.583333333333333,0.0,19,1,0.24453607517742404
YLL008W,0.6320395738203958,41.81222316105271,691.8749999999999,1094.6833333333332,73,1,42.81222316105271
YLL011W,0.8220211161387632,33.067391594406615,395.4166666666667,356.1141636141636,52,1,34.067391594406615
YLL034C,0.8324258923169994,38.611786226691564,521.5833333333333,1045.6833333333334,58,1,39.611786226691564
YLR002C,0.7195838986883764,42.47104741228204,662.0833333333331,933.9309523809526,67,1,43.47104741228204
YLR009W,0.8269812462189957,38.26454412088373,504.1666666666667,908.4333333333332,58,1,39.26454412088373
YLR074C,0.763265306122449,26.771836035523677,402.4166666666667,650.9976190476191,50,0,27.771836035523677
YLR129W,0.7951020408163265,30.404687820116937,273.62499999999994,291.84340659340666,50,1,31.404687820116937
YLR276C,0.6604068857589984,43.008606944817686,801.0416666666666,1041.1119047619052,72,1,44.008606944817686
YMR128W,0.6367816091954023,8.391540318753886,147.75,124.44286546786547,30,1,9.391540318753886
YMR308C,0.10634920634920635,2.7516518816779127,86.45833333333333,64.31708895679483,36,1,3.7516518816779127
YNL061W,0.6853146853146853,38.91922461661451,641.6249999999999,897.0238095238093,66,1,39.91922461661451
YNL182C,0.6965174129353234,41.179278458114496,1280.9999999999998,650.8821262071261,67,1,42.179278458114496
YNL207W,0.5862068965517241,8.20303642622276,116.58333333333334,129.5,29,1,9.20303642622276
YNL232W,0.7307692307692307,5.695311783216129,22.111111111111114,23.14990564990565,13,1,6.695311783216129
YNR053C,0.5522807017543859,38.818741611196884,576.0833333333333,2808.0,76,1,39.818741611196884
YOL010W,0.7583673469387755,29.18048083241568,268.12499999999994,440.5619047619047,50,1,30.18048083241568
YOL021C,0.47368421052631576,22.650314948138522,173.27083333333331,370.0437368187368,57,1,23.650314948138522
YOL142W,0.45263157894736844,7.344651336406526,35.77777777777778,82.3809523809524,20,1,8.344651336406525
YOR145C,0.6531468531468532,38.87787670692215,315.8888888888889,791.5999999999999,66,1,39.87787670692215
YOR310C,0.7652173913043478,22.743148962539582,356.1666666666667,473.2571428571428,46,1,23.743148962539582
YOR341W,0.48860759493670886,36.91384487485786,562.7666666666667,652.009817959818,80,1,37.91384487485786
YPL043W,0.6357589984350548,41.255394364918956,547.4583333333333,689.097089022089,72,1,42.255394364918956
YPL190C,0.0,0.0,0.0,0.0,2,1,0.0
YPL217C,0.5025594700391448,38.9794249822447,430.02777777777794,630.2335914085915,82,1,39.9794249822447
YPL266W,0.8029350104821803,35.10568770866609,270.0555555555555,378.4519536019536,54,1,36.10568770866609
YPR016C,0.7254237288135593,35.86561602594,335.05555555555554,742.092821067821,60,1,36.86561602594
YPR110C,0.3184885290148448,11.757101242562578,90.75,112.61666666666667,39,1,12.757101242562578
YPR112C,0.7909090909090909,36.75432258230769,830.1666666666667,355.1147435897436,56,1,37.75432258230769
YBL005W,0.3333333333333333,0.09965034965034966,2.0,2.142857142857143,3,0,1.0996503496503496
YCR009C,0.0989010989010989,0.7607832312166676,19.5,7.4,14,0,1.7607832312166676
YDR176W,0.058823529411764705,0.7310379515571535,12.833333333333332,2.6095238095238096,17,0,1.7310379515571535
YDR388W,0.043434343434343436,1.9435828877005343,152.91666666666669,38.51119465329992,45,0,2.9435828877005346
YBL006C,0.0,0.0,0.0,0.0,1,0,0.0
YDR489W,0.0,0.0,0.0,0.0,7,1,0.0
YBL007C,0.08505747126436781,2.4767838483355726,30.4,15.266269841269844,30,0,3.4767838483355726
YBR098W,0.3333333333333333,0.08711433756805807,0.0,0.0,3,0,1.087114337568058
YBR205W,0.022222222222222223,0.08711433756805807,0.0,0.0,10,0,0.3422069301606507
YCL034W,1.0,0.06478578892371996,0.0,2.25,2,0,1.06478578892372
YCR088W,0.13333333333333333,1.4924029313094647,105.45,49.333333333333336,16,1,2.4924029313094644
YDR172W,0.10714285714285714,0.327006327006327,4.5,0.0,8,1,0.6546539848474675
YFR024C,0.1,1.5575045764882423,0.0,2.355555555555556,20,0,2.5575045764882423
YGL104C,0.1,0.08711433756805807,0.0,0.0,5,0,1.087114337568058
YGL206C,0.18181818181818182,1.585956232301914,61.54166666666667,6.777777777777778,12,0,2.585956232301914
YIL095W,1.0,0.17733990147783252,9.45,0.0,2,0,1.1773399014778325
YIR006C,0.14285714285714285,0.38842123056119,18.4375,0.0,8,1,0.7562104542623332
YIR012W,0.0,0.0,0.0,0.0,3,1,0.0
YJL004C,0.16666666666666666,0.08711433756805807,0.0,0.0,4,0,1.087114337568058
YJL151C,0.14285714285714285,0.23483473574217675,0.0,3.6,7,0,1.2348347357421767
YKR030W,0.03571428571428571,0.08711433756805807,0.0,0.0,8,0,0.49708457566329617
YLR064W,0.0,0.0,0.0,0.0,4,0,0.0
YLR078C,0.18153846153846154,4.681194168016664,51.583333333333336,56.79761904761904,26,1,5.681194168016664
YLR337C,0.31868131868131866,2.6113763674418546,115.25,24.72222222222222,14,0,3.6113763674418546
YMR253C,0.16666666666666666,0.08711433756805807,0.0,0.0,4,0,1.087114337568058
YNL084C,0.1111111111111111,1.6963719097389105,32.5,24.166666666666668,18,0,2.6963719097389105
YNL138W,0.08974358974358974,0.7280725022104333,29.2,8.479166666666666,13,1,1.7280725022104333
YNL152W,0.0,0.0,0.0,0.0,2,1,0.0
YNL243W,0.18421052631578946,3.0355297432452604,46.2375,35.273656898656895,20,1,4.03552974324526
YOR181W,0.09090909090909091,3.0303030303030294,0.0,50.20833333333333,34,1,4.030303030303029
YOR284W,0.11764705882352941,1.2105072127477916,131.58333333333331,4.533333333333333,17,0,2.2105072127477916
YPL246C,0.10714285714285714,0.23483473574217675,0.0,0.0,8,0,0.6910826447418422
YPR159W,0.1,0.06478578892371996,0.0,1.2857142857142858,5,0,1.06478578892372
YBL008W,0.6,1.6,2.0,0.0,5,0,1.975
YBR289W,0.4727272727272727,4.146929824561402,72.83333333333334,17.22222222222222,11,0,5.146929824561402
YJL115W,0.2,0.9333333333333333,8.5,3.825,6,0,1.9333333333333333
YJL176C,0.34615384615384615,3.8746186117467576,73.83333333333334,23.365079365079364,13,0,4.874618611746758
YOR038C,1.0,1.6,12.5,0.0,4,0,2.225
YOR290C,0.4909090909090909,4.2427631578947365,73.83333333333334,17.22222222222222,11,0,5.2427631578947365
YBL009W,0.0,0.0,0.0,0.0,1,0,0.0
YBL010C,0.0,0.0,0.0,0.0,1,0,0.0
YKR022C,0.0,0.0,0.0,0.0,4,1,0.0
YBL014C,0.4,1.1156070843570842,4.666666666666666,13.666666666666666,5,1,2.1156070843570842
YER148W,0.17354196301564723,6.145048739941205,95.16666666666667,93.94772384478264,38,1,7.145048739941205
YHL004W,0.31194295900178254,10.590682948891903,39.44444444444444,85.5,34,0,11.590682948891903
YJL025W,0.6666666666666666,1.4477477477477476,7.666666666666667,16.25,4,1,2.447747747747748
YML043C,0.5,1.2207207207207207,7.416666666666667,10.95,4,1,2.2207207207207205
YOR158W,0.4696969696969697,15.42473710990502,44.38888888888889,152.5,33,0,16.42473710990502
YBL015W,0.0,0.0,0.0,0.0,3,0,0.0
YLR304C,0.03636363636363636,0.3464646464646465,3.4444444444444446,0.0,11,0,0.4514209146862208
YMR105C,0.15555555555555556,1.227849927849928,13.0,5.940476190476191,10,0,2.227849927849928
YMR303C,0.09523809523809523,0.4633699633699634,6.0,3.8,7,0,1.4633699633699635
YBL016W,0.08791208791208792,1.2252747252747254,7.5,7.692857142857142,14,0,2.2252747252747254
YDL159W,0.26666666666666666,0.8955128205128206,0.0,2.1142857142857143,6,0,1.8955128205128204
YDR103W,0.10909090909090909,1.02684766214178,4.0,8.721428571428572,11,0,2.0268476621417797
YDR469W,0.06666666666666667,0.325,4.5,3.4,6,0,1.325
YDR480W,0.17857142857142858,1.0278610278610278,5.5,7.386904761904763,8,0,2.027861027861028
YER075C,0.0,0.0,0.0,0.0,4,0,0.0
YGL057C,0.0,0.0,0.0,0.0,2,0,0.0
YGL178W,0.3333333333333333,0.38247863247863245,4.0,12.214285714285715,4,0,1.3824786324786325
YGR040W,0.2222222222222222,1.6604700854700853,7.5,14.05,9,0,2.6604700854700853
YHR005C,0.01904761904761905,0.2857142857142857,0.0,5.0,15,1,1.2857142857142856
YHR168W,0.0,0.0,0.0,0.0,3,0,0.0
YIL169C,0.0,0.0,0.0,0.0,3,0,0.0
YLR362W,0.08974358974358974,1.0387847446670975,0.0,22.573717948717952,13,0,2.0387847446670975
YNL053W,0.0,0.0,0.0,8.0,3,0,1.0
YPL049C,0.15555555555555556,1.4063714063714063,12.0,21.39880952380952,10,0,2.4063714063714063
YBL017C,0.0,0.0,0.0,0.0,2,0,0.0
YDR432W,0.2727272727272727,0.7646384499370269,7.75,17.625,11,1,1.764638449937027
YMR197C,0.2948717948717949,3.226470588235294,57.0,24.25,13,1,4.226470588235294
YBL019W,0.0,0.0,0.0,0.0,1,0,0.0
YEL009C,0.15833333333333333,1.4269272380247138,9.0,16.452014652014654,16,0,2.4269272380247138
YBL020W,0.0,0.0,0.0,0.0,1,1,0.0
YBL021C,0.0,0.0,0.0,1.4285714285714286,2,0,1.0
YHL006C,0.047619047619047616,0.3333333333333333,2.0,2.05,7,0,1.3333333333333333
YKL109W,0.0,0.0,0.0,0.0,3,0,0.0
YBL022C,0.16666666666666666,0.04819976771196283,0.0,0.0,4,0,1.0481997677119628
YHR200W,0.7409988385598142,29.88459563254823,0.0,469.41666666666674,42,0,30.88459563254823
YLL039C,0.023715415019762844,0.5454545454545454,0.0,6.183333333333334,23,0,1.5454545454545454
YOR136W,0.054945054945054944,0.7235717498875394,11.0,7.066666666666667,14,0,1.7235717498875394
YBL023C,0.6066666666666667,14.806998050682264,127.0,47.53102642971064,25,1,15.806998050682264
YBR060C,0.7233201581027668,15.845370909707297,123.5,125.34415584415584,23,1,16.8453709097073
YBR202W,0.8894736842105263,15.5877666718399,64.25,41.65440305308727,20,1,16.5877666718399
YBR265W,0.0,0.0,0.0,0.0,3,1,0.0
YBR278W,0.5543478260869565,12.810693702856176,66.0,85.22857142857144,24,0,13.810693702856176
YDL017W,0.14736842105263157,2.572966507177034,0.0,12.006493506493506,20,1,3.572966507177034
YDL102W,1.0,14.191223419770333,66.0,33.85051834130782,18,1,15.191223419770333
YDR052C,0.42424242424242425,2.572966507177034,0.0,11.40909090909091,12,1,3.572966507177034
YDR318W,0.001422475106685633,0.03373843642300018,2.9166666666666665,10.2,38,0,1.0337384364230002
YEL032W,0.8894736842105263,15.5877666718399,127.0,41.65440305308727,20,1,16.5877666718399
YGL201C,0.5666666666666667,13.748787266368536,131.0,43.87940305308726,25,1,14.748787266368536
YHR118C,0.7922077922077922,16.237145801482185,123.5,52.56555023923445,22,1,17.237145801482185
YIL150C,0.47619047619047616,0.9649122807017543,16.5,10.666666666666666,7,1,1.9649122807017543
YJL194W,0.3569230769230769,8.023670547371221,30.0,67.26103896103896,26,1,9.023670547371221
YJR006W,0.8947368421052632,14.191223419770333,66.0,121.28571428571428,19,1,15.191223419770333
YJR043C,0.8105263157894737,14.220463185852203,67.0,33.85051834130782,20,0,15.220463185852203
YLL004W,0.7233201581027668,15.845370909707297,123.5,52.56555023923445,23,1,16.8453709097073
YLR103C,0.868421052631579,15.188643864822357,123.0,38.94606971975393,20,1,16.188643864822357
YLR274W,0.868421052631579,15.188643864822357,63.75,66.50396445659604,20,1,16.188643864822357
YML065W,0.6133333333333333,14.966480809302952,123.5,125.55584415584414,25,1,15.966480809302952
YNL261W,0.7233201581027668,15.845370909707297,123.5,52.56555023923445,23,1,16.8453709097073
YNL262W,0.2941970310391363,10.957787547630113,183.16666666666669,75.93078211348335,39,1,11.957787547630113
YOR196C,0.0,0.0,0.0,0.0,2,0,0.0
YPR019W,0.8894736842105263,15.587766671839901,127.0,51.02554112554111,20,1,16.5877666718399
YPR162C,0.7922077922077922,16.23714580148219,123.5,183.57142857142856,22,1,17.23714580148219
YPR175W,0.47354497354497355,13.001949317738793,49.416666666666664,45.9862326270221,28,1,14.001949317738793
YBL024W,0.0,0.0,0.0,0.0,1,0,0.0
YGR237C,0.0,0.0,0.0,0.0,2,0,0.0
YBL025W,0.047619047619047616,0.3333333333333333,2.0,2.0,7,0,1.3333333333333333
YDL113C,0.0,0.0,0.0,0.0,4,0,0.0
YIL141W,0.0,0.0,0.0,0.0,3,0,0.0
YJR087W,0.0,0.0,0.0,0.0,2,0,0.0
YKL135C,0.1388888888888889,0.9169942473633749,11.094444444444445,9.75,9,0,1.916994247363375
YLR141W,0.16666666666666666,0.3666666666666667,2.0,2.0,4,1,1.3666666666666667
YMR270C,0.13333333333333333,0.5936936936936936,4.25,7.25,6,1,1.5936936936936936
YBL066C,0.1,0.07222222222222223,4.5,0.0,5,0,1.0722222222222222
YCR020CA,0.0,0.0,0.0,0.0,2,0,0.0
YCR066W,0.0,0.0,0.0,1.3333333333333333,5,0,1.0
YDL175C,0.0,0.0,0.0,2.933333333333333,5,0,1.0
YDR166C,0.6785714285714286,4.588095238095239,0.0,7.166666666666666,8,1,5.588095238095239
YDR440W,0.0,0.0,0.0,0.0,2,0,0.0
YDR473C,0.6318234610917538,24.004619845735217,318.83333333333337,783.5,42,1,25.004619845735217
YEL015W,0.1,1.275693966613026,48.666666666666664,16.218170426065164,21,0,2.275693966613026
YER025W,0.4666666666666667,4.969299681301634,0.0,48.88744588744588,15,1,5.969299681301634
YER112W,0.2571428571428571,17.904830917874396,194.29166666666669,441.8880952380953,70,1,18.904830917874396
YER146W,0.04433497536945813,1.0924084636879556,65.5,16.308621933621936,29,1,2.0924084636879554
YFL017WA,0.26666666666666666,0.5603174603174603,0.0,0.0,6,0,1.0362381402041458
YGL173C,0.2857142857142857,0.4421640779764349,7.0,3.850877192982456,8,0,1.4421640779764349
YGL185C,0.0,0.0,0.0,0.0,4,0,0.0
YGR077C,0.0,0.0,0.0,0.0,2,0,0.0
YIL048W,0.3333333333333333,0.05793650793650794,1.5,0.0,3,1,1.057936507936508
YIL066C,0.26666666666666666,1.45,15.5,21.91111111111111,6,0,2.45
YIL132C,0.03571428571428571,0.027864312911041883,2.25,2.166666666666667,8,0,1.0278643129110419
YLR039C,0.0,0.0,0.0,0.0,1,0,0.0
YLR120C,0.0,0.0,0.0,0.0,1,0,0.0
YLR126C,0.0,0.0,0.0,0.0,1,0,0.0
YLR128W,0.0,0.0,0.0,0.0,4,0,0.0
YMR066W,0.0,0.0,0.0,0.0,1,0,0.0
YMR207C,0.0,0.0,0.0,0.0,1,0,0.0
YMR237W,0.0,0.0,0.0,0.0,1,0,0.0
YNL147W,0.24444444444444444,1.0984385783298827,12.916666666666666,4.904761904761905,10,1,2.0984385783298825
YNL264C,0.0,0.0,0.0,0.0,1,0,0.0
YNL287W,0.3235294117647059,5.201739766081872,19.166666666666668,48.36904761904761,17,1,6.201739766081872
YOL102C,0.0,0.0,0.0,2.0,2,1,1.0
YOL149W,0.25833333333333336,1.8713161298553262,54.416666666666664,28.20952380952381,16,1,2.8713161298553262
YOL163W,0.0,0.0,0.0,0.0,1,0,0.0
YOR017W,0.16666666666666666,0.04943181818181818,2.0,0.0,4,0,1.049431818181818
YOR043W,0.0,0.0,0.0,2.727272727272727,6,0,1.0
YOR191W,0.0,0.0,0.0,0.0,5,0,0.0
YPL115C,0.07142857142857142,0.27729885057471265,0.0,12.925,8,1,1.2772988505747127
YPL119C,0.0,0.0,0.0,0.0,1,0,0.0
YPL213W,0.3333333333333333,0.22222222222222224,0.0,0.0,3,1,1.2222222222222223
YPL249CA,0.8651162790697674,74.25719687735086,0.0,19.066666666666663,86,0,74.51396211315904
YPR032W,0.0,0.0,0.0,0.0,5,0,0.0
YPR184W,0.06666666666666667,0.05793650793650794,2.25,0.0,6,0,1.057936507936508
YBL027W,0.9753086419753086,78.4187802505375,146.0,19.066666666666663,81,0,78.66191928694882
YBL087C,0.952122854561879,77.6941076417918,0.0,19.066666666666663,82,0,77.93951449754171
YBL092W,0.9515206263173743,77.65072469498206,146.0,291.9999999999999,82,1,78.65072469498206
YBR031W,1.0,78.93128025053755,0.0,19.066666666666663,80,0,79.17284058765799
YBR084CA,1.0,78.93128025053755,0.0,19.066666666666663,80,0,79.17284058765799
YBR191W,1.0,78.93128025053755,0.0,19.066666666666663,80,0,79.17284058765799
YDL075W,0.9527250828063836,77.72254144083249,146.5,19.066666666666663,82,0,77.96785851761878
YDL081C,0.8452285485164395,73.41293527861737,164.0,181.7666666666665,87,0,74.41293527861737
YDL082W,1.0,78.93128025053755,146.0,19.066666666666663,80,0,79.17284058765799
YDL130W,0.754897276636407,69.44111323459153,146.0,19.066666666666663,92,0,69.71568640570781
YDL133CA,1.0,78.93128025053755,0.0,19.066666666666663,80,0,79.17284058765799
YDL136W,1.0,78.93128025053755,0.0,19.066666666666663,80,0,79.17284058765799
YDL184C,1.0,78.93128025053755,0.0,19.066666666666663,80,0,79.17284058765799
YDL191W,1.0,78.93128025053755,146.0,19.066666666666663,80,0,79.17284058765799
YDR012W,0.9756172839506173,78.44161367036105,74.0,19.066666666666663,81,0,78.68468193189365
YDR382W,0.7447405329593267,69.22971014492755,223.83333333333334,209.7666666666664,93,0,70.22971014492755
YDR418W,0.9756172839506173,78.44362592954984,0.0,19.066666666666663,81,0,78.6866879558232
YDR471W,1.0,78.93128025053755,0.0,19.066666666666663,80,0,79.17284058765799
YDR500C,0.9762345679012345,78.46605995935089,146.0,19.066666666666663,81,0,78.7090524923842
YEL054C,0.9518217404396266,77.67541605300674,146.0,19.066666666666663,82,0,77.92088196275681
YER056CA,1.0,78.93128025053755,0.0,19.066666666666663,80,0,79.17284058765799
YER117W,0.975925925925926,78.46216319734724,147.0,19.066666666666663,81,0,78.70516779841476
YFL034CA,1.0,78.93128025053755,0.0,19.066666666666663,80,0,79.17284058765799
YFR031CA,0.9756172839506173,78.44214981575489,0.0,19.066666666666663,81,0,78.68521641593668
YFR032CA,1.0,78.93128025053755,0.0,19.066666666666663,80,0,79.17284058765799
YGL030W,0.952122854561879,77.6941076417918,147.0,19.066666666666663,82,1,77.93951449754171
YGL031C,1.0,78.93128025053755,0.0,19.066666666666663,80,0,79.17284058765799
YGL076C,1.0,78.93128025053755,0.0,19.066666666666663,80,0,79.17284058765799
YGL103W,1.0,78.93128025053755,0.0,19.066666666666663,80,1,79.17284058765799
YGL135W,0.9297678518953865,76.86401382482347,0.0,19.066666666666663,83,0,77.11207095478446
YGL147C,0.9753086419753086,78.4187802505375,146.0,19.066666666666663,81,0,78.66191928694882
YGR034W,0.9753086419753086,78.4187802505375,146.0,19.066666666666663,81,0,78.66191928694882
YGR085C,0.9524239686841313,77.72291155380154,78.0,225.41666666666663,82,0,78.72291155380154
YGR148C,0.9756172839506173,78.43760240211856,158.5,21.1,81,0,78.70660603499132
YHL001W,0.9753086419753086,78.4187802505375,146.0,19.066666666666663,81,0,78.66191928694882
YHL033C,0.9762345679012345,78.46605995935089,146.0,19.066666666666663,81,0,78.7090524923842
YHR010W,1.0,78.93128025053755,0.0,19.066666666666663,80,0,79.17284058765799
YHR141C,1.0,78.93128025053755,0.0,19.066666666666663,80,0,79.17284058765799
YIL018W,1.0,78.93128025053755,146.0,19.066666666666663,80,0,79.17284058765799
YIL052C,0.9753086419753086,78.4187802505375,146.0,19.066666666666663,81,0,78.66191928694882
YIL133C,1.0,78.93128025053755,0.0,19.066666666666663,80,0,79.17284058765799
YIL148W,1.0,78.93128025053755,74.0,19.066666666666663,80,0,79.17284058765799
YJL177W,1.0,78.93128025053755,0.0,19.066666666666663,80,0,79.17284058765799
YJL189W,0.9753086419753086,78.4187802505375,146.0,19.066666666666663,81,0,78.66191928694882
YJR094WA,1.0,78.93128025053755,0.0,19.066666666666663,80,0,79.17284058765799
YKL006W,1.0,78.93128025053755,0.0,19.066666666666663,80,0,79.17284058765799
YKL180W,0.9753086419753086,78.4187802505375,146.0,19.066666666666663,81,1,78.66191928694882
YKR094C,1.0,78.93128025053755,0.0,19.066666666666663,80,0,79.17284058765799
YLL045C,1.0,78.93128025053755,0.0,19.066666666666663,80,0,79.17284058765799
YLR029C,1.0,78.93128025053755,0.0,19.066666666666663,80,1,79.17284058765799
YLR061W,1.0,78.93128025053755,0.0,19.066666666666663,80,0,79.17284058765799
YLR075W,0.9753086419753086,78.4187802505375,146.0,19.066666666666663,81,1,78.66191928694882
YLR185W,0.9753086419753086,78.4187802505375,146.0,19.066666666666663,81,0,78.66191928694882
YLR325C,0.9285924184543051,76.79435613129641,146.0,19.066666666666663,83,0,77.04263826591146
YLR340W,1.0,78.93128025053755,146.0,165.73333333333335,80,1,79.93128025053755
YLR344W,0.9753086419753086,78.4187802505375,146.0,19.066666666666663,81,0,78.66191928694882
YLR406C,0.9756172839506173,78.44362592954984,146.5,19.066666666666663,81,0,78.6866879558232
YLR448W,0.9753086419753086,78.4187802505375,146.0,19.066666666666663,81,0,78.66191928694882
YML073C,1.0,78.93128025053755,0.0,19.066666666666663,80,0,79.17284058765799
YMR121C,1.0,78.93128025053755,0.0,19.066666666666663,80,0,79.17284058765799
YMR142C,0.9753086419753086,78.4187802505375,146.0,19.066666666666663,81,0,78.66191928694882
YMR194W,1.0,78.93128025053755,0.0,19.066666666666663,80,0,79.17284058765799
YMR242C,0.9753086419753086,78.4187802505375,0.0,19.066666666666663,81,0,78.66191928694882
YNL067W,1.0,78.93128025053755,0.0,19.066666666666663,80,0,79.17284058765799
YNL069C,1.0,78.93128025053755,0.0,19.066666666666663,80,0,79.17284058765799
YNL162W,1.0,78.93128025053755,0.0,19.066666666666663,80,1,79.17284058765799
YNL301C,0.9294739935351161,76.86263910513809,151.0,21.23333333333333,83,0,77.1388894860844
YOL039W,0.9753086419753086,78.4187802505375,146.0,219.91666666666663,81,0,79.4187802505375
YOL120C,1.0,78.93128025053755,0.0,19.066666666666663,80,1,79.17284058765799
YOL127W,0.9518217404396266,77.67541605300676,151.83333333333331,123.79999999999998,82,1,78.67541605300676
YOR063W,0.9518217404396266,77.67483507987676,146.0,19.066666666666663,82,1,77.92030282560238
YOR234C,1.0,78.93128025053755,0.0,19.066666666666663,80,0,79.17284058765799
YOR312C,1.0,78.93128025053755,146.0,19.066666666666663,80,0,79.17284058765799
YPL079W,1.0,78.93128025053755,0.0,19.066666666666663,80,0,79.17284058765799
YPL131W,0.9515206263173743,77.65072469498206,74.0,167.73333333333332,82,1,78.65072469498206
YPL143W,1.0,78.93128025053755,0.0,19.066666666666663,80,1,79.17284058765799
YPL198W,1.0,78.93128025053755,0.0,19.066666666666663,80,0,79.17284058765799
YPL220W,1.0,78.93128025053755,146.0,19.066666666666663,80,0,79.17284058765799
YPR043W,1.0,78.93128025053755,0.0,19.066666666666663,80,0,79.17284058765799
YPR102C,0.9294739935351161,76.86639243305477,78.0,24.133333333333333,83,0,77.180357126459
YBL030C,0.1,0.25263157894736843,0.0,0.0,5,1,0.6484649122807018
YEL020WA,0.5333333333333333,2.188157894736842,0.0,2.0,6,0,3.1021687185492293
YER178W,0.15555555555555556,1.330409356725146,4.0,12.27777777777778,10,0,2.330409356725146
YGR082W,0.42424242424242425,5.090909090909091,6.0,19.542857142857144,12,1,6.090909090909091
YHR005CA,0.45263157894736844,9.021052631578948,0.0,37.898809523809526,20,0,10.021052631578948
YBL031W,0.0,0.0,0.0,0.0,1,0,0.0
YBL032W,0.1111111111111111,0.3426217551798047,0.6666666666666666,7.0,9,0,1.3426217551798048
YFR012W,0.0,0.0,0.0,0.0,1,0,0.0
YML105C,0.38095238095238093,2.6666666666666665,63.3,11.333333333333334,7,1,3.6666666666666665
YBL033C,0.0,0.0,0.0,0.0,2,0,0.0
YNL105W,0.0,0.0,0.0,0.0,2,0,0.0
YPR172W,0.0,0.0,0.0,0.0,5,0,0.0
YBL034C,0.0,0.0,0.0,0.0,3,1,0.0
YDR330W,0.0,0.0,0.0,0.0,1,0,0.0
YFL037W,0.06666666666666667,0.34285714285714286,4.5,0.3571428571428571,6,1,1.342857142857143
YBL035C,0.8571428571428571,3.9851676101676103,6.0,19.67142857142857,8,1,4.98516761016761
YBR087W,0.39705882352941174,6.209917153996101,51.0,68.95238095238096,17,1,7.209917153996101
YIR008C,0.6666666666666666,4.638351779799148,0.0,59.0,10,1,5.638351779799148
YKL045W,0.6666666666666666,4.638351779799148,0.0,24.904761904761905,10,1,5.638351779799148
YNL102W,0.3516483516483517,4.260422691343744,12.0,19.67142857142857,14,1,5.260422691343744
YNL290W,0.696969696969697,6.639571320492372,27.5,56.45,12,1,7.639571320492372
YOL094C,0.5604395604395604,6.923985979907032,47.0,67.30119047619048,14,1,7.923985979907032
YOR217W,0.5824175824175825,7.181071000149947,50.0,52.98571428571428,14,1,8.181071000149947
YBL037W,0.3333333333333333,0.8095238095238095,3.7777777777777777,0.8,4,0,1.7977591036414566
YBR288C,0.3333333333333333,0.8666666666666667,3.7777777777777777,1.25,4,0,1.8666666666666667
YGR261C,0.2857142857142857,1.8968253968253967,10.61111111111111,2.05,7,0,2.8968253968253967
YJR005W,0.10714285714285714,0.857142857142857,4.5,0.0,8,0,0.982142857142857
YBL038W,0.8307254623044097,31.175382974067187,50.41666666666668,165.41666666666663,38,0,32.17538297406719
YBR122C,0.7994310099573257,29.973530049926676,48.6388888888889,178.99999999999997,38,0,30.973530049926676
YBR268W,0.9354838709677419,24.738520674333497,0.0,50.16666666666667,31,0,25.738520674333497
YBR282W,0.8307254623044097,31.175382974067187,50.41666666666668,249.0,38,0,32.17538297406719
YCR003W,0.8770161290322581,24.641746480785116,27.0,59.083333333333336,32,0,25.641746480785116
YCR046C,0.729064039408867,17.106959692157062,44.527777777777786,134.0,29,0,18.106959692157062
YDL202W,0.8238636363636364,24.490536803365757,27.0,50.16666666666667,33,0,25.490536803365757
YDR115W,0.7102272727272727,20.928443477456636,46.41666666666668,153.99999999999997,33,0,21.928443477456636
YDR116C,0.7821969696969697,23.156947701026656,50.41666666666668,146.83333333333331,33,0,24.156947701026656
YDR237W,0.8873015873015873,30.672991383517708,49.41666666666668,179.33333333333331,36,0,31.672991383517708
YDR296W,0.9046153846153846,16.6684256292151,18.75,77.21111111111111,26,0,17.6684256292151
YDR322W,0.8483483483483484,30.634270707954922,50.41666666666668,134.61111111111111,37,0,31.634270707954922
YDR462W,0.8218623481781376,31.83171390013495,52.41666666666668,138.52777777777777,39,0,32.83171390013495
YGR033C,0.0,0.0,0.0,0.0,3,0,0.0
YGR076C,0.8768768768768769,31.676133724817927,50.41666666666668,249.0,37,0,32.67613372481793
YGR220C,0.8483483483483484,30.63348621901254,51.6388888888889,189.3333333333333,37,0,31.63348621901254
YHR147C,0.8307254623044097,31.175382974067187,50.41666666666668,165.41666666666663,38,0,32.17538297406719
YJL063C,0.7426829268292683,30.45,55.63888888888891,182.0,41,0,31.45
YJL096W,0.7754010695187166,24.26421104579,27.0,50.16666666666667,34,0,25.26421104579
YKL138C,0.8790322580645161,24.672186477095416,27.0,78.33333333333333,32,0,25.672186477095416
YKL167C,0.8591749644381224,32.24761097129519,51.41666666666668,185.3333333333333,38,0,33.24761097129519
YKL170W,0.8863636363636364,26.390158123052863,29.0,94.0,33,0,27.390158123052863
YKR006C,0.7634146341463415,31.299999999999997,55.416666666666686,270.0,41,0,32.3
YKR085C,0.8768768768768769,31.676133724817923,50.41666666666668,249.0,37,0,32.67613372481792
YLR312WA,0.9109848484848485,27.18610720025194,0.0,67.08333333333334,33,0,28.18610720025194
YML009C,0.9629629629629629,20.89037910814227,45.41666666666668,153.66666666666666,28,0,21.89037910814227
YML025C,0.8472906403940886,19.682932813195976,27.0,82.66666666666667,29,1,20.682932813195976
YMR024W,0.7682926829268293,31.499999999999993,53.41666666666668,140.8611111111111,41,0,32.49999999999999
YMR193W,0.7794871794871795,31.108333333333345,54.41666666666668,266.5,40,0,32.10833333333335
YMR225C,0.8663663663663663,31.302099062625373,32.0,75.75,37,0,32.30209906262537
YMR286W,0.9354838709677419,24.7385206743335,0.0,50.16666666666667,31,0,25.7385206743335
YNL005C,0.8065433854907539,30.2626490863333,49.6388888888889,181.66666666666663,38,0,31.2626490863333
YNL185C,0.8025641025641026,32.02948717948719,55.41666666666668,148.02777777777777,40,0,33.02948717948719
YNL252C,0.7487179487179487,29.880128205128212,50.41666666666668,249.0,40,0,30.880128205128212
YNL284C,0.8904761904761904,30.78418829471462,48.6388888888889,178.0,36,0,31.78418829471462
YOR150W,0.8307254623044097,31.17538297406719,50.41666666666668,154.08333333333334,38,0,32.17538297406719
YPL173W,0.9354838709677419,24.7385206743335,0.0,50.16666666666667,31,0,25.7385206743335
YPL183WA,0.8994708994708994,19.366840477695746,0.0,62.83333333333332,28,0,20.366840477695746
YPR100W,0.9166666666666666,14.304819339293024,39.86111111111112,112.76666666666668,24,0,15.304819339293024
YBL039C,0.0,0.0,0.0,0.0,6,0,0.0
YJL074C,0.0915032679738562,1.493606138107417,19.583333333333332,13.897222222222222,18,1,2.493606138107417
YJR103W,0.0,0.0,0.0,5.6,3,0,1.0
YKL104C,0.06842105263157895,1.0031768010244546,0.0,40.66666666666666,20,1,2.0031768010244546
YPL070W,0.05591397849462366,1.4124522536287247,35.33333333333333,76.30000000000001,31,0,2.4124522536287247
YBL041W,0.8141025641025641,30.250412950255164,106.58333333333334,473.0000000000001,40,1,31.250412950255164
YBR173C,0.8888888888888888,28.70601397455646,0.0,366.6666666666667,37,0,29.70601397455646
YCR073C,0.3333333333333333,0.05128205128205128,0.0,0.0,3,0,1.0512820512820513
YDL020C,0.9428571428571428,28.838509257051747,153.33333333333331,351.7666666666667,36,0,29.838509257051747
YDL147W,0.6424242424242425,28.556169087020155,0.0,557.0,45,1,29.556169087020155
YDR069C,0.7653846153846153,28.470974151970307,17.33333333333333,282.17619047619047,40,0,29.470974151970307
YDR394W,0.629951690821256,28.71126992168027,101.66666666666667,410.8940476190475,46,1,29.71126992168027
YDR427W,0.6067632850241546,27.669834522358652,0.0,445.5666666666666,46,1,28.669834522358652
YER012W,0.7537746806039489,30.31302048380508,123.83333333333334,451.4380952380952,42,1,31.31302048380508
YER094C,0.9294294294294294,30.093113541373413,80.66666666666667,406.80000000000007,37,1,31.093113541373413
YER105C,0.05555555555555555,0.13177933177933177,3.0,2.1142857142857143,9,0,1.1317793317793319
YFR004W,0.7054263565891473,29.461031666301334,0.0,306.54832251082246,43,1,30.461031666301334
YFR010W,0.9679802955665024,18.85889381840132,0.0,232.0166666666667,29,0,19.85889381840132
YFR050C,0.6357487922705314,28.940003021322486,122.33333333333334,416.1166666666667,46,1,29.940003021322486
YFR052W,0.5395918367346939,26.859373257499726,0.0,532.9666666666666,50,1,27.859373257499726
YGL011C,0.7456445993031359,29.98065566039415,134.25,496.4666666666666,42,1,30.98065566039415
YGL048C,0.5842198581560284,27.895270988304155,91.41666666666667,326.275992063492,48,1,28.895270988304155
YGR135W,0.865047233468286,30.904895566340635,81.66666666666667,310.1684523809524,39,0,31.904895566340635
YGR232W,0.8813813813813813,28.504309777024282,0.0,529.8333333333333,37,0,29.504309777024282
YGR253C,0.8164642375168691,28.979458562741293,106.08333333333334,385.9333333333334,39,1,29.979458562741293
YGR270W,0.9949579831932773,28.73299810154059,0.0,270.5166666666667,35,0,29.73299810154059
YHR027C,0.6987179487179487,25.932768843412315,0.0,251.95773809523808,40,1,26.932768843412315
YIL007C,0.10714285714285714,0.1538794538794539,0.0,42.333333333333336,8,0,1.153879453879454
YIL075C,0.8367071524966262,29.85732300514277,0.0,301.04880952380955,39,1,30.85732300514277
YJL001W,0.6818181818181818,29.28540748071508,127.83333333333334,446.2666666666667,44,1,30.28540748071508
YKL145W,0.6289855072463768,28.702463775108164,96.41666666666667,327.43209972394754,46,1,29.702463775108164
YML092C,0.435016835016835,23.821428254519827,135.70833333333331,431.6333333333335,55,1,24.821428254519827
YMR314W,0.6535353535353535,28.95380673688761,138.91666666666669,441.7,45,1,29.95380673688761
YOL038W,0.7021040974529347,29.17166913233649,111.58333333333333,363.1249999999999,43,1,30.17166913233649
YOR117W,0.6626262626262627,29.45715089818434,86.66666666666667,432.8523809523809,45,1,30.45715089818434
YOR157C,0.7154471544715447,28.6790456028833,117.70833333333333,407.83333333333337,42,1,29.6790456028833
YOR259C,0.6555555555555556,29.139837512481897,0.0,325.59444444444443,45,1,30.139837512481897
YOR261C,0.8705547652916074,29.649573559909363,0.0,741.1666666666667,38,1,30.649573559909363
YOR362C,0.6464646464646465,28.585279345258893,109.20833333333333,395.95238095238096,45,1,29.585279345258893
YPR103W,0.6202020202020202,27.44410519238262,130.33333333333331,416.4,45,1,28.44410519238262
YPR108W,0.9075391180654339,30.939665208221143,0.0,294.27559523809515,38,1,31.939665208221143
YBL042C,0.0,0.0,0.0,0.0,1,0,0.0
YBL043W,0.0,0.0,0.0,0.0,2,0,0.0
YBL101WA,0.0,0.0,0.0,0.0,4,0,0.0
YDR099W,0.005847953216374269,0.1111111111111111,0.0,1.4666666666666666,19,0,1.1111111111111112
YBL044W,0.0,0.0,0.0,0.0,2,0,0.0
YJL050W,0.16666666666666666,0.34509803921568627,4.0,0.0,4,1,0.8280525846702317
YJL159W,0.0,0.0,0.0,0.0,5,0,0.0
YBL045C,0.3333333333333333,4.826039140488412,15.0,21.080952380952382,15,0,5.826039140488412
YBR039W,0.43722943722943725,9.093525179856115,21.75,62.150000000000006,22,0,10.093525179856115
YDR529C,0.6222222222222222,5.866666666666666,6.0,20.666666666666668,10,0,6.866666666666666
YEL024W,0.7777777777777778,6.2555555555555555,6.0,20.666666666666668,9,0,7.2555555555555555
YFR033C,0.7777777777777778,6.2555555555555555,6.0,17.6,9,0,7.2555555555555555
YGR183C,1.0,6.3805555555555555,0.0,15.514285714285714,8,0,7.3805555555555555
YHR001WA,1.0,6.3805555555555555,0.0,15.514285714285714,8,0,7.3805555555555555
YIL125W,0.17777777777777778,1.3132756132756134,33.5,8.6,10,0,2.3132756132756134
YJL166W,0.6222222222222222,5.866666666666666,6.0,20.666666666666668,10,0,6.866666666666666
YKL085W,0.15151515151515152,1.4218428630193336,39.83333333333333,6.523809523809525,12,0,2.4218428630193336
YLR090W,0.16666666666666666,0.07813998082454458,4.5,0.0,4,0,1.0781399808245447
YOR065W,0.7777777777777778,6.2555555555555555,6.0,29.33333333333333,9,0,7.2555555555555555
YPL078C,0.6274509803921569,10.363169879841372,15.0,60.150000000000006,18,0,11.363169879841372
YPR160W,0.16363636363636364,1.346218487394958,0.0,13.333333333333334,11,0,2.346218487394958
YPR191W,0.509090909090909,5.4,6.0,16.409523809523808,11,0,6.4
YBL047C,0.0,0.0,0.0,0.0,3,0,0.0
YBL049W,0.3333333333333333,0.06223649869504116,0.0,51.0,3,0,1.0622364986950412
YGR172C,0.13071895424836602,2.078969558004628,35.22222222222222,47.95,18,1,3.078969558004628
YBR080C,0.3333333333333333,0.09999999999999999,2.0,2.05,3,1,1.1
YBR272C,0.0,0.0,0.0,0.0,5,0,0.0
YCR082W,0.06666666666666667,0.04433713784021071,0.0,10.5,6,0,1.0443371378402106
YDL133W,0.0,0.0,0.0,0.0,3,0,0.0
YDL173W,0.0,0.0,0.0,0.0,1,0,0.0
YDR160W,0.0,0.0,0.0,0.0,1,1,0.0
YDR189W,0.30303030303030304,2.61180337206653,47.083333333333336,19.17810245310245,12,1,3.61180337206653
YER101C,0.0,0.0,0.0,0.0,1,0,0.0
YIL084C,0.3333333333333333,2.001256913021619,21.0,15.495454545454544,10,0,3.001256913021619
YKL090W,0.0,0.0,0.0,0.0,3,0,0.0
YKL196C,0.2948717948717949,3.265359477124184,25.944444444444443,24.73762626262626,13,1,4.265359477124184
YLL009C,0.0,0.0,0.0,0.0,2,0,0.0
YLR026C,0.17543859649122806,3.1359231411862982,52.83333333333333,26.20952380952381,19,1,4.135923141186298
YLR093C,0.47619047619047616,1.6510737628384689,39.9,20.5,7,0,2.651073762838469
YLR117C,0.054945054945054944,0.647948717948718,14.0,2.017857142857143,14,1,1.647948717948718
YLR130C,0.0,0.0,0.0,0.0,1,0,0.0
YLR268W,0.24736842105263157,4.72360902255639,51.083333333333336,56.10515873015873,20,0,5.72360902255639
YLR273C,0.0,0.0,0.0,0.0,3,0,0.0
YNL204C,0.0,0.0,0.0,0.0,3,0,0.0
YOL018C,0.18181818181818182,1.5445887445887447,20.222222222222225,8.714141414141414,11,0,2.5445887445887445
YOL032W,0.0,0.0,0.0,0.0,1,0,0.0
YOL036W,0.0,0.0,0.0,0.0,4,0,0.0
YOL135C,0.14285714285714285,0.38248015674860775,4.0,16.0,7,1,1.3824801567486078
YOR106W,0.26666666666666666,2.0399626517273575,47.56666666666666,16.433333333333334,10,1,3.0399626517273575
YOR245C,0.0,0.0,0.0,0.0,4,0,0.0
YOR307C,0.0,0.0,0.0,0.0,2,0,0.0
YPL192C,0.0,0.0,0.0,0.0,4,0,0.0
YIL151C,0.0,0.0,0.0,0.0,3,0,0.0
YKR096W,0.0,0.0,0.0,0.0,1,0,0.0
YBL052C,0.0,0.0,0.0,0.0,5,0,0.0
YBR274W,0.0,0.0,0.0,0.0,12,0,0.0
YGL207W,0.14545454545454545,0.5851439640172034,5.25,12.64830917874396,11,1,1.5851439640172034
YNL258C,0.0,0.0,0.0,0.0,8,1,0.0
YOR064C,0.0,0.0,0.0,0.0,3,0,0.0
YPL129W,0.1603145795523291,9.189406835653598,344.66666666666663,1728.0,58,0,10.189406835653598
YBL053W,0.0,0.0,0.0,0.0,3,0,0.0
YEL069C,0.0,0.0,0.0,0.0,3,0,0.0
YPR165W,0.026143790849673203,0.3780085374345312,5.840000000000001,5.23076923076923,18,1,1.3780085374345312
YBL054W,0.0,0.0,0.0,0.0,1,0,0.0
YBL056W,0.0,0.0,0.0,0.0,2,0,0.0
YDR071C,0.0,0.0,0.0,0.0,3,0,0.0
YOR020C,0.1388888888888889,0.17842983203721458,30.666666666666664,32.83333333333333,9,1,1.1784298320372146
YBL058W,0.0,0.0,0.0,0.0,3,0,0.0
YLR044C,0.23636363636363636,2.2468296409472877,10.083333333333334,6.15,11,0,3.2468296409472877
YBL059W,0.0,0.0,0.0,0.0,2,0,0.0
YCR099C,0.0,0.0,0.0,0.0,7,0,0.0
YBL061C,0.0,0.0,0.0,0.0,4,0,0.0
YBR023C,0.0,0.0,0.0,0.0,1,0,0.0
YNL233W,0.0,0.0,0.0,0.0,3,0,0.0
YBL063W,0.0,0.0,0.0,0.0,1,0,0.0
YBL065W,0.0,0.0,0.0,0.0,1,0,0.0
YER022W,0.01463963963963964,1.6396396396396389,85.16666666666667,125.74279609279608,112,1,2.639639639639639
YGR117C,0.0,0.0,0.0,0.0,3,0,0.0
YNL210W,0.0,0.0,0.0,0.0,3,0,0.0
YBL067C,0.0,0.0,0.0,0.0,1,0,0.0
YBL068W,0.0,0.0,0.0,0.0,1,0,0.0
YOL061W,0.06666666666666667,0.4,2.0,2.0,6,0,1.4
YBL071C,0.0,0.0,0.0,0.0,2,0,0.0
YBL072C,0.8431693989071039,50.94945187662576,187.5,322.5,61,0,51.94945187662576
YBR048W,0.9328493647912885,53.362417516909986,0.0,54.327777777777776,58,0,54.362417516909986
YBR181C,1.0,54.44763054949146,0.0,54.327777777777776,56,0,55.44542930086954
YBR189W,1.0,54.44763054949146,0.0,54.327777777777776,56,0,55.44542930086954
YCR031C,1.0,54.44763054949146,0.0,54.327777777777776,56,0,55.44542930086954
YDL061C,0.9649122807017544,53.92977340663427,187.5,230.0,57,0,54.92977340663427
YDL083C,1.0,54.44763054949146,0.0,54.327777777777776,56,0,55.44542930086954
YDR025W,0.9328493647912885,53.362417516909986,0.0,54.327777777777776,58,0,54.362417516909986
YDR064W,1.0,54.44763054949146,0.0,54.327777777777776,56,1,55.44542930086954
YDR447C,1.0,54.44763054949146,0.0,54.327777777777776,56,0,55.44542930086954
YDR450W,0.9649122807017544,53.92977340663427,187.5,54.327777777777776,57,0,54.92977340663427
YDR459C,1.0,0.0339080459770115,0.0,0.75,2,0,1.0339080459770116
YER074W,1.0,54.44763054949146,0.0,54.327777777777776,56,0,55.44542930086954
YER102W,0.9018118059614261,52.578781703237944,0.0,62.18383838383838,59,0,53.578781703237944
YER131W,0.9018118059614261,52.57992138763303,205.0,61.4420634920635,59,0,53.57992138763303
YFL017C,0.027777777777777776,0.0339080459770115,0.0,1.5,9,1,1.0339080459770116
YGL123W,1.0,54.44763054949146,0.0,54.327777777777776,56,1,55.44542930086954
YGL189C,0.8711864406779661,51.72515809131499,196.0,191.74999999999983,60,1,52.72515809131499
YGR027C,1.0,54.44763054949146,0.0,54.327777777777776,56,0,55.44542930086954
YGR118W,0.9316394434361767,53.2922420783135,0.0,54.327777777777776,58,0,54.2922420783135
YGR214W,0.9316394434361767,53.2922420783135,187.5,54.327777777777776,58,0,54.2922420783135
YHL015W,0.9316394434361767,53.2922420783135,187.5,201.90000000000012,58,1,54.2922420783135
YHR021C,1.0,54.44763054949146,0.0,54.327777777777776,56,0,55.44542930086954
YHR203C,0.9328493647912885,53.36241751690999,187.5,317.1666666666667,58,0,54.36241751690999
YIL069C,1.0,54.44763054949146,0.0,54.327777777777776,56,0,55.44542930086954
YJL136C,1.0,54.44763054949146,0.0,54.327777777777776,56,0,55.44542930086954
YJL190C,0.9316394434361767,53.2922420783135,187.5,317.1666666666667,58,0,54.2922420783135
YJL191W,0.9649122807017544,53.92977340663427,64.5,54.327777777777776,57,0,54.92977340663427
YJR123W,0.9667919799498746,53.98625109985333,187.5,203.15000000000015,57,1,54.98625109985333
YJR145C,0.9328493647912885,53.36241751690999,0.0,54.327777777777776,58,0,54.36241751690999
YKL156W,1.0,54.44763054949146,0.0,54.327777777777776,56,0,55.44542930086954
YKR057W,1.0,54.44763054949146,0.0,54.327777777777776,56,0,55.44542930086954
YLR048W,1.0,54.44763054949146,0.0,54.327777777777776,56,0,55.44542930086954
YLR140W,0.0,0.0,0.0,0.0,1,1,0.0
YLR167W,0.9649122807017544,53.92977340663427,96.0,145.88333333333333,57,1,54.92977340663427
YLR287CA,1.0,54.44763054949145,0.0,54.327777777777776,56,0,55.445429300869534
YLR333C,0.9667919799498746,53.98625109985332,187.5,474.5,57,0,54.98625109985332
YLR367W,1.0,54.44763054949145,0.0,54.327777777777776,56,0,55.445429300869534
YLR388W,0.9649122807017544,53.92977340663427,187.5,54.327777777777776,57,0,54.92977340663427
YLR441C,0.9316394434361767,53.2922420783135,187.5,244.0,58,0,54.2922420783135
YML024W,1.0,54.44763054949145,0.0,54.327777777777776,56,0,55.445429300869534
YML026C,1.0,54.44763054949145,0.0,54.327777777777776,56,0,55.445429300869534
YML063W,1.0,54.44763054949145,0.0,54.327777777777776,56,0,55.445429300869534
YMR143W,1.0,54.44763054949145,0.0,54.327777777777776,56,0,55.445429300869534
YMR230W,1.0,54.44763054949145,187.5,54.327777777777776,56,0,55.445429300869534
YNL096C,0.9316394434361767,53.2922420783135,64.5,54.327777777777776,58,0,54.2922420783135
YNL178W,0.9316394434361767,53.2922420783135,187.5,103.77222222222215,58,1,54.2922420783135
YNL302C,1.0,54.44763054949145,0.0,54.327777777777776,56,0,55.445429300869534
YOL040C,1.0,54.44763054949145,0.0,54.327777777777776,56,1,55.445429300869534
YOL121C,1.0,54.44763054949145,0.0,54.327777777777776,56,0,55.445429300869534
YOR096W,0.9316394434361767,53.2922420783135,64.5,54.327777777777776,58,0,54.2922420783135
YOR182C,1.0,54.44763054949145,0.0,54.327777777777776,56,0,55.445429300869534
YOR293W,1.0,54.44763054949145,187.5,54.327777777777776,56,1,55.445429300869534
YOR369C,1.0,54.44763054949145,0.0,54.327777777777776,56,0,55.445429300869534
YPL081W,1.0,54.44763054949145,0.0,54.327777777777776,56,0,55.445429300869534
YPL090C,0.9655388471177945,53.964871928801756,64.83333333333334,54.327777777777776,57,0,54.964871928801756
YPR132W,1.0,54.44763054949145,187.5,54.327777777777776,56,0,55.445429300869534
YBL074C,0.9092436974789916,25.505419874026064,69.11111111111111,821.5,35,1,26.505419874026064
YBR055C,0.6898954703832753,26.33725935043889,288.0,638.3333333333333,42,1,27.33725935043889
YBR119W,0.6180836707152496,21.549651859462752,251.83333333333331,358.25,39,0,22.549651859462752
YDL030W,0.39935064935064934,21.79934906638787,368.5,342.4611111111111,56,1,22.79934906638787
YDL043C,0.4132730015082956,20.705721147726884,336.5,505.8333333333333,52,1,21.705721147726884
YDR088C,0.788235294117647,22.14645672149173,253.83333333333334,334.5,35,1,23.14645672149173
YDR235W,0.698780487804878,25.77090891475935,300.0,490.0833333333333,41,1,26.77090891475935
YDR240C,0.6644518272425249,26.227517364591296,319.83333333333337,469.2833333333333,43,1,27.227517364591296
YDR243C,0.9734848484848485,24.22871762577147,135.66666666666669,269.6353174603175,33,1,25.22871762577147
YER029C,0.41437755698421974,22.513397234593203,529.5,693.8333333333334,59,1,23.513397234593203
YGR006W,0.8709677419354839,18.875958423301434,232.83333333333334,202.211507936508,31,0,19.875958423301434
YGR013W,0.8317460317460318,24.44770355380229,137.91666666666669,262.0607142857143,36,1,25.44770355380229
YGR074W,0.4804421768707483,22.438663995712467,336.33333333333337,355.1690476190476,49,1,23.438663995712467
YGR075C,0.8213213213213213,25.48069063116725,288.83333333333337,558.1666666666666,37,1,26.48069063116725
YGR091W,0.7512820512820513,26.623192165698157,282.83333333333337,808.0,40,1,27.623192165698157
YHR165C,0.5374653098982424,23.592198708952903,354.8333333333333,324.3527777777778,47,1,24.592198708952903
YKL012W,0.7395411605937922,25.15656361326612,272.33333333333337,286.6353174603174,39,1,26.15656361326612
YLL036C,0.7333333333333333,26.039512413739875,293.5,320.17698412698417,40,1,27.039512413739875
YLR147C,0.37402597402597404,20.413654658780732,171.58333333333334,376.6023809523809,56,1,21.413654658780732
YLR275W,0.7516869095816464,25.60003771118024,291.0,306.5464285714286,39,1,26.60003771118024
YLR298C,0.9176470588235294,25.74473517757175,271.33333333333337,318.5174603174603,35,1,26.74473517757175
YML046W,0.602020202020202,25.234383562981066,296.0,470.8833333333333,45,1,26.234383562981066
YMR125W,0.5415384615384615,8.014190149883223,56.277777777777786,135.19444444444443,26,0,9.014190149883223
YMR240C,0.598989898989899,25.14777312589876,293.3333333333333,328.56356421356423,45,1,26.14777312589876
YMR268C,0.8168168168168168,25.345017989027184,272.83333333333337,436.8333333333333,37,1,26.345017989027184
YOR159C,0.49795918367346936,23.76940098419697,185.66666666666666,400.368253968254,50,1,24.76940098419697
YPR057W,0.8620689655172413,17.782121139319017,226.33333333333334,371.1666666666666,30,0,18.782121139319017
YPR101W,0.7024390243902439,25.91405639217041,293.0,534.8333333333334,41,1,26.91405639217041
YPR178W,0.6057585825027686,23.66699124823507,320.16666666666663,253.690873015873,43,1,24.66699124823507
YPR182W,0.6695121951219513,24.646903430532653,279.83333333333337,283.5107142857144,41,1,25.646903430532653
YBL075C,0.0,0.0,0.0,0.0,2,0,0.0
YER103W,0.0,0.0,0.0,0.0,4,0,0.0
YBL076C,0.0,0.0,0.0,0.0,2,1,0.0
YBR121C,0.3333333333333333,0.4,2.25,2.75,3,1,1.4
YPL160W,0.0,0.0,0.0,0.0,2,1,0.0
YBL078C,0.09523809523809523,0.611111111111111,1.2,4.274242424242424,7,0,1.6111111111111112
YHR171W,0.09523809523809523,0.5769230769230769,25.7,11.78939393939394,7,0,1.5769230769230769
YIL004C,0.3382352941176471,5.374416466826538,47.58333333333334,34.24801587301587,17,1,6.374416466826538
YNL223W,0.3333333333333333,0.34285714285714286,1.0,3.157142857142857,3,0,1.342857142857143
YNR007C,0.3,0.660557563242127,34.2,6.463636363636364,5,0,1.660557563242127
YOL083W,0.0,0.0,0.0,0.0,5,0,0.0
YBL079W,0.3333333333333333,0.10772357723577236,1.8958333333333333,0.0,3,0,1.1077235772357723
YJL061W,0.1794871794871795,1.5536766393693902,17.208333333333336,30.84102564102564,13,1,2.55367663936939
YKL068W,0.08522727272727272,2.1473919144075957,32.416666666666664,60.02857142857143,33,0,3.1473919144075957
YBL080C,0.0,0.0,0.0,0.0,1,0,0.0
YCR106W,0.0,0.0,0.0,0.0,3,0,0.0
YBL081W,0.3333333333333333,0.028381642512077296,0.0,2.0,3,0,1.0283816425120773
YDL167C,0.0,0.0,0.0,0.0,6,0,0.0
YBL082C,0.0,0.0,0.0,0.0,1,0,0.0
YKL210W,0.0,0.0,0.0,0.0,1,1,0.0
YBL084C,1.0,8.698863636363637,43.75,16.795238095238098,10,1,9.698863636363637
YDL008W,1.0,8.698863636363637,0.0,16.795238095238098,10,1,9.698863636363637
YDR118W,1.0,8.698863636363637,43.75,24.6,10,1,9.698863636363637
YFR036W,0.6818181818181818,7.789772727272728,79.5,16.795238095238098,12,0,8.789772727272728
YGL240W,1.0,8.698863636363637,43.75,16.795238095238098,10,0,9.698863636363637
YHR166C,0.3382352941176471,5.722619047619047,25.416666666666668,49.6,17,1,6.722619047619047
YKL022C,0.5769230769230769,7.3125,79.5,40.2,13,1,8.3125
YLR102C,0.5769230769230769,7.3125,43.75,43.0,13,0,8.3125
YLR127C,0.6818181818181818,7.7897727272727275,43.75,17.77619047619048,12,1,8.789772727272727
YNL172W,1.0,8.698863636363637,17.166666666666664,16.795238095238098,10,1,9.698863636363637
YOR249C,1.0,8.698863636363637,79.5,33.33333333333333,10,1,9.698863636363637
YBL085W,0.08888888888888889,0.6190787182166493,0.0,9.751515151515152,10,0,1.6190787182166493
YBR200W,0.10606060606060606,0.9829545454545454,21.0,22.25,12,1,1.9829545454545454
YDR085C,0.0,0.0,0.0,0.0,3,0,0.0
YER124C,0.13333333333333333,0.2709857192615813,0.0,4.4,6,0,1.2709857192615814
YJR056C,0.16666666666666666,0.1240981240981241,0.0,0.0,4,0,1.124098124098124
YMR032W,0.02766798418972332,0.5606060606060607,1.0,5.901515151515152,23,1,1.5606060606060606
YNL078W,0.01818181818181818,0.2,4.5,2.0,11,0,1.2
YBL086C,0.0,0.0,0.0,0.0,2,0,0.0
YJR040W,0.0,0.0,0.0,0.0,1,0,0.0
YLR322W,0.0,0.0,0.0,0.0,4,0,0.0
YDR361C,0.16666666666666666,0.04357366771159875,2.9166666666666665,2.0,4,1,1.0435736677115988
YMR176W,0.0,0.0,0.0,0.0,1,0,0.0
YBL089W,0.0,0.0,0.0,0.0,4,0,0.0
YOR082C,0.0,0.0,0.0,0.0,2,0,0.0
YPL022W,0.007352941176470588,0.125,2.0,2.426315789473684,17,0,1.125
YBL090W,0.7628458498023716,15.770170700877221,22.0,62.16666666666665,23,0,16.770170700877223
YBR146W,0.6534391534391535,17.85627104377104,39.55555555555556,100.5,28,0,18.85627104377104
YBR251W,0.42780748663101603,14.393900599163757,42.55555555555556,87.66666666666667,34,0,15.393900599163757
YDL045WA,0.8315789473684211,13.441836331839191,0.0,42.16666666666666,20,0,14.441836331839191
YDR041W,0.7647058823529411,8.931494053662247,17.333333333333332,39.333333333333336,17,1,9.931494053662247
YDR175C,0.6123188405797102,13.500335229792492,25.0,74.00000000000001,24,0,14.500335229792492
YDR337W,0.6481481481481481,17.708122895622893,36.55555555555556,96.16666666666666,28,0,18.708122895622893
YDR347W,0.7210144927536232,15.862617957726654,33.55555555555556,57.333333333333336,24,0,16.862617957726656
YGL129C,0.65,7.031513742132554,19.77777777777778,41.33333333333334,16,0,8.031513742132553
YGR084C,0.6164021164021164,16.83175505050505,35.55555555555556,128.0,28,0,17.83175505050505
YGR215W,0.7916666666666666,8.699702883591145,18.77777777777778,65.0,16,0,9.699702883591145
YIL093C,0.6736842105263158,11.097252208021658,22.0,88.0,20,0,12.097252208021658
YJR101W,0.8823529411764706,10.822203208373114,17.0,43.5,17,0,11.822203208373114
YJR113C,0.6416666666666667,6.58162897679488,12.0,23.666666666666668,16,0,7.58162897679488
YKL003C,0.8315789473684211,13.441836331839191,29.555555555555557,52.833333333333336,20,0,14.441836331839191
YMR158W,0.8368421052631579,13.574176614765857,20.0,64.83333333333333,20,0,14.574176614765857
YMR188C,0.7427536231884058,16.456516812495074,25.0,74.83333333333333,24,0,17.456516812495074
YNL137C,0.8523809523809524,15.060057937231848,20.0,56.24999999999999,21,1,16.060057937231846
YNL306W,0.698005698005698,18.198151385651382,36.55555555555556,96.16666666666666,27,1,19.198151385651382
YNR037C,0.6231884057971014,13.671642435067088,20.0,50.08333333333334,24,0,14.671642435067088
YPL013C,0.584045584045584,15.232436544936544,23.0,59.83333333333333,27,0,16.232436544936544
YPL118W,0.5277777777777778,2.0502767954140952,7.0,17.25,9,0,3.0502767954140952
YDR026C,0.0,0.0,0.0,0.0,4,0,0.0
YDR398W,0.0,0.0,0.0,0.0,4,1,0.0
YBL093C,0.13333333333333333,0.1369162617333099,4.0,10.142857142857142,6,0,1.13691626173331
YBR169C,0.0,0.0,0.0,0.0,5,0,0.0
YER179W,0.10080645161290322,2.7349829918811372,24.0,57.11746031746032,32,0,3.7349829918811372
YKL129C,0.16842105263157894,2.676445236667093,68.16666666666666,7.705627705627705,20,0,3.676445236667093
YOR140W,0.3,0.27391304347826084,3.0,5.571428571428571,5,0,1.2739130434782608
YBL094C,0.0,0.0,0.0,0.0,2,0,0.0
YBL095W,0.0,0.0,0.0,0.0,2,0,0.0
YBR162C,0.0,0.0,0.0,0.0,7,0,0.0
YBL097W,0.0,0.0,0.0,0.0,1,1,0.0
YLR373C,0.004032258064516129,0.12903225806451613,0.0,10.333333333333334,32,0,1.129032258064516
YBL098W,0.0,0.0,0.0,0.0,1,0,0.0
YDL226C,0.03333333333333333,0.40232198142414866,6.208333333333333,2.95,16,0,1.4023219814241488
YBL099W,0.775,10.871379530608154,15.0,48.28333333333334,16,0,11.871379530608154
YDL004W,1.0,11.391076042306358,12.0,61.5,14,1,12.391076042306358
YDR298C,0.8857142857142857,11.367266518496836,13.0,78.66666666666667,15,0,12.367266518496836
YDR322CA,1.0,11.391076042306358,0.0,43.47380952380952,14,0,12.391076042306358
YDR377W,1.0,11.391076042306358,12.0,61.5,14,0,12.391076042306358
YJL180C,0.3333333333333333,0.07386091127098321,2.0,2.0,3,0,1.0738609112709832
YJR121W,0.6013071895424836,9.926195089925407,14.0,47.97857142857143,18,0,10.926195089925407
YKL016C,0.8857142857142857,11.367266518496836,13.0,78.66666666666667,15,0,12.367266518496836
YML081CA,1.0,11.391076042306358,0.0,43.47380952380952,14,0,12.391076042306358
YNL315C,1.0,0.12549019607843137,4.0,2.333333333333333,2,0,1.1254901960784314
YOL077WA,1.0,11.391076042306358,0.0,43.47380952380952,14,0,12.391076042306358
YPL271W,0.8666666666666667,11.105361756592073,12.0,61.5,15,0,12.105361756592073
YPR020W,0.6764705882352942,10.254817905958294,15.25,57.55,17,0,11.254817905958294
YBL100C,0.0,0.0,0.0,0.0,1,0,0.0
YJL070C,0.0,0.0,0.0,0.0,7,0,0.0
YBL101C,0.0,0.0,0.0,0.0,1,0,0.0
YFL002WA,0.0,0.0,0.0,0.0,2,0,0.0
YJL162C,0.0,0.0,0.0,0.0,2,0,0.0
YNL229C,0.13333333333333333,0.6285714285714286,25.4,0.0,6,0,0.8406926406926407
YBL102W,0.0,0.0,0.0,0.0,5,1,0.0
YFL058W,0.0,0.0,0.0,0.0,1,0,0.0
YGR068C,0.0,0.0,0.0,0.0,3,0,0.0
YBL103C,0.1,0.34090909090909094,2.0,0.0,5,0,0.6342424242424243
YDL126C,0.2,0.7222222222222222,0.0,2.651515151515152,5,1,1.7222222222222223
YFR021W,0.0,0.0,0.0,0.0,11,0,0.0
YNL098C,0.26666666666666666,0.953846153846154,5.25,5.573412698412698,6,0,1.953846153846154
YOL067C,1.0,0.34090909090909094,2.0,0.0,2,0,1.3409090909090908
YOL108C,0.015151515151515152,0.18181818181818182,2.0,0.0,12,0,0.26515151515151514
YBL104C,0.0,0.0,0.0,0.0,1,0,0.0
YNL054W,0.0,0.0,0.0,0.0,2,0,0.0
YBL105C,0.08791208791208792,1.1035044232305897,0.0,5.712121212121212,14,1,2.1035044232305897
YBR045C,0.2,0.31792929292929295,0.0,3.95,5,0,1.317929292929293
YEL002C,0.7111111111111111,6.826728826728827,8.0,4.583333333333334,10,1,7.498109432237591
YER118C,0.023715415019762844,0.4742685475444096,5.0,27.90909090909091,23,0,1.4742685475444097
YGL022W,0.7222222222222222,5.874708624708624,7.0,2.083333333333333,9,1,6.229336141820022
YJL002C,0.6666666666666666,6.402486402486403,7.0,9.416666666666666,10,1,7.402486402486403
YJL020C,0.08823529411764706,1.1363361381510202,6.5,2.0,17,0,2.1363361381510204
YOR231W,0.047619047619047616,0.13392857142857142,0.0,2.033333333333333,7,0,1.1339285714285714
YPR154W,0.005263157894736842,0.02411038489469862,0.0,0.0,20,0,0.2424046144444767
YCL017C,0.0,0.0,0.0,0.0,2,1,0.0
YHR098C,0.1,0.12222222222222222,2.25,0.0,5,1,0.9404040404040405
YHR161C,0.047619047619047616,0.25757575757575757,1.0,0.0,7,0,0.4424497071555895
YIL033C,0.05555555555555555,0.273104852018924,2.0,2.658333333333333,9,0,1.2731048520189239
YOR197W,0.027777777777777776,0.12841296928327645,0.0,0.0,9,0,0.34472895304112067
YPL174C,0.047619047619047616,0.48513274986004595,16.733333333333334,74.66666666666666,15,0,1.485132749860046
YBL107C,0.0,0.0,0.0,0.0,1,0,0.0
YML116W,0.0,0.0,0.0,0.0,2,0,0.0
YBL109W,0.0,0.0,0.0,0.0,1,0,0.0
YBL112C,0.0,0.0,0.0,0.0,1,0,0.0
YBL113C,0.0,0.0,0.0,0.0,1,0,0.0
YLR348C,0.0,0.0,0.0,0.0,1,0,0.0
YBR001C,0.0,0.0,0.0,0.0,1,0,0.0
YDR001C,0.0,0.0,0.0,0.0,5,0,0.0
YBR003W,0.0,0.0,0.0,0.0,2,0,0.0
YJR022W,0.041742286751361164,2.327409102466311,62.583333333333336,142.58333333333331,58,1,3.327409102466311
YBR004C,0.0,0.0,0.0,0.0,1,1,0.0
YLR082C,0.14285714285714285,0.24112699381155756,4.916666666666667,0.0,7,0,0.8335830295251978
YBR006W,0.0,0.0,0.0,0.0,2,0,0.0
YKL023W,0.0,0.0,0.0,0.0,10,0,0.0
YBR008C,0.0,0.0,0.0,0.0,1,0,0.0
YCR084C,0.047619047619047616,0.10096153846153846,0.0,3.0588235294117645,7,0,1.1009615384615385
YDL208W,0.6966666666666667,5.635859669692785,126.33333333333333,187.86666666666665,25,1,6.635859669692785
YDR227W,0.14545454545454545,1.205371352785146,10.0,6.653711484593837,11,0,2.205371352785146
YDR303C,0.25757575757575757,1.5530427497339259,10.5,14.7,12,1,2.553042749733926
YEL056W,0.13333333333333333,0.3041942970822281,1.9444444444444444,1.0,6,0,1.304194297082228
YER164W,0.0,0.0,0.0,0.0,1,0,0.0
YFL024C,0.0,0.0,0.0,0.0,3,1,0.0
YGR252W,0.07142857142857142,0.35064935064935066,4.0,2.421052631578948,8,0,1.3506493506493507
YHR193C,0.0,0.0,0.0,0.0,5,0,0.0
YJL081C,0.2857142857142857,1.1247460872460873,7.0,7.223809523809523,8,1,2.1247460872460873
YLR176C,0.0,0.0,0.0,0.0,1,0,0.0
YLR442C,0.3333333333333333,1.8120973853732476,14.0,13.178221288515406,9,0,2.8120973853732476
YMR061W,0.32193732193732194,5.594223631479978,31.25,63.89642857142858,27,1,6.594223631479978
YOL054W,0.0,0.0,0.0,0.0,1,0,0.0
YDR477W,0.10833333333333334,1.6170502983802215,19.020833333333336,7.885714285714286,16,0,2.6170502983802217
YJL168C,0.0,0.0,0.0,0.0,3,0,0.0
YKL011C,0.007905138339920948,0.18181818181818182,2.0,55.0,23,0,1.1818181818181819
YPL209C,0.3,0.7222222222222223,3.0,5.0,5,1,1.7222222222222223
YBR011C,0.0,0.0,0.0,0.0,4,1,0.0
YGR087C,0.06666666666666667,0.2361111111111111,4.5,0.0,6,0,0.5184640522875816
YHR183W,0.0,0.0,0.0,5.2,4,0,1.0
YLR354C,0.0,0.0,0.0,0.0,2,0,0.0
YBR012C,0.0,0.0,0.0,0.0,1,0,0.0
YPL221W,0.0,0.0,0.0,0.0,1,0,0.0
YBR012WB,0.0,0.0,0.0,0.0,3,0,0.0
YLR116W,0.0457516339869281,0.5760563638811047,3.0,0.0,18,1,0.6554785122255522
YLR157CA,0.0,0.0,0.0,0.0,1,0,0.0
YBR013C,0.0,0.0,0.0,0.0,1,0,0.0
YGR292W,0.0,0.0,0.0,0.0,4,0,0.0
YBR014C,0.0,0.0,0.0,0.0,4,0,0.0
YBR101C,0.0,0.0,0.0,0.0,14,0,0.0
YGR119C,0.07827260458839407,2.8453062738206105,51.34583333333333,81.33333333333333,39,1,3.8453062738206105
YNR069C,0.0,0.0,0.0,0.0,6,0,0.0
YBR018C,0.0,0.0,0.0,0.0,1,0,0.0
YBR019C,0.0,0.0,0.0,0.0,2,0,0.0
YHL019C,0.0,0.0,0.0,0.0,2,0,0.0
YOL150C,0.0,0.0,0.0,0.0,4,0,0.0
YBR020W,0.0,0.0,0.0,0.0,2,0,0.0
YML051W,0.3333333333333333,0.5625,0.0,4.666666666666666,3,0,1.5625
YBR021W,0.0,0.0,0.0,0.0,1,0,0.0
YOR128C,0.0,0.0,0.0,25.0,24,0,1.0
YBR024W,0.0,0.0,0.0,0.0,2,1,0.0
YBR037C,0.0,0.0,0.0,0.0,1,0,0.0
YPR119W,0.01282051282051282,0.03508771929824561,0.0,0.0,13,0,0.40047233468286103
YGL245W,0.047619047619047616,0.2111111111111111,0.6666666666666666,2.5,7,1,1.211111111111111
YMR186W,0.14285714285714285,1.8769796380090498,7.0,40.17857142857142,14,0,2.8769796380090495
YBR027C,0.16666666666666666,0.34004474272930646,7.583333333333333,2.2666666666666666,4,0,1.3400447427293065
YLR353W,0.16666666666666666,0.34004474272930646,5.416666666666666,1.6666666666666667,4,0,1.3400447427293065
YOR046C,0.2,0.7916666666666666,3.0,5.666666666666667,5,1,1.7916666666666665
YBR028C,0.0,0.0,0.0,0.0,1,0,0.0
YBR033W,0.0,0.0,0.0,0.0,1,0,0.0
YNL228W,0.0,0.0,0.0,0.0,1,0,0.0
YBR034C,0.0,0.0,0.0,0.0,9,0,0.0
YDR249C,0.0,0.0,0.0,0.0,1,0,0.0
YER017C,0.3333333333333333,0.8333333333333333,2.0,2.225,3,0,1.8333333333333333
YGR165W,0.0,0.0,0.0,0.0,3,0,0.0
YGR181W,0.3333333333333333,0.625,0.0,0.8333333333333334,3,0,1.625
YMR048W,0.0,0.0,0.0,0.0,9,0,0.0
YBR035C,0.0,0.0,0.0,0.0,1,0,0.0
YBR038W,0.0,0.0,0.0,0.0,4,1,0.0
YCL022C,0.0,0.0,0.0,0.0,2,0,0.0
YHR123W,0.3333333333333333,0.14090909090909093,2.0,0.0,3,0,1.1409090909090909
YPL020C,0.0,0.0,0.0,0.0,9,1,0.0
YPR106W,0.0,0.0,0.0,0.0,2,0,0.0
YBR126C,0.0735930735930736,1.592099567099567,33.5,11.733333333333334,22,0,2.592099567099567
YDR343C,0.0,0.0,0.0,0.0,3,0,0.0
YKL150W,0.26666666666666666,0.47619047619047616,6.25,4.6,6,0,1.4761904761904763
YLL041C,0.3333333333333333,2.0,4.0,3.7857142857142856,6,0,3.0
YOR142W,0.0,0.0,0.0,0.0,4,0,0.0
YBR040W,0.0,0.0,0.0,0.0,1,0,0.0
YCL040W,0.0,0.0,0.0,10.5,5,0,1.0
YBR041W,0.0,0.0,0.0,0.0,1,0,0.0
YDL153C,0.010084033613445379,0.2439019997273984,15.0,3.947619047619048,35,1,1.2439019997273983
YBR042C,0.0,0.0,0.0,0.0,2,0,0.0
YHR115C,0.0,0.0,0.0,2.4444444444444446,5,0,1.0
YBR043C,0.0,0.0,0.0,0.0,2,0,0.0
YJL155C,0.0,0.0,0.0,0.0,2,0,0.0
YBR044C,0.5,1.4666666666666668,3.0,7.0,4,0,2.466666666666667
YKL141W,0.3333333333333333,2.0,4.0,0.5714285714285714,6,1,2.2857142857142856
YKL148C,0.8333333333333334,2.533333333333333,4.0,3.7857142857142856,4,0,3.533333333333333
YOR178C,0.15151515151515152,1.6204545454545454,0.0,10.85952380952381,12,0,2.620454545454545
YBR047W,0.0,0.0,0.0,0.0,2,0,0.0
YJL128C,0.1,0.25,0.0,2.5,5,0,1.25
YOR285W,0.03571428571428571,0.03508771929824561,0.0,0.0,8,0,1.0350877192982457
YBR049C,0.28888888888888886,1.5808049907895108,23.5,28.55,10,1,2.5808049907895105
YDR130C,0.09523809523809523,0.35028092474900985,0.8,6.461538461538462,7,1,1.35028092474901
YMR239C,0.5,0.6597222222222222,0.0,8.372027972027972,5,1,1.6597222222222223
YNR003C,0.5026455026455027,12.268840222579398,143.0,145.5,28,1,13.268840222579398
YOR116C,0.5317460317460317,12.586538612485224,176.5,68.98055555555555,28,1,13.586538612485224
YBR050C,0.0,0.0,0.0,0.0,4,0,0.0
YBR052C,0.0,0.0,0.0,0.0,1,0,0.0
YDR032C,0.13333333333333333,0.2518037518037518,2.0,12.5,6,0,1.251803751803752
YBR054W,0.0,0.0,0.0,0.0,3,0,0.0
YDR190C,0.0,0.0,0.0,0.0,2,1,0.0
YOR040W,0.0,0.0,0.0,0.0,2,0,0.0
YDL064W,0.09523809523809523,0.3219298245614035,5.833333333333333,5.843137254901961,7,1,1.3219298245614035
YER172C,0.41025641025641024,1.4978775544881913,46.5,27.071428571428573,13,1,2.4978775544881913
YJR084W,1.0,1.3671384996990978,4.0,35.333333333333336,8,0,2.367138499699098
YLR438CA,0.21082621082621084,3.459497502987554,0.0,75.16426482873852,27,0,4.4594975029875545
YLR446W,0.0,0.0,0.0,0.0,8,0,0.0
YOR319W,0.5525525525525525,16.535315864916708,189.33333333333334,359.91666666666663,37,1,17.535315864916708
YPR082C,0.39285714285714285,0.5350402459248473,13.333333333333334,23.0,8,1,1.5350402459248473
YBR056W,0.0,0.0,0.0,0.0,1,0,0.0
YFR007W,0.0,0.0,0.0,0.0,1,0,0.0
YBR057C,0.1,0.5,3.111111111111111,2.1666666666666665,5,0,1.5
YCL055W,0.1,0.5,6.0,3.0,5,0,1.5
YDR206W,0.0,0.0,0.0,0.0,5,0,0.0
YGL192W,1.0,0.5,3.111111111111111,2.1666666666666665,2,0,1.5
YIL144W,0.042105263157894736,0.7688787185354691,15.166666666666668,5.333333333333333,20,1,1.768878718535469
YBR058C,0.0,0.0,0.0,0.0,7,0,0.0
YOL059W,0.0,0.0,0.0,0.0,2,0,0.0
YOL064C,0.0,0.0,0.0,0.0,3,0,0.0
YOL113W,0.0,0.0,0.0,8.857142857142858,3,0,1.0
YOL156W,0.0,0.0,0.0,0.0,2,0,0.0
YOR123C,0.1111111111111111,0.5232026143790849,19.0,0.0,9,0,0.7355698848350499
YBR059C,0.0,0.0,0.0,11.6,7,0,1.0
YER144C,0.0,0.0,0.0,0.0,5,0,0.0
YGR199W,0.0,0.0,0.0,0.0,1,0,0.0
YJL039C,0.06666666666666667,0.10989010989010989,2.6666666666666665,5.75,6,1,1.10989010989011
YML014W,0.0,0.0,0.0,0.0,2,0,0.0
YMR144W,0.0,0.0,0.0,0.0,3,0,0.0
YNL330C,0.25,3.176918914418914,18.166666666666664,10.951948051948053,17,0,4.1769189144189145
YBR061C,0.0,0.0,0.0,0.0,20,0,0.0
YBR300C,0.0,0.0,0.0,0.0,1,0,0.0
YDR383C,0.027777777777777776,0.03373843642300018,2.9166666666666665,15.0,9,0,1.0337384364230002
YDR461W,0.0,0.0,0.0,0.0,2,0,0.0
YER028C,0.0,0.0,0.0,0.0,2,0,0.0
YGR182C,0.0,0.0,0.0,0.0,3,0,0.0
YGR201C,0.0,0.0,0.0,0.0,2,0,0.0
YGR219W,0.0,0.0,0.0,0.0,1,0,0.0
YGR235C,0.0,0.0,0.0,0.0,1,0,0.0
YGR277C,0.0,0.0,0.0,0.0,1,1,0.0
YHL011C,0.2,0.95,3.0,3.0,5,0,1.95
YHR008C,0.0,0.0,0.0,0.0,3,0,0.0
YHR022C,0.0,0.0,0.0,0.0,3,0,0.0
YHR026W,0.6764705882352942,10.327731508444963,73.83333333333334,61.35194805194806,17,0,11.327731508444963
YHR058C,0.14285714285714285,0.14133675771047188,4.0,13.6,8,1,1.1413367577104718
YHR059W,0.7017543859649122,10.38807936120579,18.0,73.0,19,0,11.38807936120579
YJL017W,0.0,0.0,0.0,0.0,3,0,0.0
YJL097W,0.0,0.0,0.0,0.0,2,1,0.0
YJL140W,0.5052631578947369,7.363231994260898,79.0,148.1059523809524,20,0,8.363231994260898
YBR064W,0.0,0.0,0.0,0.0,2,0,0.0
YOR317W,0.0,0.0,0.0,0.0,5,0,0.0
YBR065C,0.0,0.0,0.0,0.0,4,0,0.0
YJR050W,0.16666666666666666,0.6790267524013653,3.0,6.875,9,0,1.6790267524013653
YLR249W,0.4015151515151515,6.648209835949665,306.8333333333333,235.4333333333333,33,1,7.648209835949665
YOR308C,0.5142857142857142,2.625193559286204,196.5,101.0218253968254,21,0,3.625193559286204
YBR066C,0.0,0.0,0.0,0.0,2,0,0.0
YBR067C,0.0,0.0,0.0,0.0,3,0,0.0
YNL237W,0.0,0.0,0.0,0.0,2,0,0.0
YPR138C,0.0,0.0,0.0,0.0,1,0,0.0
YBR068C,1.0,1.1666666666666667,0.0,0.0,2,0,2.0238095238095237
YOR133W,1.0,1.1666666666666667,0.0,0.0,2,0,2.0238095238095237
YBR069C,0.0,0.0,0.0,0.0,1,0,0.0
YOL109W,0.0,0.0,0.0,0.0,1,0,0.0
YBR070C,0.0,0.0,0.0,0.0,1,1,0.0
YJL018W,0.0,0.0,0.0,0.0,1,1,0.0
YBR072W,0.0,0.0,0.0,4.75,4,0,1.0
YPL169C,0.0,0.0,0.0,0.0,11,1,0.0
YBR073W,0.0,0.0,0.0,0.0,3,0,0.0
YGL213C,0.0,0.0,0.0,7.0,6,1,1.0
YBR074W,0.0,0.0,0.0,0.0,3,0,0.0
YMR083W,0.0,0.0,0.0,0.0,2,0,0.0
YBR076W,0.0,0.0,0.0,0.0,1,0,0.0
YBR077C,0.0,0.0,0.0,0.0,4,0,0.0
YKR007W,0.16666666666666666,0.5,2.0,2.230769230769231,4,0,1.5
YMR004W,0.0,0.0,0.0,0.0,3,0,0.0
YOR045W,0.6222222222222222,5.861616161616162,6.0,22.9,10,0,6.861616161616162
YDL145C,0.41904761904761906,5.550108877265628,35.625,46.83928571428571,15,1,6.550108877265628
YER155C,0.19230769230769232,1.2346251240683646,0.0,11.101010101010102,13,0,2.2346251240683648
YIL071C,0.16666666666666666,0.03681177976952625,1.0,6.0,4,0,1.0368117797695262
YJL005W,0.16483516483516483,1.4640263235319448,0.0,14.013257575757574,14,1,2.464026323531945
YKR054C,0.10714285714285714,0.3767977191890235,10.5,2.05,8,0,1.3767977191890235
YKR059W,0.4857142857142857,1.7817111094771316,0.0,33.274420024420024,15,0,2.781711109477132
YML085C,0.07142857142857142,0.5714285714285714,9.0,7.8,8,1,1.5714285714285714
YNL062C,0.7142857142857143,1.0344376867264191,5.0,35.666666666666664,7,1,2.0344376867264193
YNL244C,0.32806324110671936,4.983915024245627,0.0,108.3452380952381,23,1,5.983915024245627
YOL145C,0.10526315789473684,1.1508061377583683,75.16666666666667,18.19291240160805,19,0,2.1508061377583685
YPL211W,0.7725490196078432,27.76326727764919,208.9999999999999,659.0380952380951,51,1,28.76326727764919
YPL237W,0.3561253561253561,7.839793999036956,0.0,110.33733766233766,27,1,8.839793999036957
YBR081C,0.0,0.0,0.0,0.0,2,0,0.0
YDR392W,0.23809523809523808,2.424153838795783,13.0,16.538239203177284,15,0,3.424153838795783
YGL241W,0.19047619047619047,0.29302891446433643,7.944444444444445,4.583333333333333,7,0,1.2930289144643363
YBR082C,0.0,0.0,0.0,0.0,1,0,0.0
YKL010C,0.0,0.0,0.0,0.0,2,0,0.0
YBR083W,0.0,0.0,0.0,0.0,1,0,0.0
YHR084W,0.19047619047619047,1.0357142857142856,5.5,2.05,7,1,2.0357142857142856
YEL046C,0.2,0.3214285714285714,0.0,17.0,5,0,1.3214285714285714
YER065C,0.0,0.0,0.0,0.0,3,0,0.0
YGR155W,0.5454545454545454,0.9105412299019011,0.0,16.166666666666664,11,1,1.9105412299019011
YGR240C,0.05263157894736842,0.9301169590643277,10.555555555555557,4.666666666666667,19,0,1.9301169590643277
YKL009W,0.8151260504201681,13.304483073704084,161.27777777777774,354.65476190476187,35,0,14.304483073704084
YBR085W,1.0,0.6666666666666666,2.25,0.0,2,0,1.6666666666666665
YMR056C,0.16666666666666666,0.6666666666666666,2.25,0.0,4,0,0.9166666666666666
YMR319C,0.16666666666666666,0.6666666666666666,4.0,0.0,4,0,0.9166666666666666
YBR088C,0.15384615384615385,2.0961538461538463,9.0,10.041666666666666,14,1,3.0961538461538463
YJR068W,0.8928571428571429,3.3385959800433485,25.5,29.65,8,1,4.3385959800433485
YLR390W,0.0,0.0,0.0,0.0,2,0,0.0
YLR390WA,0.0,0.0,0.0,0.0,2,0,0.0
YMR078C,0.8333333333333334,0.8709008097165992,9.5,37.0,4,0,1.8709008097165993
YNL088W,0.32051282051282054,3.2649104063577745,43.0,10.20714285714286,13,1,4.2649104063577745
YOR144C,0.8,1.8862891737891736,8.75,26.85714285714286,6,0,2.886289173789174
YDL164C,0.0,0.0,0.0,5.166666666666667,2,1,1.0
YHR031C,0.0,0.0,0.0,0.0,2,0,0.0
YKL113C,0.0,0.0,0.0,3.8666666666666663,5,0,1.0
YLR035C,0.06666666666666667,0.16783216783216784,2.0,3.4285714285714284,6,0,1.167832167832168
YML021C,0.0,0.0,0.0,0.0,1,0,0.0
YBR089CA,1.0,0.2468137254901961,0.0,0.0,3,0,1.246813725490196
YBR089W,0.0,0.0,0.0,0.0,1,1,0.0
YBR090C,0.0,0.0,0.0,0.0,1,0,0.0
YBR091C,0.38095238095238093,2.324561403508772,3.0,6.4,7,1,3.324561403508772
YDL217C,0.38095238095238093,2.324561403508772,3.0,6.6,7,1,3.324561403508772
YJL054W,0.5333333333333333,2.4912280701754383,3.0,4.675,6,1,3.4912280701754383
YKL002W,0.004645760743321719,0.1380189357660058,2.833333333333333,17.0,42,0,1.1380189357660058
YLR288C,0.0029403902699812884,0.2479572595851665,31.166666666666664,90.66666666666669,87,0,1.2479572595851665
YOR297C,0.5,1.0666666666666667,3.0,2.875,4,1,2.0666666666666664
YBR093C,0.0,0.0,0.0,0.0,2,0,0.0
YKR106W,0.0,0.0,0.0,0.0,1,0,0.0
YML077W,0.4,2.115873015873016,7.25,9.833333333333334,6,1,3.115873015873016
YBR094W,1.0,0.19009661835748792,3.0,5.514285714285714,3,0,1.190096618357488
YBR095C,0.0,0.0,0.0,0.0,1,0,0.0
YPL139C,0.37777777777777777,2.1434137757667173,23.916666666666668,4.269545454545455,10,0,3.1434137757667173
YBR096W,0.0,0.0,0.0,0.0,1,0,0.0
YBR097W,0.0,0.0,0.0,0.0,1,0,0.0
YLR240W,0.0,0.0,0.0,0.0,1,1,0.0
YHR016C,0.05627705627705628,0.9761038961038961,83.75,7.800000000000001,22,0,1.9761038961038961
YBR099C,0.0,0.0,0.0,0.0,2,0,0.0
YDR171W,0.0,0.0,0.0,0.0,2,0,0.0
YHL021C,0.0,0.0,0.0,0.0,4,0,0.0
YJL117W,0.1,0.28846153846153844,7.583333333333333,4.416666666666667,5,0,1.2884615384615383
YKL171W,0.0,0.0,0.0,0.0,2,0,0.0
YLL062C,0.0,0.0,0.0,0.0,2,0,0.0
YLR194C,0.0,0.0,0.0,0.0,1,0,0.0
YMR092C,0.13333333333333333,0.2689393939393939,5.5,2.0296052631578947,6,0,1.268939393939394
YMR173W,0.0,0.0,0.0,0.0,3,0,0.0
YOL011W,0.0,0.0,0.0,0.0,3,0,0.0
YPL136W,0.0,0.0,0.0,0.0,2,0,0.0
YBR102C,0.3055555555555556,2.381108948013555,8.5,7.166666666666666,9,1,3.381108948013555
YIL068C,0.6785714285714286,4.588095238095239,19.666666666666664,5.583333333333334,8,1,5.588095238095239
YLR166C,0.4444444444444444,4.322222222222223,0.0,23.666666666666668,10,1,5.322222222222223
YNR046W,0.0,0.0,0.0,0.0,2,1,0.0
YPR055W,0.5833333333333334,4.77550505050505,10.11111111111111,8.916666666666666,9,1,5.77550505050505
YBR103W,0.0,0.0,0.0,0.0,9,0,0.0
YCR033W,0.1111111111111111,0.38127207029646054,15.0,5.476190476190476,9,0,1.3812720702964605
YCR077C,0.013071895424836602,0.13840432724814064,0.0,27.521825396825395,18,0,1.1384043272481406
YGR239C,0.044444444444444446,0.41025641025641024,2.6111111111111107,3.25,10,0,1.4102564102564101
YIL112W,0.0,0.0,0.0,0.0,3,0,0.0
YJR141W,0.0,0.0,0.0,0.0,5,1,0.0
YBR105C,0.0,0.0,0.0,0.0,1,0,0.0
YBR106W,0.0,0.0,0.0,0.0,2,1,0.0
YBR107C,0.0,0.0,0.0,0.0,2,0,0.0
YBR108W,0.16666666666666666,0.09965034965034966,2.0,0.0,4,0,1.0996503496503496
YGR136W,0.07142857142857142,0.299137104506232,2.9166666666666665,13.5,8,0,1.299137104506232
YBR213W,0.0,0.0,0.0,0.0,2,0,0.0
YBR229C,0.0,0.0,0.0,0.0,1,0,0.0
YDR231C,0.0,0.0,0.0,0.0,1,1,0.0
YDR292C,0.0,0.0,0.0,0.0,3,1,0.0
YER023W,0.2,0.09886388046251618,0.0,37.25,6,1,1.0988638804625162
YFL003C,0.0,0.0,0.0,0.0,3,0,0.0
YFL010WA,0.0,0.0,0.0,0.0,1,0,0.0
YFR054C,0.0,0.0,0.0,0.0,2,0,0.0
YGL043W,0.0,0.0,0.0,0.0,3,0,0.0
YGL063W,0.0,0.0,0.0,0.0,3,0,0.0
YGL229C,0.01818181818181818,0.10671140939597316,0.0,3.333333333333333,11,0,1.1067114093959731
YGR050C,0.0,0.0,0.0,0.0,1,0,0.0
YGR144W,0.09523809523809523,0.052543534142169855,4.277777777777778,21.428571428571427,7,0,1.0525435341421698
YHR028C,0.0,0.0,0.0,0.0,1,0,0.0
YHR179W,0.0,0.0,0.0,0.0,6,0,0.0
YIL021W,0.6047619047619047,9.346224407081891,253.5,201.92857142857144,21,1,10.346224407081891
YJR073C,0.0,0.0,0.0,0.0,2,0,0.0
YKL175W,0.0,0.0,0.0,0.0,2,0,0.0
YKR025W,0.672514619883041,8.42763017189595,157.8,91.0,19,1,9.42763017189595
YLL050C,0.1388888888888889,0.450036075036075,4.75,4.862573099415204,9,1,1.450036075036075
YLL051C,0.0,0.0,0.0,0.0,3,0,0.0
YLR443W,0.0,0.0,0.0,0.0,2,0,0.0
YML095CA,0.0,0.0,0.0,0.0,1,0,0.0
YMR111C,0.0,0.0,0.0,0.0,1,0,0.0
YMR200W,0.0,0.0,0.0,0.0,3,1,0.0
YMR250W,0.0,0.0,0.0,0.0,2,0,0.0
YNL066W,0.0,0.0,0.0,0.0,4,0,0.0
YNL079C,0.0,0.0,0.0,0.0,3,0,0.0
YNL202W,0.0,0.0,0.0,0.0,3,0,0.0
YNR035C,0.5357142857142857,3.5636724386724388,6.0,12.34935064935065,8,1,4.563672438672439
YOR029W,0.0,0.0,0.0,0.0,1,0,0.0
YOR035C,0.26666666666666666,0.18714265835424435,38.25,16.0,6,0,1.1871426583542444
YOR358W,0.0,0.0,0.0,0.0,6,0,0.0
YPL242C,0.01818181818181818,0.07196969696969696,2.0,3.482456140350877,11,1,1.071969696969697
YBR112C,0.07142857142857142,0.20323706144601666,3.0,1.181818181818182,8,1,1.2032370614460166
YCR096C,0.07142857142857142,0.408453303802141,0.0,0.0,8,1,0.5833290380994749
YDR043C,0.0,0.0,0.0,0.0,2,0,0.0
YGL035C,0.06666666666666667,0.16558441558441558,2.0,4.714285714285714,6,0,1.1655844155844155
YGL162W,0.0,0.0,0.0,0.0,1,0,0.0
YNL167C,0.0,0.0,0.0,9.8,3,0,1.0
YPL181W,0.2,0.5029761904761905,4.0,3.875,6,0,1.5029761904761905
YBR113W,0.0,0.0,0.0,0.0,1,0,0.0
YHL024W,0.16666666666666666,0.20202020202020202,0.0,2.0,4,0,1.202020202020202
YKL112W,0.6,0.5288461538461539,0.0,5.055555555555555,5,1,1.5288461538461537
YBR115C,0.0,0.0,0.0,0.0,2,0,0.0
YGL154C,0.0,0.0,0.0,0.0,4,0,0.0
YOL086C,0.10457516339869281,1.8823529411764708,38.66666666666667,8.350000000000001,18,0,2.882352941176471
YBR116C,0.0,0.0,0.0,0.0,2,0,0.0
YBR117C,0.0,0.0,0.0,0.0,3,0,0.0
YPR074C,0.0,0.0,0.0,0.0,1,0,0.0
YNL271C,0.10476190476190476,1.1052905983379986,3.333333333333334,13.307017543859647,15,0,2.105290598337999
YDR110W,0.030303030303030304,0.09124116260801257,1.5,3.1666666666666665,12,0,1.0912411626080125
YLR223C,0.0,0.0,0.0,0.0,3,1,0.0
YLR449W,0.5783475783475783,5.497109901245764,267.5,161.07142857142853,27,0,6.497109901245764
YML016C,0.047619047619047616,0.2777777777777778,0.0,2.0,7,0,1.2777777777777777
YNL227C,0.0,0.0,0.0,0.0,3,0,0.0
YNL277W,0.0,0.0,0.0,0.0,3,0,0.0
YBR120C,0.8571428571428571,10.99861191440139,36.0,59.083333333333336,14,0,11.99861191440139
YDL044C,0.37142857142857144,7.799999999999998,36.0,35.898809523809526,21,0,8.799999999999997
YGR222W,0.65,10.031578947368422,19.0,44.23452380952381,16,0,11.031578947368422
YIR021W,0.8571428571428571,10.99861191440139,36.0,61.91666666666666,14,0,11.99861191440139
YJL133W,1.0,11.152458068247544,19.0,81.16666666666667,13,0,12.152458068247544
YJR082C,0.0,0.0,0.0,0.0,16,0,0.0
YKR052C,0.8571428571428571,10.99861191440139,19.0,78.08333333333333,14,0,11.99861191440139
YLR382C,1.0,11.152458068247544,0.0,35.898809523809526,13,0,12.152458068247544
YMR023C,0.7428571428571429,10.603007518796993,36.0,35.898809523809526,15,0,11.603007518796993
YMR287C,0.7428571428571429,10.603007518796993,36.0,35.898809523809526,15,0,11.603007518796993
YOR334W,0.7428571428571429,10.603007518796993,19.0,35.898809523809526,15,0,11.603007518796993
YPL029W,1.0,11.152458068247544,36.0,45.1595238095238,13,0,12.152458068247544
YPR134W,0.8681318681318682,11.080678783702302,36.0,107.33333333333334,14,0,12.080678783702302
YDR037W,0.26666666666666666,1.6,12.0,4.7,6,1,2.6
YOR335C,0.3333333333333333,2.0,5.0,4.05,6,1,3.0
YGR246C,0.3,0.815915915915916,4.0,1.7,5,1,1.815915915915916
YBR124W,0.0,0.0,0.0,0.0,1,1,0.0
YBR125C,0.0,0.0,0.0,0.0,1,0,0.0
YDR028C,0.24444444444444444,1.8986291486291484,47.0,8.007142857142858,10,0,2.8986291486291487
YDR216W,0.18181818181818182,0.8492528529293236,7.0,7.976872800402212,12,0,1.8492528529293235
YFL033C,0.0,0.0,0.0,0.0,2,0,0.0
YJL167W,0.0,0.0,0.0,0.0,3,1,0.0
YML100W,1.0,0.9841269841269841,3.0,2.4,3,0,1.9841269841269842
YMR261C,0.6666666666666666,1.365079365079365,4.0,1.6666666666666667,4,0,2.3650793650793647
YNL160W,0.3333333333333333,0.09307359307359307,0.0,0.0,3,0,1.093073593073593
YPR035W,1.0,0.38095238095238093,2.0,0.0,2,1,1.380952380952381
YPR183W,0.0,0.0,0.0,0.0,4,1,0.0
YBR127C,0.7205882352941176,10.953957969326346,0.0,81.34826839826839,17,0,11.953957969326346
YDL184WB,1.0,10.970806708822144,0.0,61.35194805194806,14,0,11.970806708822144
YDL185W,0.31384615384615383,7.736528963241149,67.66666666666666,90.32976190476192,26,0,8.736528963241149
YDR202C,0.7333333333333333,1.2472549019607844,10.833333333333334,50.33333333333333,6,0,2.247254901960784
YDR328C,0.053763440860215055,1.6477272727272734,22.500000000000004,41.06319073083779,31,1,2.6477272727272734
YEL027W,1.0,10.970806708822144,36.66666666666667,61.35194805194806,14,0,11.970806708822144
YEL051W,0.6470588235294118,10.597340322267524,0.0,154.33333333333334,18,0,11.597340322267524
YGR020C,0.6143790849673203,10.081016865140832,0.0,181.5,18,0,11.081016865140832
YHR039CA,0.7583333333333333,10.580330518345953,0.0,61.35194805194806,16,0,11.580330518345953
YKL080W,0.8666666666666667,10.827949565965,36.66666666666667,172.5,15,0,11.827949565965
YMR054W,0.7583333333333333,10.580330518345953,6.666666666666667,69.2904761904762,16,0,11.580330518345953
YOR270C,0.6985294117647058,10.662290331974376,36.66666666666667,68.79361471861472,17,0,11.662290331974376
YOR332W,0.6405228758169934,10.509105028149875,51.75,156.99999999999997,18,0,11.509105028149875
YPL234C,0.8761904761904762,10.897411393249106,36.66666666666667,84.35000000000001,15,0,11.897411393249106
YPR036W,1.0,10.970806708822144,36.66666666666667,104.0,14,0,11.970806708822144
YBR128C,0.0,0.0,0.0,0.0,3,0,0.0
YPL120W,0.0,0.0,0.0,0.0,3,0,0.0
YBR129C,0.0,0.0,0.0,0.0,1,0,0.0
YHR107C,0.16339869281045752,2.865170278637771,22.0,45.91073926073926,18,1,3.865170278637771
YJL071W,0.0,0.0,0.0,0.0,2,0,0.0
YBR131W,0.0,0.0,0.0,0.0,1,0,0.0
YML001W,0.21818181818181817,1.5872426335274632,94.58333333333333,9.28968253968254,11,0,2.587242633527463
YBR133C,0.0,0.0,0.0,9.0,6,0,1.0
YDL154W,0.027777777777777776,0.25,0.0,0.5555555555555556,9,0,1.25
YER087W,0.0,0.0,0.0,0.0,2,0,0.0
YGL187C,0.4666666666666667,4.666666666666666,5.0,9.6,10,0,5.666666666666666
YKL101W,0.09523809523809523,0.10192307692307692,0.0,2.2222222222222223,7,1,1.101923076923077
YBR134W,0.0,0.0,0.0,0.0,1,0,0.0
YBR252W,0.0,0.0,0.0,0.0,4,1,0.0
YDR078C,0.1,0.41666666666666663,2.0,2.5,5,0,1.4166666666666665
YGR108W,0.3333333333333333,0.18831168831168832,0.0,7.699999999999999,3,0,1.1883116883116882
YLR210W,0.16666666666666666,0.18831168831168832,0.0,12.833333333333334,4,0,1.1883116883116882
YLR234W,0.0,0.0,0.0,0.0,4,0,0.0
YBR137W,0.06666666666666667,0.013422818791946308,7.583333333333333,63.0,6,0,1.0134228187919463
YKR083C,0.13333333333333333,0.5269230769230769,3.0,3.333333333333334,6,1,1.5269230769230768
YOR007C,0.0,0.0,0.0,0.0,5,0,0.0
YBR138C,0.0,0.0,0.0,0.0,2,0,0.0
YIL046W,0.0380952380952381,0.46428571428571425,7.416666666666666,2.5955882352941178,15,1,1.4642857142857142
YBR139W,0.0,0.0,0.0,0.0,2,0,0.0
YEL060C,0.03636363636363636,0.15656565656565657,4.0,2.6666666666666665,11,0,1.1565656565656566
YOR381W,0.0,0.0,0.0,0.0,2,0,0.0
YBR140C,0.5,0.6871794871794872,4.5,2.6944444444444446,4,1,1.6871794871794872
YOL081W,0.0,0.0,0.0,0.0,1,0,0.0
YBR141C,0.0,0.0,0.0,0.0,3,0,0.0
YDR372C,0.0,0.0,0.0,0.0,4,0,0.0
YER059W,0.0,0.0,0.0,38.5,8,0,1.0
YGL091C,0.0,0.0,0.0,0.0,1,1,0.0
YDR060W,0.7580645161290323,11.153604122496363,102.79166666666667,207.1027777777778,32,1,12.153604122496363
YFR001W,0.8168831168831169,36.07916123035258,452.58333333333337,636.2133283383282,56,0,37.07916123035258
YGR103W,0.5443037974683544,40.19671037379239,823.875,1079.2071428571428,79,1,41.19671037379239
YLR197W,0.45699952221691353,40.66714030304238,705.875,2332.1666666666674,92,1,41.66714030304238
YLR221C,0.5357142857142857,0.49264066795571615,14.166666666666666,47.5,8,0,1.4926406679557163
YPR010C,0.432258064516129,10.43332731075611,71.5,80.17341269841269,31,1,11.43332731075611
YMR080C,0.054945054945054944,0.3857272139625081,7.5,8.3,14,0,1.385727213962508
YBR144C,0.0,0.0,0.0,0.0,2,0,0.0
YBR145W,0.0,0.0,0.0,0.0,2,0,0.0
YFR049W,0.3761904761904762,6.499186682882334,64.5,19.916666666666668,21,0,7.499186682882334
YHR075C,0.8571428571428571,6.871785137059737,0.0,28.666666666666668,14,0,7.871785137059737
YIL070C,1.0,0.26629375370794134,9.0,4.0,3,0,1.2662937537079413
YKL142W,0.45614035087719296,6.6153748806494805,36.0,28.666666666666668,19,0,7.6153748806494805
YPR166C,1.0,6.871785137059737,0.0,28.666666666666668,13,0,7.871785137059737
YBR149W,0.0,0.0,0.0,0.0,2,0,0.0
YDL211C,0.0,0.0,0.0,0.0,1,0,0.0
YNL128W,0.0,0.0,0.0,1.5,1,0,1.0
YBR152W,0.2,0.3215174129353234,9.0,9.333333333333332,6,1,1.3215174129353233
YGL128C,0.6666666666666666,0.36858564321250886,4.75,2.5,4,1,1.368585643212509
YLR424W,0.10952380952380952,1.0914424860853433,13.0,22.12222222222222,21,1,2.0914424860853433
YBR154C,0.4166666666666667,16.04220852328286,366.0,237.7277777777778,40,1,17.04220852328286
YDL150W,0.8538011695906432,10.813414905381315,121.5,47.35912698412699,19,1,11.813414905381315
YDR045C,0.7111111111111111,2.3180009936445862,30.0,16.75,10,1,3.3180009936445862
YDR156W,0.8571428571428571,5.478251052119923,28.0,80.0,14,0,6.478251052119923
YDR404C,0.7647058823529411,9.314656566361574,129.75,148.7309523809524,18,1,10.314656566361574
YER071C,0.0,0.0,0.0,0.0,10,0,0.0
YFL023W,0.0,0.0,0.0,0.0,5,1,0.0
YGR005C,0.6323529411764706,6.997317097442713,227.0,201.0,17,1,7.997317097442713
YGR063C,0.803030303030303,4.465501180049726,60.25,76.31190476190477,12,0,5.465501180049726
YGR186W,0.8241758241758241,5.901847670558019,152.5,76.38690476190476,14,1,6.901847670558019
YHR143WA,0.5443349753694581,13.686295549293465,0.0,82.08888888888889,29,0,14.686295549293465
YIL128W,0.08333333333333333,0.4785214785214785,2.0,13.5,9,0,1.4785214785214786
YJL011C,0.9010989010989011,6.466331398195119,89.5,40.75,14,1,7.466331398195119
YJL148W,1.0,5.478251052119921,0.0,25.261507936507936,13,0,6.478251052119921
YKL144C,0.6702898550724637,12.78520639278784,130.5,83.58333333333333,24,1,13.78520639278784
YLR384C,0.37777777777777777,1.63563128501209,13.0,17.857142857142858,10,0,2.63563128501209
YLR418C,0.7083333333333334,6.254368733886765,147.5,75.13214285714285,16,0,7.254368733886765
YML010W,0.5163398692810458,6.617066265905276,42.5,106.95,18,1,7.617066265905276
YNL113W,0.5423280423280423,13.282696143189147,74.0,101.53571428571428,28,1,14.282696143189147
YNL151C,0.9415204678362573,11.856100798697582,121.5,108.91666666666666,19,1,12.856100798697582
YNL248C,0.8809523809523809,13.29069331226824,63.0,48.02579365079365,21,0,14.29069331226824
YOL005C,0.8602941176470589,9.491127154596867,247.0,213.58333333333331,17,1,10.491127154596867
YOR151C,0.43655913978494626,11.947047031724178,262.0,211.66923011628893,31,1,12.947047031724178
YOR207C,0.4071969696969697,11.940231863716829,178.83333333333331,66.23134920634921,33,1,12.940231863716829
YOR210W,0.48295454545454547,14.753647977559451,93.25,123.8277777777778,33,1,15.753647977559451
YOR224C,0.4746031746031746,16.120894921230988,308.3,215.57142857142856,36,1,17.120894921230988
YOR340C,0.7282608695652174,14.001598667282233,83.6,162.66666666666666,24,1,15.001598667282233
YPR187W,0.4438122332859175,16.099853392053646,181.0,183.63769841269843,38,1,17.099853392053646
YPR190C,0.7965367965367965,12.776165319452263,73.16666666666666,44.48412698412699,22,1,13.776165319452263
YBR155W,0.14285714285714285,0.7515545336013113,4.5,6.800000000000001,8,1,1.7515545336013112
YDR463W,0.0,0.0,0.0,0.0,1,0,0.0
YGR187C,0.16666666666666666,0.1462701121404193,0.0,0.0,4,0,1.1462701121404193
YJR032W,0.3,0.7783613445378151,0.0,2.9846153846153847,5,0,1.778361344537815
YLL026W,0.027777777777777776,0.25,0.0,0.0,9,0,0.3611111111111111
YBR156C,1.0,0.7222222222222223,3.0,3.0,3,0,1.7222222222222223
YGR113W,0.05847953216374269,0.8758270730604184,9.0625,16.442857142857143,19,1,1.8758270730604183
YBR157C,0.0,0.0,0.0,0.0,1,0,0.0
YBR158W,0.0,0.0,0.0,0.0,1,1,0.0
YDR111C,0.0,0.0,0.0,0.0,1,0,0.0
YDL106C,0.0,0.0,0.0,0.0,4,0,0.0
YDR113C,0.0,0.0,0.0,18.2,6,1,1.0
YFL029C,0.0,0.0,0.0,0.0,4,1,0.0
YIL050W,0.0,0.0,0.0,0.0,7,0,0.0
YJR090C,0.08888888888888889,0.598989898989899,5.833333333333333,22.40692640692641,10,0,1.598989898989899
YKL108W,0.0,0.0,0.0,16.88888888888889,2,1,1.0
YKR077W,1.0,0.11688311688311688,0.0,74.0,2,0,1.1168831168831168
YMR199W,0.13636363636363635,1.5,0.0,73.23333333333332,12,0,2.5
YNL298W,0.1794871794871795,1.7712579178676915,0.0,25.7794955044955,13,0,2.7712579178676915
YNL309W,0.26666666666666666,0.7668831168831169,2.25,33.41121212121212,6,0,1.766883116883117
YPL256C,0.16666666666666666,1.8393939393939394,0.0,73.34761904761905,12,0,2.8393939393939394
YPR120C,0.02857142857142857,0.37662337662337664,0.0,76.0,15,1,1.3766233766233766
YBR161W,0.0,0.0,0.0,0.0,1,0,0.0
YBR192W,0.0,0.0,0.0,0.0,3,1,0.0
YCR012W,0.14285714285714285,0.7832314744079449,13.1,8.4,8,1,1.783231474407945
YGR249W,0.0,0.0,0.0,0.0,10,0,0.0
YNL217W,0.0,0.0,0.0,0.0,1,0,0.0
YOL028C,0.0,0.0,0.0,0.0,1,0,0.0
YPR155C,0.0,0.0,0.0,0.0,2,0,0.0
YBR162WA,0.0,0.0,0.0,0.0,3,0,0.0
YIL027C,0.0,0.0,0.0,0.0,1,0,0.0
YML108W,0.0,0.0,0.0,0.0,3,0,0.0
YBR166C,0.3333333333333333,0.29166666666666663,0.0,0.0,3,0,1.2916666666666665
YDR127W,0.2857142857142857,1.2508980785296573,11.333333333333334,0.0,7,0,1.4793054049284018
YJR109C,0.25,1.7842314118629907,15.333333333333334,6.642857142857142,9,0,2.784231411862991
YBR168W,0.0,0.0,0.0,0.0,1,1,0.0
YIL077C,0.0,0.0,0.0,0.0,2,0,0.0
YBR170C,0.16666666666666666,0.3611111111111111,0.0,3.2222222222222223,4,0,1.3611111111111112
YDR259C,0.03260869565217391,0.42556335279975543,39.333333333333336,32.2,24,0,1.4255633527997555
YGR048W,0.06666666666666667,0.6388888888888888,0.0,4.909090909090909,10,1,1.6388888888888888
YBR171W,0.19047619047619047,1.3333333333333333,12.666666666666666,7.033333333333333,7,0,2.333333333333333
YCL057W,0.0,0.0,0.0,0.0,1,0,0.0
YDR245W,0.26666666666666666,1.5666666666666667,5.388888888888889,6.116666666666666,6,0,2.5666666666666664
YLR292C,0.5,1.2333333333333334,10.333333333333332,6.666666666666668,4,0,2.2333333333333334
YOR254C,0.4,1.6,5.944444444444444,6.083333333333334,5,1,2.6
YPL094C,0.2,1.1333333333333333,10.0,5.083333333333334,6,1,2.1333333333333333
YBR172C,1.0,0.18382352941176472,0.0,0.0,2,0,1.1838235294117647
YKL074C,0.1388888888888889,0.6336898395721925,0.0,2.05,9,0,1.6336898395721926
YBR174C,0.0,0.0,0.0,0.0,1,0,0.0
YHR177W,0.0,0.0,0.0,0.0,3,0,0.0
YIL160C,0.3333333333333333,0.7301587301587301,2.388888888888889,3.333333333333333,4,0,1.7301587301587302
YOR047C,0.0071301247771836,0.20692382105425583,1.3333333333333333,22.125,34,0,1.2069238210542559
YBR176W,0.14285714285714285,0.13979556870964066,0.0,43.333333333333336,7,0,1.1397955687096406
YLR291C,0.08465608465608465,2.286993603411513,0.0,73.26666666666667,28,1,3.286993603411513
YBR178W,0.0,0.0,0.0,0.0,1,0,0.0
YHR122W,0.0,0.0,0.0,0.0,5,1,0.0
YBR179C,0.0,0.0,0.0,0.0,1,0,0.0
YBR180W,0.0,0.0,0.0,0.0,1,0,0.0
YBR184W,0.0,0.0,0.0,0.0,2,0,0.0
YNL225C,0.3333333333333333,0.45882352941176474,4.5,1.0,4,1,1.4588235294117649
YBR185C,0.0,0.0,0.0,0.0,1,0,0.0
YBR186W,0.0,0.0,0.0,0.0,2,0,0.0
YBR187W,0.0,0.0,0.0,0.0,3,0,0.0
YNR032W,0.1,0.18803418803418803,0.0,2.225,5,0,1.188034188034188
YPR171W,0.13333333333333333,0.4389784621982765,2.6666666666666665,4.047979797979798,10,0,1.4389784621982766
YBR188C,0.2,0.2358974358974359,3.0,0.0,5,0,1.0837235228539577
YBR190W,0.0,0.0,0.0,0.0,1,1,0.0
YER078C,0.0,0.0,0.0,0.0,4,0,0.0
YBR193C,0.13333333333333333,0.2294688652648465,12.5,17.517857142857142,10,1,1.2294688652648464
YEL037C,0.1471861471861472,2.018845811668435,13.25,27.839285714285715,22,0,3.018845811668435
YOR264W,0.0,0.0,0.0,0.0,27,0,0.0
YBR194W,0.0,0.0,0.0,0.0,1,0,0.0
YPR152C,0.0,0.0,0.0,0.0,3,0,0.0
YBR195C,0.16666666666666666,0.5333333333333333,1.0,15.6,4,0,1.5333333333333332
YHR004C,0.0,0.0,0.0,0.0,1,0,0.0
YML102W,0.3333333333333333,0.5333333333333333,4.5,4.783333333333333,3,0,1.5333333333333332
YPR018W,0.26666666666666666,1.3333333333333335,13.0,13.8,6,0,2.3333333333333335
YBR196C,0.3333333333333333,0.1588235294117647,4.5,0.0,3,1,1.1588235294117646
YBR197C,0.0,0.0,0.0,0.0,3,0,0.0
YDR145W,0.5882352941176471,7.334082818118356,24.5,84.37474747474747,18,1,8.334082818118356
YDR167W,0.17142857142857143,5.652206836511657,36.5,74.12439782439782,35,1,6.652206836511657
YFR051C,0.46153846153846156,4.832005708716235,34.75,36.27579365079365,13,1,5.832005708716235
YGL112C,0.28698752228163993,8.910307215260772,48.5,128.1764874014874,34,1,9.910307215260772
YGR274C,0.3952569169960474,7.383763491584193,42.0,80.1158416746652,23,1,8.383763491584194
YHR099W,0.23636363636363636,1.4375023680969972,8.0,3.666666666666667,11,1,2.437502368096997
YHR137W,0.0,0.0,0.0,0.0,2,0,0.0
YML015C,0.49122807017543857,6.580214141777005,29.0,126.25,19,1,7.580214141777005
YML061C,0.0,0.0,0.0,0.0,2,0,0.0
YML098W,0.7523809523809524,6.505036421936408,16.5,149.33333333333331,15,1,7.505036421936408
YMR227C,1.0,6.3780522949522815,13.0,66.26884226884226,13,1,7.3780522949522815
YMR236W,0.35507246376811596,6.969336562067749,29.333333333333332,114.44444444444444,24,1,7.969336562067749
YPL011C,0.6544117647058824,7.116177315484086,27.5,129.25,17,1,8.116177315484087
YPR072W,0.38181818181818183,2.596081195345901,78.975,31.12380952380952,11,0,3.596081195345901
YEL043W,0.13333333333333333,0.6602861329368308,0.0,6.875,10,0,1.6602861329368308
YGR134W,0.0,0.0,0.0,0.0,2,0,0.0
YBR201W,0.0,0.0,0.0,0.0,3,0,0.0
YBR203W,0.0,0.0,0.0,0.0,1,0,0.0
YKL006CA,0.0,0.0,0.0,0.0,3,0,0.0
YBR204C,0.0,0.0,0.0,0.0,1,0,0.0
YPL096W,0.0,0.0,0.0,0.0,2,0,0.0
YDL101C,0.0,0.0,0.0,9.333333333333334,8,0,1.0
YFL038C,0.125,1.9345648434812521,20.770833333333336,32.09314863245069,17,1,2.934564843481252
YHR105W,0.0,0.0,0.0,14.0,5,0,1.0
YPR107C,0.6727272727272727,4.692942242942244,33.5,41.766666666666666,11,1,5.692942242942244
YBR207W,0.0,0.0,0.0,0.0,3,0,0.0
YFL041W,0.0,0.0,0.0,0.0,1,0,0.0
YOR068C,0.0,0.0,0.0,0.0,1,0,0.0
YBR208C,0.0,0.0,0.0,0.0,1,0,0.0
YBR209W,0.0,0.0,0.0,0.0,1,0,0.0
YBR211C,0.0,0.0,0.0,0.0,5,1,0.0
YGR179C,0.0,0.0,0.0,0.0,2,1,0.0
YLR052W,0.06666666666666667,0.4,2.0,1.2,6,0,1.4
YBR212W,0.0,0.0,0.0,0.0,1,0,0.0
YMR206W,0.0,0.0,0.0,0.0,3,0,0.0
YBR214W,0.0,0.0,0.0,0.0,1,0,0.0
YBR215W,0.0,0.0,0.0,0.0,1,0,0.0
YBR216C,0.6666666666666666,0.16967281879194632,13.333333333333332,35.0,3,0,1.1696728187919463
YML007W,0.19444444444444445,0.3629728877238053,14.083333333333332,15.125,9,0,1.3629728877238052
YDR022C,0.16666666666666666,0.09184845005740529,4.0,4.6,4,0,1.0918484500574053
YDR465C,0.16666666666666666,0.08363448631905009,2.25,6.666666666666667,4,0,1.0836344863190501
YGL078C,0.0,0.0,0.0,0.0,1,0,0.0
YLL042C,0.0,0.0,0.0,0.0,2,0,0.0
YLR031W,0.0,0.0,0.0,0.0,2,0,0.0
YML055W,0.06666666666666667,0.4,0.0,0.0,6,0,0.5666666666666667
YMR159C,0.02564102564102564,0.20657675657675656,4.0,16.615384615384617,13,0,1.2065767565767564
YBR218C,0.3333333333333333,0.578088578088578,6.0,2.880952380952381,4,0,1.578088578088578
YGL062W,0.3333333333333333,0.6538461538461537,3.0,4.057142857142857,4,0,1.6538461538461537
YLR438W,0.06666666666666667,0.6666666666666667,12.5,4.5,10,0,1.6666666666666667
YBR219C,0.0,0.0,0.0,0.0,1,0,0.0
YBR220C,0.0,0.0,0.0,0.0,1,0,0.0
YBR221C,0.25,1.5208855472013367,4.0,12.27777777777778,8,0,2.5208855472013365
YGR193C,0.2857142857142857,1.8357142857142859,14.5,18.5,8,0,2.835714285714286
YLR218C,0.0,0.0,0.0,0.0,1,0,0.0
YNL071W,0.7,1.6626984126984128,7.5,27.33333333333333,5,0,2.662698412698413
YBR223C,0.0,0.0,0.0,4.4,1,0,1.0
YBR225W,0.0,0.0,0.0,0.0,1,0,0.0
YGL197W,0.0,0.0,0.0,0.0,2,0,0.0
YBR226C,0.0,0.0,0.0,0.0,1,0,0.0
YDL049C,0.0,0.0,0.0,0.0,4,0,0.0
YBR228W,0.0,0.0,0.0,0.0,2,0,0.0
YLR135W,0.06666666666666667,0.028381642512077296,1.0,2.0,6,0,1.0283816425120773
YBR230C,0.0,0.0,0.0,0.0,2,0,0.0
YDR506C,0.0,0.0,0.0,0.0,1,0,0.0
YOR014W,0.0,0.0,0.0,0.0,5,0,0.0
YBR231C,0.0,0.0,0.0,0.0,3,0,0.0
YNR030W,0.0,0.0,0.0,0.0,1,0,0.0
YBR233W,0.0,0.0,0.0,0.0,1,0,0.0
YBR234C,0.4888888888888889,3.998301088990055,12.5,23.428571428571438,10,1,4.998301088990055
YDL029W,0.42424242424242425,4.219820064636975,9.0,19.832900432900438,12,1,5.219820064636975
YIL062C,1.0,3.682720057720058,6.0,19.0,6,1,4.682720057720058
YJR065C,0.41818181818181815,3.8995372443648306,16.333333333333336,17.56854256854257,11,1,4.899537244364831
YKL013C,0.5833333333333334,4.184967185466278,8.0,13.876623376623378,9,1,5.184967185466278
YLR370C,0.7142857142857143,3.682720057720058,6.0,14.885714285714284,7,0,4.682720057720058
YBR235W,0.0,0.0,0.0,0.0,1,0,0.0
YBR237W,0.0,0.0,0.0,0.0,1,1,0.0
YDR073W,0.32051282051282054,3.4736842105263155,56.333333333333336,17.22222222222222,13,0,4.473684210526315
YBR238C,0.0,0.0,0.0,0.0,1,0,0.0
YKR043C,0.0,0.0,0.0,0.0,1,0,0.0
YBR239C,0.0,0.0,0.0,0.0,3,0,0.0
YPL133C,0.0,0.0,0.0,0.0,3,0,0.0
YBR240C,0.0,0.0,0.0,0.0,1,0,0.0
YBR241C,0.0,0.0,0.0,0.0,1,0,0.0
YBR242W,0.0,0.0,0.0,0.0,1,0,0.0
YBR243C,0.0,0.0,0.0,0.0,1,1,0.0
YBR244W,0.0,0.0,0.0,0.0,1,0,0.0
YBR246W,0.0,0.0,0.0,0.0,1,0,0.0
YDR520C,0.0,0.0,0.0,0.0,2,0,0.0
YML130C,0.26666666666666666,0.6986441475688787,6.0,0.0,6,1,1.0803358393902522
YMR093W,0.6474576271186441,33.571537902489546,328.45833333333337,781.5999999999998,60,1,34.571537902489546
YBR248C,0.0,0.0,0.0,0.0,1,0,0.0
YBR249C,0.0,0.0,0.0,0.0,4,0,0.0
YEL047C,0.0,0.0,0.0,0.0,1,0,0.0
YGL026C,0.1,0.3055555555555556,0.0,22.0,5,0,1.3055555555555556
YOR050C,0.0,0.0,0.0,0.0,1,0,0.0
YBR250W,0.0,0.0,0.0,0.0,2,0,0.0
YML038C,0.0,0.0,0.0,0.0,6,0,0.0
YNL012W,0.0,0.0,0.0,0.0,2,0,0.0
YDL138W,0.0,0.0,0.0,0.0,13,0,0.0
YLR439W,0.7631578947368421,8.959982268800182,15.0,17.75,20,0,9.959982268800182
YLL037W,0.0,0.0,0.0,0.0,2,1,0.0
YBR253W,0.5947712418300654,7.756293751810632,18.0,160.5,18,1,8.756293751810631
YCR081W,0.6923076923076923,5.79395611129276,13.0,28.468406593406595,14,0,6.79395611129276
YDR308C,0.4152046783625731,5.504985706204338,32.33333333333333,105.22619047619048,19,1,6.504985706204338
YGR104C,0.6666666666666666,6.982123359589448,16.0,92.28571428571428,16,0,7.982123359589448
YLR071C,0.49707602339181284,7.114583264334675,16.0,75.2973137973138,19,1,8.114583264334675
YMR112C,0.6666666666666666,0.6927600725663244,5.0,38.33333333333333,6,1,1.6927600725663243
YNL236W,0.14130434782608695,3.153662557515809,57.58333333333333,60.392857142857146,24,0,4.153662557515808
YOL051W,0.4632352941176471,5.98443277362617,16.0,52.2781746031746,17,0,6.98443277362617
YPL248C,0.14705882352941177,1.742276318038864,12.5,41.013888888888886,17,0,2.742276318038864
YBR254C,0.23809523809523808,1.6666666666666665,4.0,7.2,7,1,2.6666666666666665
YDR472W,0.6666666666666666,1.4492063492063492,6.25,8.0,4,1,2.4492063492063494
YJR116W,0.0,0.0,0.0,0.0,2,0,0.0
YKR068C,0.6,2.6,7.25,4.733333333333333,5,1,3.6
YMR218C,0.0,0.0,0.0,0.0,2,1,0.0
YOR115C,0.4,1.7333333333333334,6.25,7.033333333333333,5,0,2.7333333333333334
YBR255W,0.0,0.0,0.0,0.0,1,0,0.0
YPL138C,0.23809523809523808,1.1955128205128205,10.0,18.93073593073593,7,0,2.1955128205128203
YBR260C,0.06666666666666667,0.07575757575757576,0.0,0.75,6,0,1.0757575757575757
YGR196C,0.0,0.0,0.0,0.0,3,0,0.0
YIL118W,0.10714285714285714,0.1858974358974359,0.0,3.625,8,1,1.185897435897436
YJL058C,0.0,0.0,0.0,0.0,12,0,0.0
YKR055W,0.0,0.0,0.0,5.5,6,0,1.0
YBR261C,0.0,0.0,0.0,0.0,1,0,0.0
YBR262C,0.0,0.0,0.0,0.0,1,0,0.0
YBR263W,0.0,0.0,0.0,0.0,2,0,0.0
YML018C,0.0,0.0,0.0,0.0,2,0,0.0
YBR264C,0.3333333333333333,0.21145510835913311,4.333333333333333,16.0,4,0,1.2114551083591332
YGL161C,0.15789473684210525,3.1210526315789475,156.5,98.0,20,0,4.121052631578948
YGL198W,0.18571428571428572,3.832824733989159,125.20833333333334,65.944880481837,21,0,4.832824733989159
YNL263C,0.1437908496732026,2.4911764705882344,30.687499999999993,33.84694905907721,18,1,3.4911764705882344
YCR107W,0.0,0.0,0.0,0.0,3,0,0.0
YLR255C,0.0,0.0,0.0,0.0,1,0,0.0
YBR266C,0.0,0.0,0.0,0.0,1,0,0.0
YPR031W,0.0,0.0,0.0,0.0,1,0,0.0
YCR072C,0.6923076923076923,1.4990607467692447,56.91666666666667,34.61507936507937,13,1,2.4990607467692447
YER002W,0.9532019704433498,10.846004302433544,276.5833333333333,569.6666666666667,29,0,11.846004302433544
YJL122W,1.0,0.09090532479010163,5.0,6.666666666666667,3,0,1.0909053247901017
YDR405W,0.7351778656126482,11.392469905977972,17.0,46.33333333333333,23,0,12.392469905977972
YBR269C,0.0,0.0,0.0,0.0,1,0,0.0
YBR270C,0.030303030303030304,0.5542249228167462,0.0,106.0,22,0,1.5542249228167462
YER093C,0.0,0.0,0.0,0.0,5,1,0.0
YFL047W,0.0,0.0,0.0,0.0,2,0,0.0
YHR077C,0.047619047619047616,0.24358974358974358,4.5,0.0,7,0,0.4390784653942549
YIL105C,0.10714285714285714,0.7083333333333333,6.527777777777778,0.9285714285714286,8,0,1.7083333333333333
YKR026C,0.10144927536231885,2.2476876987746555,0.0,35.75,24,0,3.2476876987746555
YNL004W,0.0,0.0,0.0,0.0,2,0,0.0
YNL018C,0.0,0.0,0.0,0.0,3,0,0.0
YNL047C,0.1111111111111111,0.8885281385281385,6.527777777777778,19.984126984126988,9,0,1.8885281385281385
YPL124W,0.07142857142857142,1.076719068122664,15.527777777777779,82.89999999999999,21,1,2.0767190681226637
YPL255W,0.05128205128205128,0.32032085561497325,7.666666666666667,43.5,13,1,1.3203208556149733
YBR271W,0.0,0.0,0.0,0.0,2,0,0.0
YEL034W,0.1,0.12698412698412698,3.0,1.5,5,1,1.126984126984127
YBR273C,0.0,0.0,0.0,0.0,1,0,0.0
YDR217C,0.0,0.0,0.0,2.4,3,0,1.0
YER171W,0.43956043956043955,5.655331155331155,11.0,27.30016278441201,14,1,6.655331155331155
YJL036W,0.0,0.0,0.0,0.0,4,0,0.0
YLR258W,0.10909090909090909,1.1727272727272728,0.0,18.0,11,0,2.172727272727273
YMR255W,0.14285714285714285,0.6666666666666666,7.0,19.0,7,0,1.6666666666666665
YNL234W,0.0,0.0,0.0,0.0,4,0,0.0
YNR013C,0.0,0.0,0.0,0.0,2,0,0.0
YBR275C,1.0,0.15551537070524413,2.0,0.0,2,0,1.1555153707052441
YNL216W,0.07142857142857142,0.3805153707052441,3.0,0.0,8,1,0.5682307087116597
YBR277C,0.0,0.0,0.0,0.0,1,0,0.0
YDR448W,0.01282051282051282,0.15476190476190477,2.0,0.5333333333333333,13,0,1.1547619047619047
YIL006W,0.0,0.0,0.0,0.0,1,0,0.0
YLR181C,0.0,0.0,0.0,0.0,1,0,0.0
YBR279W,0.2857142857142857,0.8559462381443805,20.0,8.125,8,0,1.8559462381443805
YDR138W,1.0,0.16246498599439774,2.0,0.0,2,0,1.1624649859943976
YBR280C,0.0,0.0,0.0,0.0,1,0,0.0
YBR281C,0.0,0.0,0.0,0.0,3,0,0.0
YNL191W,0.0,0.0,0.0,0.0,3,0,0.0
YBR283C,0.0,0.0,0.0,0.0,2,0,0.0
YIL162W,0.0,0.0,0.0,0.0,5,0,0.0
YLR311C,0.0,0.0,0.0,0.0,2,1,0.0
YBR284W,0.0,0.0,0.0,0.0,3,0,0.0
YDL238C,0.0,0.0,0.0,0.0,1,0,0.0
YMR138W,0.0,0.0,0.0,0.0,3,0,0.0
YBR285W,0.0,0.0,0.0,0.0,2,0,0.0
YIL049W,0.0,0.0,0.0,0.0,2,0,0.0
YPR156C,0.0,0.0,0.0,0.0,3,0,0.0
YBR286W,0.0,0.0,0.0,0.0,2,0,0.0
YPL200W,0.0,0.0,0.0,0.0,2,0,0.0
YPL195W,0.26666666666666666,1.3444444444444443,7.277777777777778,0.0,6,0,1.5427915518824609
YHL025W,0.5833333333333334,3.180263157894737,54.333333333333336,14.666666666666666,9,0,4.180263157894737
YPL016W,0.3076923076923077,3.2062480396357644,3.3333333333333335,19.72222222222222,13,1,4.206248039635764
YPR034W,0.45588235294117646,6.962075476123463,64.33333333333334,49.67222222222224,17,1,7.962075476123463
YBR291C,0.0,0.0,0.0,0.0,1,0,0.0
YBR293W,0.0,0.0,0.0,0.0,1,0,0.0
YBR295W,0.0,0.0,0.0,0.0,1,0,0.0
YKR091W,0.0,0.0,0.0,0.0,3,0,0.0
YBR296C,0.0,0.0,0.0,0.0,3,0,0.0
YHR188C,0.0,0.0,0.0,5.333333333333333,3,1,1.0
YLR137W,0.0,0.0,0.0,0.0,1,0,0.0
YML089C,0.0,0.0,0.0,0.0,1,0,0.0
YBR299W,0.0,0.0,0.0,0.0,1,0,0.0
YBR301W,0.0,0.0,0.0,0.0,1,0,0.0
YBR302C,0.0,0.0,0.0,0.0,3,0,0.0
YPL105C,0.13333333333333333,0.29177807486631013,2.0,2.0090909090909093,6,0,1.2917780748663101
YPR063C,0.0,0.0,0.0,0.0,1,0,0.0
YCL004W,0.0,0.0,0.0,0.0,1,1,0.0
YCL005W,0.0,0.0,0.0,0.0,1,0,0.0
YCL007C,0.0,0.0,0.0,0.0,1,0,0.0
YCL008C,0.3,0.6951871657754011,0.0,1.6,5,0,1.6951871657754012
YJL172W,0.3333333333333333,0.29545454545454547,0.0,0.0,3,0,1.2954545454545454
YLR119W,0.16666666666666666,0.3449612403100775,1.5,2.5,4,0,1.3449612403100775
YPL065W,1.0,0.29545454545454547,0.0,1.6666666666666667,2,0,1.2954545454545454
YCL009C,0.0,0.0,0.0,0.0,4,0,0.0
YMR108W,0.1,0.2857142857142857,2.0,0.5714285714285714,5,1,1.2857142857142856
YCL010C,0.0,0.0,0.0,0.0,5,0,0.0
YMR223W,0.0,0.0,0.0,0.0,3,0,0.0
YPL254W,0.0,0.0,0.0,0.0,2,0,0.0
YCL011C,0.0,0.0,0.0,0.0,3,0,0.0
YDR120C,0.16666666666666666,0.14090909090909093,1.3333333333333333,0.0,4,0,1.1409090909090909
YFL034CB,0.0,0.0,0.0,0.0,6,0,0.0
YCL012W,0.0,0.0,0.0,0.0,4,0,0.0
YIL104C,0.0,0.0,0.0,0.0,5,1,0.0
YJR092W,0.0,0.0,0.0,0.0,2,0,0.0
YCL014W,0.047619047619047616,0.16666666666666666,0.0,2.0075757575757573,7,0,1.1666666666666667
YLR189C,0.0,0.0,0.0,0.0,2,0,0.0
YLR371W,0.038461538461538464,0.4405594405594405,0.0,2.1666666666666665,13,1,1.4405594405594404
YCL016C,0.0,0.0,0.0,0.0,5,0,0.0
YHL023C,0.0,0.0,0.0,0.0,1,0,0.0
YHR191C,0.0,0.0,0.0,0.0,2,0,0.0
YLR123C,0.0,0.0,0.0,0.0,1,0,0.0
YCL019W,0.16666666666666666,0.6666666666666666,0.0,0.0,4,0,0.9166666666666666
YDR261WA,0.3333333333333333,1.3333333333333333,0.0,0.0,4,0,1.5833333333333333
YDR261WB,0.6666666666666666,1.3333333333333333,0.0,0.0,3,0,1.8333333333333333
YHR189W,0.0,0.0,0.0,0.0,2,0,0.0
YOL030W,0.0,0.0,0.0,0.0,3,0,0.0
YCL020W,0.16666666666666666,0.6666666666666666,0.0,0.0,4,0,0.9166666666666666
YCL023C,0.0,0.0,0.0,0.0,2,0,0.0
YML008C,0.0,0.0,0.0,0.0,7,0,0.0
YCL024W,0.7333333333333333,1.9833004972323858,27.333333333333332,10.666666666666666,6,0,2.9833004972323858
YCR002C,0.8571428571428571,3.6644016458257944,18.0,17.616694090223504,7,0,4.664401645825794
YDR507C,0.3181818181818182,3.2147414661884985,25.666666666666668,21.616694090223504,12,0,4.2147414661884985
YJR076C,0.14736842105263157,2.921804511278195,28.25,33.68023740964918,20,1,3.921804511278195
YKR048C,0.06315789473684211,0.7636042726585235,14.0,16.59345238095238,20,0,1.7636042726585235
YLR314C,0.2878787878787879,2.9940895018294396,20.416666666666668,22.52027972027972,12,1,3.9940895018294396
YCL025C,0.0,0.0,0.0,0.0,1,0,0.0
YIR038C,0.014285714285714285,0.3,7.666666666666666,0.0,21,0,0.3476190476190476
YCL026CA,0.0,0.0,0.0,0.0,5,0,0.0
YCR048W,0.0,0.0,0.0,0.0,2,0,0.0
YLR177W,0.0,0.0,0.0,0.0,4,0,0.0
YER032W,0.015151515151515152,0.16233766233766234,0.0,2.2403846153846154,12,0,1.1623376623376624
YER149C,0.027777777777777776,0.18382352941176472,0.0,0.1666666666666666,9,0,1.090490196078431
YGR070W,0.0,0.0,0.0,0.0,1,0,0.0
YIL159W,0.044444444444444446,0.26489211534583584,0.0,0.0,10,0,0.4326753065760429
YIR014W,0.0,0.0,0.0,0.0,3,0,0.0
YKL092C,0.0,0.0,0.0,0.0,4,0,0.0
YKL105C,0.0,0.0,0.0,0.0,1,0,0.0
YKR023W,0.0,0.0,0.0,0.0,1,0,0.0
YKR101W,0.2,0.21063218390804597,0.0,2.1022727272727275,5,0,1.210632183908046
YML058W,0.1,0.45,1.0,25.25,5,0,1.45
YNL058C,0.0,0.0,0.0,0.0,2,0,0.0
YPR008W,0.0,0.0,0.0,0.0,2,0,0.0
YCL028W,0.16666666666666666,0.149568552253116,2.9166666666666665,6.0,4,1,1.149568552253116
YDR188W,0.3181818181818182,3.818181818181818,7.0,4.0,12,1,4.818181818181818
YOR027W,0.17857142857142858,0.9786683904330963,11.0,9.857142857142858,8,0,1.9786683904330964
YCL029C,0.2,0.6928571428571428,5.666666666666666,3.5166666666666666,5,0,1.6928571428571428
YER016W,0.16666666666666666,0.39285714285714285,4.5,2.8166666666666664,4,1,1.3928571428571428
YPL155C,0.3333333333333333,0.3,5.833333333333333,2.5,3,0,1.3
YCL030C,0.0,0.0,0.0,0.0,1,0,0.0
YCL031C,0.883855981416957,23.415682952300102,327.6666666666667,551.65,42,1,24.415682952300102
YDL148C,0.8153846153846154,20.292872241733395,96.91666666666667,223.0553085803086,40,1,21.292872241733395
YDR449C,0.5826932923707118,31.900879637393164,331.37500000000006,692.4452380952378,63,1,32.90087963739316
YOL082W,0.0392156862745098,0.5003944822434221,29.166666666666668,6.1761904761904765,18,0,1.500394482243422
YDL016C,0.0,0.0,0.0,0.0,1,1,0.0
YDR309C,0.15441176470588236,2.378296146044625,22.333333333333332,48.892857142857146,17,0,3.378296146044625
YDR386W,0.047619047619047616,0.03410059676044331,4.5,2.6944444444444446,7,0,1.0341005967604433
YER040W,0.07142857142857142,0.5714285714285714,25.4,0.0,8,0,0.6964285714285714
YER047C,0.047619047619047616,0.19047619047619047,0.0,0.0,7,0,0.44047619047619047
YHR061C,0.24358974358974358,2.3366294793779585,22.333333333333336,64.05357142857144,13,0,3.3366294793779585
YKL061W,0.08333333333333333,0.32718008467096116,13.333333333333332,7.0,9,0,1.3271800846709612
YKR020W,0.0,0.0,0.0,0.0,4,0,0.0
YLL049W,0.16666666666666666,0.04433713784021071,0.0,10.5,4,0,1.0443371378402106
YMR117C,0.07692307692307693,0.8764612692463009,9.5,27.8,14,1,1.8764612692463007
YNL086W,0.03636363636363636,0.2849673202614379,9.333333333333334,10.0,11,0,1.2849673202614378
YOL043C,0.0,0.0,0.0,0.0,3,0,0.0
YOL123W,0.16483516483516483,1.2178650943133862,25.333333333333332,6.2398767898767895,14,1,2.217865094313386
YPR051W,0.0,0.0,0.0,0.0,1,0,0.0
YPR076W,0.0,0.0,0.0,0.0,1,0,0.0
YPR193C,0.1,0.04632034632034632,0.0,5.0,5,0,1.0463203463203463
YCL033C,0.0,0.0,0.0,0.0,1,0,0.0
YCL035C,0.0,0.0,0.0,0.0,2,0,0.0
YDR453C,0.0,0.0,0.0,0.0,3,0,0.0
YCL036W,0.0,0.0,0.0,0.0,1,0,0.0
YLR256W,0.0,0.0,0.0,0.0,3,0,0.0
YCL038C,0.0,0.0,0.0,0.0,3,0,0.0
YHR178W,0.0,0.0,0.0,0.0,13,0,0.0
YMR009W,0.0,0.0,0.0,0.0,4,0,0.0
YCL039W,0.0,0.0,0.0,6.666666666666667,1,0,1.0
YDR516C,0.0,0.0,0.0,0.0,3,0,0.0
YML099C,0.1111111111111111,0.9060457516339869,2.0,8.666666666666666,9,0,1.9060457516339868
YCL043C,0.0,0.0,0.0,0.0,3,1,0.0
YER189W,0.0,0.0,0.0,0.0,1,0,0.0
YML074C,0.0,0.0,0.0,0.0,2,0,0.0
YCL044C,0.0,0.0,0.0,0.0,1,0,0.0
YDL116W,0.0735632183908046,2.0216656617823197,10.925,38.65119047619048,30,0,3.0216656617823197
YCL045C,0.0,0.0,0.0,0.0,1,0,0.0
YCL046W,0.0,0.0,0.0,0.0,2,0,0.0
YGL115W,0.16363636363636364,1.6303030303030304,48.25,5.335714285714285,11,0,2.6303030303030304
YPL208W,0.0,0.0,0.0,0.0,3,0,0.0
YCL049C,0.0,0.0,0.0,0.0,1,0,0.0
YCL050C,0.0,0.0,0.0,0.0,1,0,0.0
YCL051W,0.0,0.0,0.0,0.0,3,0,0.0
YCL052C,0.0,0.0,0.0,0.0,1,1,0.0
YDR412W,0.5833333333333334,0.548597634603445,14.166666666666666,90.0,9,1,1.548597634603445
YNL154C,0.022222222222222223,0.2222222222222222,5.066666666666667,0.0,10,0,0.3222222222222222
YNL308C,0.5612535612535613,5.942257576792637,122.5,329.99999999999994,27,1,6.942257576792637
YGL036W,0.0,0.0,0.0,0.0,4,0,0.0
YMR147W,0.0,0.0,0.0,0.0,6,0,0.0
YNL196C,0.0,0.0,0.0,0.0,3,0,0.0
YCL056C,0.0,0.0,0.0,0.0,4,0,0.0
YDL157C,0.0,0.0,0.0,0.0,1,0,0.0
YNL100W,0.0,0.0,0.0,0.0,1,0,0.0
YOR037W,0.0,0.0,0.0,0.0,4,0,0.0
YCL058C,0.0,0.0,0.0,0.0,1,0,0.0
YDR457W,0.0,0.0,0.0,0.0,2,0,0.0
YER082C,0.7058823529411765,27.7075496626607,272.9583333333333,306.0030497280497,51,1,28.7075496626607
YJR041C,0.9090909090909091,1.6367945377536168,40.16666666666667,28.78333333333333,11,1,2.636794537753617
YCL061C,0.0,0.0,0.0,0.0,1,0,0.0
YCL062W,0.0,0.0,0.0,0.0,7,0,0.0
YER150W,0.0,0.0,0.0,0.0,2,0,0.0
YJL043W,0.0,0.0,0.0,0.0,2,0,0.0
YPL005W,0.0,0.0,0.0,0.0,3,0,0.0
YCL063W,0.0,0.0,0.0,0.0,8,0,0.0
YCL065W,0.0,0.0,0.0,0.0,1,0,0.0
YLR374C,0.0,0.0,0.0,0.0,1,0,0.0
YGR284C,0.0,0.0,0.0,0.0,1,0,0.0
YLR378C,0.06666666666666667,0.4,0.0,0.0,6,1,0.5666666666666667
YMR043W,0.13333333333333333,1.2312312312312312,9.5,7.333333333333334,10,1,2.2312312312312312
YCL067C,0.0,0.0,0.0,0.0,3,1,0.0
YCL069W,0.0,0.0,0.0,0.0,1,0,0.0
YCL076W,0.0,0.0,0.0,0.0,1,0,0.0
YOR209C,0.0,0.0,0.0,0.0,2,0,0.0
YCLX08C,0.0,0.0,0.0,0.0,5,0,0.0
YCR001W,0.0,0.0,0.0,0.0,1,0,0.0
YOR241W,0.0,0.0,0.0,0.0,1,0,0.0
YNL166C,0.47619047619047616,1.8397598273759264,10.0,22.6,7,0,2.8397598273759264
YIR039C,0.0,0.0,0.0,0.0,3,0,0.0
YCR004C,0.0,0.0,0.0,0.0,2,0,0.0
YLR253W,0.0,0.0,0.0,0.0,1,0,0.0
YCR005C,0.0,0.0,0.0,0.0,3,0,0.0
YJL042W,0.3333333333333333,0.1879432624113475,6.65,0.0,3,0,1.1879432624113475
YPL245W,0.0,0.0,0.0,0.0,2,0,0.0
YCR007C,0.0,0.0,0.0,0.0,2,0,0.0
YCR008W,0.0,0.0,0.0,1.818181818181818,1,0,1.0
YDR154C,0.0,0.0,0.0,0.0,2,0,0.0
YDR277C,0.022222222222222223,0.09965034965034966,0.0,7.5,10,0,1.0996503496503496
YDR395W,0.22727272727272727,1.1881339496841985,16.138888888888893,11.72857142857143,12,1,2.1881339496841985
YLR433C,0.045454545454545456,0.46328671328671334,0.0,0.0,12,0,0.5613999208338831
YMR192W,0.07142857142857142,0.16999666999667,1.5,2.4285714285714284,8,0,1.16999666999667
YMR232W,0.0,0.0,0.0,0.0,3,0,0.0
YCR011C,0.0,0.0,0.0,0.0,1,0,0.0
YHR174W,0.21212121212121213,2.2837641117052883,40.96666666666667,7.45,12,0,3.2837641117052883
YKL060C,0.3333333333333333,2.3431075460487225,0.0,8.350000000000001,9,1,3.3431075460487225
YNL006W,0.3333333333333333,0.23376623376623376,0.9,4.5,3,1,1.2337662337662338
YCR014C,0.0,0.0,0.0,2.8,3,0,1.0
YJL110C,0.09523809523809523,0.6190476190476191,37.2,4.3809523809523805,7,0,1.619047619047619
YOL085C,0.0,0.0,0.0,0.0,1,0,0.0
YOR005C,0.0,0.0,0.0,0.0,2,0,0.0
YCR016W,0.0,0.0,0.0,0.0,2,0,0.0
YDL231C,0.0,0.0,0.0,0.0,1,0,0.0
YCR021C,0.0,0.0,0.0,0.0,3,0,0.0
YJL068C,0.0,0.0,0.0,4.5,1,0,1.0
YCR022C,0.0,0.0,0.0,0.0,1,0,0.0
YCR023C,0.0,0.0,0.0,0.0,2,0,0.0
YMR075CA,0.0,0.0,0.0,0.0,1,0,0.0
YCR024C,0.0,0.0,0.0,0.0,1,0,0.0
YCR024CA,0.5,1.8333333333333333,0.0,0.0,4,0,2.106060606060606
YEL017CA,1.0,2.1666666666666665,0.0,0.0,3,0,2.628205128205128
YGL008C,1.0,2.1666666666666665,0.0,0.0,3,1,2.628205128205128
YPL036W,0.3,1.5,0.0,0.0,5,0,1.7
YCR027C,0.0,0.0,0.0,0.0,2,0,0.0
YDR158W,0.4,1.1818181818181819,0.0,2.2666666666666666,5,0,2.1818181818181817
YJR126C,0.0,0.0,0.0,0.0,2,0,0.0
YMR132C,0.0,0.0,0.0,0.0,1,0,0.0
YNL106C,0.0,0.0,0.0,0.0,7,0,0.0
YDR155C,0.027777777777777776,0.25,1.125,2.0,9,0,1.25
YDR381W,0.03571428571428571,0.07469654528478058,2.0,2.2976190476190474,8,1,1.0746965452847805
YOL068C,0.09523809523809523,0.5833333333333333,9.125,4.714285714285714,7,0,1.5833333333333333
YCR034W,0.3333333333333333,0.6666666666666666,12.6,0.0,3,0,1.1666666666666665
YGR032W,0.6666666666666666,0.892156862745098,24.7,0.0,3,0,1.6394096099978452
YLR342W,0.09523809523809523,0.5588235294117647,7.34,0.0,7,0,0.729249594574672
YOR049C,0.0,0.0,0.0,0.0,5,0,0.0
YHR081W,0.6,2.7815078316857083,45.166666666666664,16.4982683982684,10,0,3.7815078316857083
YOR001W,0.7636363636363637,4.131401920051904,27.333333333333336,21.508238983238986,11,0,5.131401920051904
YCR036W,0.0,0.0,0.0,0.0,1,0,0.0
YGL153W,0.06666666666666667,0.9999999999999999,5.666666666666666,27.08333333333333,15,0,2.0
YDR532C,0.0,0.0,0.0,0.0,5,1,0.0
YCR041W,0.0,0.0,0.0,0.0,5,0,0.0
YCR065W,0.0,0.0,0.0,0.0,1,0,0.0
YJL031C,0.3333333333333333,0.8333333333333333,0.0,1.6666666666666667,3,1,1.8333333333333333
YCR042C,0.0,0.0,0.0,0.0,1,1,0.0
YCR044C,0.0,0.0,0.0,0.0,1,0,0.0
YCR045C,0.0,0.0,0.0,0.0,1,0,0.0
YOR348C,0.0,0.0,0.0,0.0,4,0,0.0
YCR047C,0.0,0.0,0.0,0.0,2,0,0.0
YLR339C,0.0,0.0,0.0,0.0,4,1,0.0
YCR050C,0.0,0.0,0.0,0.0,1,0,0.0
YCR052W,0.48717948717948717,5.063391265597147,11.0,51.46666666666667,13,1,6.063391265597147
YGR056W,0.5606060606060606,4.995481462871909,24.25,42.46666666666667,12,0,5.995481462871909
YKR008W,0.5512820512820513,5.562826266870385,16.0,65.83333333333334,13,1,6.562826266870385
YLR321C,0.20553359683794467,4.372486772486773,30.333333333333332,42.4062091503268,23,1,5.372486772486773
YLR357W,0.5757575757575758,5.210929144385027,14.0,35.09166666666667,12,0,6.210929144385027
YMR033W,0.7090909090909091,5.248857772774182,11.0,38.35947712418301,11,1,6.248857772774182
YOR213C,0.35,5.007602674993121,36.75,66.2,16,0,6.007602674993121
YOR232W,0.06060606060606061,0.5036699618789171,10.0,24.416666666666664,12,1,1.503669961878917
YCR053W,0.3055555555555556,2.4724025974025974,0.0,19.000000000000004,9,0,3.4724025974025974
YHR018C,0.3333333333333333,0.25,0.0,2.666666666666667,3,0,1.25
YHR208W,0.5,0.9318181818181819,0.0,0.0,4,0,1.4684035476718402
YLR027C,0.1388888888888889,1.2361111111111112,2.25,17.53333333333333,9,1,2.236111111111111
YLR134W,0.08333333333333333,0.7222222222222222,2.75,2.7666666666666666,9,0,1.7222222222222223
YPL028W,0.3333333333333333,0.46590909090909094,0.0,2.2666666666666666,4,1,1.4659090909090908
YCR054C,0.0,0.0,0.0,0.0,2,1,0.0
YGL019W,0.27,3.2721415055952363,0.0,95.39285714285714,25,0,4.272141505595236
YGR154C,0.0,0.0,0.0,0.0,2,0,0.0
YJL069C,0.792022792022792,9.269664593505116,134.375,205.0,27,1,10.269664593505116
YKL099C,0.8138528138528138,6.4547237076935895,114.79166666666667,75.62301587301586,22,1,7.4547237076935895
YKR060W,0.8150537634408602,11.817837058539173,113.50000000000001,365.33333333333326,31,0,12.817837058539173
YOR061W,0.3243589743589744,8.332325065754613,0.0,146.58873626373628,40,0,9.332325065754613
YPR144C,0.7667140825035562,16.357022171611778,206.70833333333331,345.0928571428572,38,1,17.357022171611778
YCR059C,0.0,0.0,0.0,0.0,5,0,0.0
YDR400W,0.0,0.0,0.0,0.0,1,0,0.0
YJL160C,0.0,0.0,0.0,0.0,1,0,0.0
YOL117W,0.0,0.0,0.0,0.0,3,0,0.0
YCR060W,0.0,0.0,0.0,0.0,1,0,0.0
YHR034C,0.0,0.0,0.0,0.0,3,0,0.0
YCR063W,0.0,0.0,0.0,0.0,1,0,0.0
YDR408C,0.16666666666666666,0.15756302521008403,0.0,2.083333333333333,4,0,1.157563025210084
YGL058W,0.0,0.0,0.0,0.0,7,0,0.0
YLR032W,0.0,0.0,0.0,0.0,2,0,0.0
YCR067C,0.0,0.0,0.0,0.0,2,0,0.0
YNL171C,0.0,0.0,0.0,0.0,3,0,0.0
YCR068W,0.0,0.0,0.0,0.0,1,0,0.0
YER019W,0.0,0.0,0.0,0.0,4,0,0.0
YCR071C,0.0,0.0,0.0,0.0,1,0,0.0
YLR006C,0.0,0.0,0.0,0.0,4,0,0.0
YCR076C,0.0,0.0,0.0,0.0,5,0,0.0
YDL139C,0.0,0.0,0.0,0.0,2,1,0.0
YDL216C,0.0,0.0,0.0,0.0,2,0,0.0
YDR141C,0.0,0.0,0.0,0.0,1,1,0.0
YDR389W,0.0,0.0,0.0,0.0,4,1,0.0
YER115C,0.16666666666666666,0.09330628803245436,0.0,20.0,4,0,1.0933062880324544
YGL143C,0.0,0.0,0.0,0.0,2,0,0.0
YIL154C,0.0,0.0,0.0,0.0,1,0,0.0
YMR002W,0.0,0.0,0.0,0.0,3,0,0.0
YNR027W,0.0,0.0,0.0,0.0,1,0,0.0
YCR079W,0.0,0.0,0.0,1.7777777777777777,2,0,1.0
YMR277W,0.0,0.0,0.0,0.0,2,1,0.0
YGR161CC,0.0,0.0,0.0,0.0,2,0,0.0
YOR023C,0.06666666666666667,0.06818181818181818,2.25,0.0,6,0,1.045959595959596
YDL105W,0.07142857142857142,0.4078144078144078,8.5,4.117857142857143,8,1,1.4078144078144077
YNL021W,0.10714285714285714,0.3802081494816854,13.333333333333334,7.089285714285714,8,0,1.3802081494816854
YCR086W,0.014285714285714285,0.2689655172413793,1.3333333333333333,6.428571428571429,21,0,1.2689655172413792
YDL089W,0.047619047619047616,0.29166666666666663,2.9166666666666665,10.0,7,1,1.2916666666666665
YDL214C,0.0,0.0,0.0,0.0,4,0,0.0
YDR061W,0.0,0.0,0.0,0.0,2,0,0.0
YDR439W,0.0,0.0,0.0,0.0,2,0,0.0
YER106W,0.0,0.0,0.0,0.0,1,1,0.0
YFL008W,0.10869565217391304,2.581090407177364,45.25,20.05277777777778,24,1,3.581090407177364
YGL175C,0.3333333333333333,0.023104852018923976,3.0,3.666666666666667,3,0,1.0231048520189239
YHR152W,0.02197802197802198,0.10656900191783913,0.0,28.5,14,0,1.1065690019178391
YKL077W,0.0,0.0,0.0,0.0,1,0,0.0
YKR010C,0.0,0.0,0.0,0.0,3,0,0.0
YML095C,0.13333333333333333,0.34134615384615385,3.0,16.2,6,0,1.3413461538461537
YOL020W,0.0,0.0,0.0,0.0,3,0,0.0
YOR281C,0.16666666666666666,0.3426791277258567,2.0,0.875,4,1,1.3426791277258567
YCR087CA,0.1,0.043412969283276454,0.0,0.0,5,0,1.0434129692832765
YKR092C,0.0,0.0,0.0,0.0,7,0,0.0
YLR265C,0.0,0.0,0.0,0.0,5,0,0.0
YCR087W,0.0,0.0,0.0,0.0,3,0,0.0
YDR146C,0.0,0.0,0.0,0.0,6,0,0.0
YDL047W,0.3,1.5,2.0,0.0,5,0,1.7
YDR129C,0.6666666666666666,0.15757575757575756,0.0,5.961988304093567,3,0,1.1575757575757575
YIR003W,0.0,0.0,0.0,0.0,4,0,0.0
YNL020C,0.0,0.0,0.0,0.0,3,1,0.0
YCR093W,0.32105263157894737,5.957197681097261,145.225,62.82380952380953,20,1,6.957197681097261
YDL165W,0.27485380116959063,5.0396851813327785,141.725,44.94761904761904,19,1,6.0396851813327785
YDR376W,0.0,0.0,0.0,0.0,2,1,0.0
YER068W,0.8,4.681772957005155,113.725,34.72619047619048,10,0,5.681772957005155
YMR005W,0.16666666666666666,0.06850459482038429,4.5,2.0,4,1,1.0685045948203844
YCR094W,0.0,0.0,0.0,0.0,2,0,0.0
YGL090W,0.0,0.0,0.0,13.0,5,0,1.0
YCR095C,0.0,0.0,0.0,0.0,4,0,0.0
YHL029C,0.0,0.0,0.0,0.0,1,0,0.0
YNL099C,0.0,0.0,0.0,18.0,4,0,1.0
YPL027W,0.0,0.0,0.0,0.0,1,0,0.0
YCR097W,0.0,0.0,0.0,0.0,1,0,0.0
YCR098C,0.0,0.0,0.0,0.0,2,0,0.0
YJL184W,0.0,0.0,0.0,0.0,4,1,0.0
YGR203W,0.0,0.0,0.0,0.0,2,0,0.0
YGR205W,0.0,0.0,0.0,0.0,4,0,0.0
YGR262C,0.0,0.0,0.0,0.0,2,0,0.0
YIL059C,0.0,0.0,0.0,0.0,2,0,0.0
YLR208W,0.38181818181818183,3.745454545454545,7.958333333333334,5.083333333333333,11,1,4.745454545454545
YCR100C,0.0,0.0,0.0,0.0,1,0,0.0
YIL110W,0.0,0.0,0.0,0.0,3,0,0.0
YCR101C,0.0,0.0,0.0,0.0,1,0,0.0
YOR114W,0.0,0.0,0.0,0.0,3,0,0.0
YCRX16C,0.1,0.043412969283276454,0.0,0.0,5,0,1.0434129692832765
YDL001W,0.0,0.0,0.0,0.0,5,0,0.0
YLR457C,0.0,0.0,0.0,0.0,6,1,0.0
YMR079W,0.0,0.0,0.0,0.0,1,1,0.0
YDL002C,0.2,0.5763157894736842,6.5,2.1666666666666665,5,0,1.5763157894736843
YER092W,0.3333333333333333,0.4893156170367674,7.833333333333333,5.017948717948719,4,0,1.4893156170367674
YDL003W,0.3333333333333333,1.474099784841473,8.0,10.244444444444444,7,1,2.474099784841473
YDR180W,0.16666666666666666,0.3333333333333333,2.0,2.355555555555556,4,1,1.3333333333333333
YFR027W,0.16666666666666666,0.3333333333333333,4.0,4.926984126984127,4,1,1.3333333333333333
YMR001C,0.047619047619047616,0.21014492753623187,0.0,2.083333333333333,7,1,1.210144927536232
YDL005C,0.3333333333333333,0.04980192416525184,2.0,10.125,3,0,1.0498019241652519
YDL006W,0.0,0.0,0.0,1.1111111111111112,4,0,1.0
YFR006W,1.0,1.67754421614604,8.0,117.5,9,0,2.67754421614604
YLR421C,0.9934640522875817,7.464830646705938,7.0,141.9333333333333,18,0,8.464830646705938
YDL011C,0.0,0.0,0.0,0.0,2,0,0.0
YEL023C,0.0,0.0,0.0,0.0,4,0,0.0
YDL012C,0.0,0.0,0.0,0.0,7,0,0.0
YDR151C,0.0,0.0,0.0,0.0,1,1,0.0
YFR047C,0.16666666666666666,0.023104852018923976,3.0,17.0,4,0,1.0231048520189239
YHR032W,0.0,0.0,0.0,0.0,1,0,0.0
YHR140W,0.0,0.0,0.0,0.0,2,0,0.0
YIL172C,0.0,0.0,0.0,0.0,1,0,0.0
YJL065C,0.0,0.0,0.0,0.0,3,0,0.0
YOR355W,0.0,0.0,0.0,0.0,11,0,0.0
YDL013W,0.07142857142857142,0.07652016059942299,1.0,0.0,8,1,1.0099809749656443
YER116C,0.0,0.0,0.0,0.0,2,0,0.0
YGR159C,0.0,0.0,0.0,0.0,2,1,0.0
YHR072WA,0.6666666666666666,0.3327838827838828,0.0,4.416666666666667,4,0,1.332783882783883
YMR229C,0.6551724137931034,7.40203748595321,195.875,161.70277777777778,29,1,8.40203748595321
YDL015C,0.0,0.0,0.0,0.0,1,1,0.0
YDL132W,0.058333333333333334,0.7787878787878787,10.5,32.964285714285715,16,1,1.7787878787878788
YDR173C,0.5,0.9722222222222222,8.5,3.7857142857142856,4,0,1.9722222222222223
YFR057W,0.0,0.0,0.0,0.0,1,0,0.0
YGR099W,0.0,0.0,0.0,0.0,2,1,0.0
YJL088W,0.0,0.0,0.0,0.0,1,0,0.0
YKL039W,0.0,0.0,0.0,0.0,1,0,0.0
YNR048W,0.0,0.0,0.0,0.0,2,0,0.0
YOR006C,0.0,0.0,0.0,0.0,2,0,0.0
YGR086C,0.0,0.0,0.0,0.0,6,0,0.0
YDL022W,0.0,0.0,0.0,0.0,1,0,0.0
YDL023C,0.0,0.0,0.0,0.0,1,0,0.0
YDL024C,0.0,0.0,0.0,0.0,1,0,0.0
YEL017W,0.045454545454545456,0.42272727272727273,7.666666666666666,0.0,12,0,0.5302541544477029
YDL026W,0.0,0.0,0.0,0.0,1,0,0.0
YDL028C,0.0,0.0,0.0,0.0,1,1,0.0
YDL209C,0.75,0.9452844774273345,24.5,12.433333333333334,8,1,1.9452844774273346
YDR421W,0.0,0.0,0.0,0.0,1,0,0.0
YDR485C,1.0,0.03267457180500659,4.5,2.25,2,0,1.0326745718050065
YML049C,0.8205128205128205,3.3064864219609045,59.5,54.16666666666667,13,1,4.306486421960905
YML104C,0.0,0.0,0.0,0.0,2,0,0.0
YMR288W,0.4,0.16919895822334846,4.0,5.716666666666667,5,1,1.1691989582233484
YPR143W,0.0,0.0,0.0,0.0,1,1,0.0
YDL035C,0.0,0.0,0.0,0.0,1,0,0.0
YDL036C,0.0,0.0,0.0,0.0,1,0,0.0
YDL037C,0.0,0.0,0.0,0.0,1,0,0.0
YDL040C,1.0,1.3333333333333333,2.0,4.25,2,0,2.333333333333333
YGR254W,0.16666666666666666,0.6666666666666666,2.0,2.5,4,0,1.6666666666666665
YHR013C,1.0,1.3333333333333333,2.0,2.75,2,0,2.333333333333333
YDL041W,0.0,0.0,0.0,0.0,2,0,0.0
YIR002C,0.1,0.18803418803418803,2.0,1.7272727272727273,5,0,1.188034188034188
YDL042C,0.14285714285714285,0.5189655172413793,1.0,3.786064425770308,7,0,1.5189655172413792
YDR363W,0.0,0.0,0.0,0.0,2,0,0.0
YNR023W,0.3,0.32675438596491224,3.0,9.11111111111111,5,0,1.3267543859649122
YOL017W,0.0,0.0,0.0,0.0,2,0,0.0
YDR131C,0.0,0.0,0.0,10.0,2,0,1.0
YDR409W,0.2,0.3628389154704944,3.4999999999999996,2.0723981900452486,5,0,1.3628389154704945
YER113C,0.0,0.0,0.0,0.0,2,0,0.0
YJL146W,0.0,0.0,0.0,0.0,1,0,0.0
YKL155C,0.0,0.0,0.0,0.0,1,0,0.0
YLL014W,0.0,0.0,0.0,0.0,1,0,0.0
YMR302C,0.0,0.0,0.0,0.0,1,0,0.0
YNL023C,0.0,0.0,0.0,4.0,4,0,1.0
YNL286W,0.0,0.0,0.0,0.0,1,0,0.0
YPL233W,0.0,0.0,0.0,0.0,2,1,0.0
YDR505C,0.0,0.0,0.0,0.0,2,1,0.0
YER086W,0.09090909090909091,0.8056022408963586,15.333333333333334,23.75,11,0,1.8056022408963586
YLR386W,0.038461538461538464,0.12799310938845823,2.0,4.5,13,0,1.1279931093884583
YDL045C,0.0,0.0,0.0,0.0,2,1,0.0
YDL046W,0.0,0.0,0.0,0.0,2,0,0.0
YFR040W,1.0,2.0,2.0,0.0,3,0,2.5
YJL098W,1.0,2.0,0.0,0.0,3,0,2.5
YKR028W,0.3,1.5,2.0,0.0,5,0,1.7
YNL187W,0.0,0.0,0.0,0.0,3,0,0.0
YMR289W,0.0,0.0,0.0,0.0,1,0,0.0
YOR311C,0.0,0.0,0.0,0.0,1,0,0.0
YDL050C,0.0,0.0,0.0,0.0,1,0,0.0
YIR001C,0.0,0.0,0.0,0.0,2,0,0.0
YDL052C,0.0,0.0,0.0,0.0,1,0,0.0
YDL053C,0.0,0.0,0.0,0.0,2,0,0.0
YDL054C,0.0,0.0,0.0,0.0,2,0,0.0
YER140W,0.0,0.0,0.0,0.0,3,0,0.0
YGR173W,0.0,0.0,0.0,8.666666666666666,5,0,1.0
YDL055C,0.16666666666666666,0.023104852018923976,6.0,1.4285714285714286,4,1,1.0231048520189239
YDL056W,0.0,0.0,0.0,0.0,2,0,0.0
YHR206W,0.1,0.2909090909090909,0.0,6.181818181818182,5,0,1.290909090909091
YLR182W,0.05555555555555555,0.40340909090909094,0.0,3.0,9,1,1.4034090909090908
YDL059C,0.0,0.0,0.0,0.75,3,0,1.0
YFL059W,0.25,2.1317114093959733,0.0,50.0,9,0,3.1317114093959733
YGR049W,0.0,0.0,0.0,0.0,3,0,0.0
YDR023W,0.0,0.0,0.0,0.0,2,1,0.0
YDR091C,0.5514705882352942,2.1985943811209747,61.58333333333333,55.65674603174603,17,1,3.1985943811209747
YKR024C,0.7647058823529411,3.165318040883176,114.20833333333334,55.06428571428571,17,0,4.165318040883176
YPL204W,0.07142857142857142,0.30357142857142855,6.377777777777778,2.1142857142857143,8,1,1.3035714285714286
YDL062W,0.0,0.0,0.0,0.0,1,0,0.0
YDL063C,0.0,0.0,0.0,0.0,2,0,0.0
YMR168C,0.5,0.8999999999999999,7.791666666666666,0.0,4,1,1.4555555555555555
YDR329C,0.0,0.0,0.0,0.0,2,0,0.0
YGR242W,0.0,0.0,0.0,0.0,2,0,0.0
YLR063W,0.3333333333333333,0.09305210918114144,12.6,2.128571428571429,3,0,1.0930521091811414
YML042W,0.0,0.0,0.0,19.0,10,0,1.0
YMR155W,0.0,0.0,0.0,0.0,1,0,0.0
YMR163C,0.0,0.0,0.0,0.0,3,0,0.0
YDL066W,0.0,0.0,0.0,0.0,1,0,0.0
YDL067C,0.75,5.809523809523808,5.0,8.533333333333333,8,1,6.809523809523808
YGL191W,1.0,6.238095238095238,0.0,8.533333333333333,7,0,7.238095238095238
YHR051W,1.0,6.238095238095238,5.0,15.66666666666667,7,0,7.238095238095238
YLR038C,0.75,5.809523809523808,5.0,10.5,8,0,6.809523809523808
YLR395C,0.75,5.809523809523808,5.0,12.083333333333334,8,0,6.809523809523808
YMR256C,1.0,6.238095238095237,0.0,8.533333333333333,7,0,7.238095238095237
YNL052W,1.0,6.238095238095237,5.0,12.083333333333334,7,0,7.238095238095237
YDL070W,0.0,0.0,0.0,0.0,4,0,0.0
YGL075C,0.0,0.0,0.0,0.0,4,1,0.0
YOL131W,0.0,0.0,0.0,0.0,14,0,0.0
YDL071C,0.0,0.0,0.0,0.0,5,0,0.0
YDR183W,0.0,0.0,0.0,0.0,3,0,0.0
YEL068C,0.1,0.027803213185715474,0.0,0.0,5,0,1.0278032131857155
YGR269W,0.0,0.0,0.0,0.0,3,0,0.0
YNL155W,0.0,0.0,0.0,0.0,2,0,0.0
YDL072C,0.0,0.0,0.0,0.0,2,0,0.0
YDL074C,0.25,1.3868641659562373,23.333333333333332,8.333333333333334,9,0,2.3868641659562373
YDR295C,0.25,1.290121834687052,17.0,5.916666666666666,8,0,2.290121834687052
YFR031C,0.19444444444444445,1.1530152106609233,11.222222222222221,2.5,9,1,2.1530152106609233
YNL153C,0.2,1.05,0.0,1.75,6,0,2.05
YOL069W,0.10507246376811594,2.4874141876430205,52.37499999999999,33.66666666666667,24,1,3.4874141876430205
YOR195W,0.16666666666666666,0.25,3.111111111111111,9.5,4,0,1.25
YJR067C,0.3333333333333333,0.02484567901234568,1.0,0.0,3,1,1.0248456790123457
YDL076C,0.0,0.0,0.0,0.0,2,0,0.0
YLR098C,0.0,0.0,0.0,0.0,4,0,0.0
YDL077C,0.3333333333333333,1.0,5.25,2.3076923076923075,4,0,2.0
YLR148W,0.2857142857142857,1.9444444444444442,6.111111111111112,6.133333333333333,7,0,2.944444444444444
YMR231W,0.6666666666666666,0.9166666666666666,4.944444444444445,3.4913461538461537,3,0,1.9166666666666665
YPL045W,0.6666666666666666,0.9166666666666666,7.416666666666666,3.4913461538461537,3,1,1.9166666666666665
YDL078C,1.0,0.2111111111111111,0.0,2.416666666666667,2,0,1.211111111111111
YGR209C,0.0,0.0,0.0,0.0,2,0,0.0
YOR229W,0.16666666666666666,0.0529616724738676,0.0,0.0,4,1,1.0529616724738675
YPR078C,0.0,0.0,0.0,0.0,4,0,0.0
YDL084W,0.0,0.0,0.0,0.0,2,1,0.0
YER063W,0.047619047619047616,0.19047619047619047,0.0,0.0,7,0,0.44047619047619047
YDL085W,0.0,0.0,0.0,0.0,2,0,0.0
YGR139W,0.0,0.0,0.0,0.0,3,0,0.0
YDL086W,0.0,0.0,0.0,0.0,1,0,0.0
YDL087C,0.0,0.0,0.0,0.0,3,1,0.0
YDL088C,0.3333333333333333,0.3717948717948718,2.3625,15.142857142857142,3,0,1.3717948717948718
YML031W,0.16666666666666666,0.3717948717948718,1.6,22.0,4,1,1.3717948717948718
YMR153W,0.022792022792022793,0.5956043956043956,12.3625,26.04404761904762,27,0,1.5956043956043957
YDR233C,0.0,0.0,0.0,0.0,2,1,0.0
YLR324W,0.08333333333333333,0.5622364986950412,6.0,0.0,9,0,0.7104540788890542
YMR316CB,0.0,0.0,0.0,0.0,2,0,0.0
YPR028W,0.3333333333333333,0.75,2.833333333333333,0.0,4,0,1.1944444444444444
YDL090C,1.0,0.4444444444444444,0.0,0.0,2,0,1.4444444444444444
YKL019W,0.16666666666666666,0.4444444444444444,0.0,0.0,4,1,0.8194444444444444
YKL152C,0.26666666666666666,2.197155929962592,3.5,9.9,10,1,3.197155929962592
YDL091C,0.0,0.0,0.0,0.0,1,0,0.0
YIL022W,0.2,0.7582514332514332,6.25,0.0,6,1,1.0220161836092223
YDL092W,1.0,3.0,25.4,7.666666666666667,4,1,4.0
YKL122C,1.0,3.0,25.4,12.5,4,1,4.0
YPL210C,0.8,3.6666666666666665,2.8,12.833333333333332,5,1,4.666666666666666
YPL243W,0.8,3.6666666666666665,37.9,9.8,5,1,4.666666666666666
YDL093W,0.0,0.0,0.0,0.0,1,0,0.0
YGL055W,0.0,0.0,0.0,0.0,1,1,0.0
YDL094C,0.0,0.0,0.0,0.0,2,0,0.0
YDL193W,0.0,0.0,0.0,1.4285714285714286,5,1,1.0
YDL196W,0.0,0.0,0.0,0.0,2,1,0.0
YDL096C,0.0,0.0,0.0,0.0,1,0,0.0
YDL098C,0.0,0.0,0.0,0.0,1,1,0.0
YDL099W,0.0,0.0,0.0,4.0,2,0,1.0
YKL050C,0.0,0.0,0.0,0.0,3,0,0.0
YDL100C,0.0,0.0,0.0,0.0,25,0,0.0
YDL121C,0.0,0.0,0.0,0.0,2,0,0.0
YDR304C,0.0,0.0,0.0,0.0,1,0,0.0
YDR415C,0.0,0.0,0.0,0.0,3,0,0.0
YDR431W,0.0,0.0,0.0,0.0,1,0,0.0
YDR513W,0.0,0.0,0.0,0.0,1,0,0.0
YGR189C,0.0,0.0,0.0,0.0,3,0,0.0
YHR057C,0.0,0.0,0.0,0.0,4,0,0.0
YHR128W,0.0,0.0,0.0,0.0,6,1,0.0
YHR180W,0.0,0.0,0.0,0.0,3,0,0.0
YJL075C,0.0,0.0,0.0,0.0,2,0,0.0
YJL153C,0.0,0.0,0.0,0.0,2,0,0.0
YKR100C,0.0,0.0,0.0,0.0,2,0,0.0
YML101C,0.0,0.0,0.0,0.0,2,0,0.0
YNL199C,0.06666666666666667,0.029418126757516764,4.5,2.5,6,0,1.0294181267575169
YOL111C,0.0,0.0,0.0,0.0,4,0,0.0
YOL126C,0.0,0.0,0.0,4.571428571428571,1,0,1.0
YOL159C,0.0,0.0,0.0,0.0,1,0,0.0
YOR164C,0.1,0.09825870646766169,5.833333333333333,4.333333333333333,5,0,1.0982587064676617
YPL252C,0.0,0.0,0.0,0.0,1,1,0.0
YPR037C,0.0,0.0,0.0,0.0,2,0,0.0
YDR051C,0.0,0.0,0.0,6.0,1,0,1.0
YHR135C,0.0,0.0,0.0,5.0,5,0,1.0
YPL153C,0.0,0.0,0.0,0.0,9,1,0.0
YPL269W,0.0,0.0,0.0,0.0,2,0,0.0
YDL103C,0.0,0.0,0.0,0.0,1,1,0.0
YDR288W,0.0,0.0,0.0,0.0,2,1,0.0
YDL104C,0.0,0.0,0.0,0.0,1,0,0.0
YHR216W,0.26666666666666666,0.47240018022832414,14.916666666666666,7.0,6,0,1.4724001802283242
YLR216C,0.1111111111111111,0.8697838109602817,10.0,35.2,10,0,1.8697838109602816
YNR031C,0.0,0.0,0.0,0.0,2,0,0.0
YFR034C,0.12727272727272726,0.4434710499635406,5.0,28.000000000000004,11,0,1.4434710499635406
YKR099W,0.0,0.0,0.0,0.0,6,0,0.0
YDL108W,0.45054945054945056,5.708272331801744,11.0,22.26998132586368,14,1,6.708272331801744
YDR460W,0.6515151515151515,6.4670463623952,11.0,92.0,12,1,7.4670463623952
YGL134W,0.0,0.0,0.0,0.0,2,0,0.0
YGR258C,1.0,4.16063441063441,7.0,13.644607843137257,8,0,5.16063441063441
YIL143C,0.48717948717948717,5.543139293139292,15.5,32.93789682539683,13,1,6.543139293139292
YKL028W,0.4444444444444444,2.3580996705996706,7.0,20.914285714285715,9,1,3.3580996705996706
YLR005W,0.4945054945054945,6.2430266805266825,26.0,51.17142857142857,14,1,7.2430266805266825
YOR299W,0.0,0.0,0.0,0.0,19,0,0.0
YPL122C,0.5909090909090909,5.748541998541999,19.0,27.31083099906629,12,1,6.748541998541999
YPR025C,0.4095238095238095,5.7040727363308,0.0,27.351715686274503,15,1,6.7040727363308
YPR056W,0.5303030303030303,5.042627504571298,8.0,48.91428571428572,12,1,6.042627504571298
YDL110C,0.0,0.0,0.0,0.0,4,0,0.0
YKL015W,0.0,0.0,0.0,0.0,2,0,0.0
YLR125W,0.0,0.0,0.0,0.0,5,0,0.0
YOR078W,0.5384615384615384,1.388787938761405,20.5,51.81666666666666,13,0,2.3887879387614053
YDL112W,0.0,0.0,0.0,0.0,3,0,0.0
YDR075W,0.0,0.0,0.0,0.0,2,0,0.0
YDL114W,0.0,0.0,0.0,0.0,3,0,0.0
YDL123W,0.5,0.1507906507906508,0.0,4.0,4,0,1.150790650790651
YDR348C,0.0,0.0,0.0,0.0,2,0,0.0
YLR040C,0.0,0.0,0.0,0.0,1,0,0.0
YDL115C,0.0,0.0,0.0,0.0,1,0,0.0
YDR335W,0.16666666666666666,2.6431404613696836,0.0,27.81748529248529,21,0,3.6431404613696836
YGL092W,0.17786561264822134,3.102022691982449,19.341666666666665,26.273992673992677,23,1,4.102022691982449
YGL100W,0.5,0.34169278996865204,2.4000000000000004,14.14285714285714,4,0,1.341692789968652
YGL179C,0.0,0.0,0.0,6.0,1,0,1.0
YGL263W,0.0,0.0,0.0,0.0,2,0,0.0
YHR033W,0.0,0.0,0.0,0.0,2,0,0.0
YJL090C,0.0,0.0,0.0,5.8,4,1,1.0
YJR042W,0.3939393939393939,2.201424502528657,9.925,39.92857142857143,12,1,3.201424502528657
YKL057C,0.20512820512820512,1.4453036490128142,7.0,15.83470695970696,13,0,2.445303649012814
YKR082W,0.6190476190476191,0.8913948149997766,6.0,12.1,7,0,1.8913948149997766
YOL014W,0.0,0.0,0.0,0.0,3,0,0.0
YOR180C,0.1,0.3214285714285714,9.333333333333334,2.083333333333333,5,0,1.3214285714285714
YOR294W,0.0,0.0,0.0,0.0,4,1,0.0
YPL091W,0.0,0.0,0.0,2.1818181818181817,2,0,1.0
YDL118W,0.0,0.0,0.0,0.0,2,0,0.0
YMR305C,0.0,0.0,0.0,0.0,2,0,0.0
YDL125C,0.0,0.0,0.0,0.0,2,0,0.0
YKL213C,0.3333333333333333,0.3611111111111111,0.0,2.2474747474747474,3,0,1.3611111111111112
YDL127W,0.0,0.0,0.0,0.0,5,0,0.0
YPL031C,0.009523809523809525,0.2,1.0,0.0,21,0,0.24761904761904763
YDL128W,0.0,0.0,0.0,0.0,1,0,0.0
YKL102C,0.0,0.0,0.0,0.0,1,0,0.0
YDL129W,0.0,0.0,0.0,0.0,2,0,0.0
YDR367W,0.0,0.0,0.0,0.0,2,1,0.0
YDR399W,0.0,0.0,0.0,0.0,2,0,0.0
YJL208C,0.0,0.0,0.0,0.0,2,0,0.0
YJL210W,0.0,0.0,0.0,0.0,3,0,0.0
YJR012C,0.0,0.0,0.0,0.0,1,1,0.0
YJR108W,0.0,0.0,0.0,0.0,3,0,0.0
YJR144W,0.0,0.0,0.0,0.0,1,0,0.0
YLR051C,0.16666666666666666,0.3449612403100775,4.666666666666667,2.0,4,1,1.3449612403100775
YLR287C,0.0,0.0,0.0,0.0,2,0,0.0
YDL131W,0.0,0.0,0.0,0.0,1,0,0.0
YLR427W,0.0,0.0,0.0,6.0,1,0,1.0
YDR054C,0.23809523809523808,0.6873015873015873,15.0,4.7785947712418295,7,1,1.6873015873015873
YDR274C,0.0,0.0,0.0,0.0,1,0,0.0
YDR285W,0.06666666666666667,0.4,2.25,0.5,6,0,1.4
YGL249W,0.0,0.0,0.0,0.0,3,0,0.0
YLR079W,0.5,0.43939393939393934,2.9166666666666665,10.4,4,0,1.4393939393939394
YLR100W,0.0,0.0,0.0,0.0,2,1,0.0
YLR368W,0.027777777777777776,0.1,2.9166666666666665,5.0,9,0,1.1
YMR052W,0.027777777777777776,0.16203703703703703,0.0,3.6666666666666665,9,0,1.162037037037037
YMR273C,0.4166666666666667,2.2554597701149426,2.0,24.872294372294373,9,0,3.2554597701149426
YPR040W,0.03571428571428571,0.24285714285714285,0.0,7.5,8,1,1.2428571428571429
YDL135C,0.0,0.0,0.0,0.0,4,0,0.0
YNL176C,0.0,0.0,0.0,0.0,3,0,0.0
YDL137W,0.0,0.0,0.0,0.0,2,0,0.0
YDR007W,0.0,0.0,0.0,0.0,3,0,0.0
YJL186W,0.0,0.0,0.0,0.0,1,0,0.0
YLL015W,0.0,0.0,0.0,0.0,2,0,0.0
YLR313C,0.0,0.0,0.0,0.0,5,0,0.0
YMR035W,0.0,0.0,0.0,0.0,3,0,0.0
YPL145C,0.0,0.0,0.0,0.0,1,0,0.0
YPR023C,0.0,0.0,0.0,0.0,1,0,0.0
YPR077C,0.0,0.0,0.0,0.0,1,0,0.0
YPR079W,0.0,0.0,0.0,0.0,1,0,0.0
YGL130W,1.0,1.0196078431372548,2.0,0.0,2,1,2.0003770739064857
YKR062W,0.6666666666666666,0.2696078431372549,3.0,1.3333333333333333,3,1,1.2696078431372548
YMR201C,0.1111111111111111,0.5269462254756372,8.5,32.2,9,0,1.5269462254756372
YNL266W,0.0,0.0,0.0,0.0,3,0,0.0
YPL228W,1.0,1.0196078431372548,2.0,0.0,2,1,2.0003770739064857
YDL143W,0.36363636363636365,4.182765397034906,21.333333333333336,6.023809523809524,12,1,5.182765397034906
YDR212W,0.5833333333333334,4.757575757575758,7.0,7.0,9,1,5.757575757575758
YIL142W,0.75,4.971861471861471,7.0,12.5,8,1,5.971861471861471
YJL014W,0.75,4.971861471861471,7.0,7.0,8,1,5.971861471861471
YJL111W,1.0,4.971861471861471,7.0,4.0,7,1,5.776389116615499
YJR064W,0.5833333333333334,4.757575757575758,7.0,4.0,9,1,5.598340088785949
YOR260W,0.38095238095238093,4.024361681627128,0.0,38.51890331890332,15,1,5.024361681627128
YDL144C,0.0,0.0,0.0,0.0,1,0,0.0
YDR238C,0.9333333333333333,6.125298663324978,30.5,49.333333333333336,10,1,7.125298663324978
YGL137W,0.6181818181818182,4.947349624060151,21.5,22.607142857142858,11,1,5.947349624060151
YIL076W,0.5512820512820513,5.83943735237374,32.70833333333333,39.20039682539682,13,0,6.83943735237374
YPL010W,0.9444444444444444,4.9195718462823725,28.25,54.75,9,1,5.9195718462823725
YDL146W,0.0,0.0,0.0,0.0,2,0,0.0
YKL070W,0.0,0.0,0.0,0.0,1,0,0.0
YDR201W,0.0989010989010989,1.0503743127245617,11.75,22.333333333333336,14,1,2.0503743127245615
YDR341C,0.3333333333333333,0.4,2.25,1.5,3,1,1.4
YPL026C,0.0,0.0,0.0,1.1428571428571428,2,0,1.0
YDL149W,0.0,0.0,0.0,0.0,1,0,0.0
YLR065C,0.0,0.0,0.0,0.0,2,0,0.0
YDR040C,0.0,0.0,0.0,0.0,2,0,0.0
YDR269C,0.0,0.0,0.0,0.0,2,0,0.0
YDR307W,0.16666666666666666,0.34397163120567376,0.0,2.333333333333333,4,0,1.3439716312056738
YDR422C,0.13636363636363635,1.5393939393939393,17.520833333333336,5.885714285714286,12,0,2.539393939393939
YFL001W,0.0,0.0,0.0,0.0,1,0,0.0
YGL250W,0.0,0.0,0.0,0.0,5,0,0.0
YGR160W,0.0,0.0,0.0,0.0,3,0,0.0
YGR290W,0.0,0.0,0.0,0.0,2,0,0.0
YJL076W,0.16666666666666666,0.0459915611814346,2.0,0.0,4,1,1.0459915611814345
YJL175W,0.0,0.0,0.0,0.0,1,0,0.0
YNL125C,0.0,0.0,0.0,0.0,2,0,0.0
YNL280C,0.0,0.0,0.0,0.0,2,0,0.0
YOL118C,0.0,0.0,0.0,0.0,1,0,0.0
YOR252W,0.0,0.0,0.0,0.0,2,0,0.0
YOR309C,0.0,0.0,0.0,0.0,1,0,0.0
YOR314W,0.0,0.0,0.0,0.0,4,0,0.0
YOR321W,0.0,0.0,0.0,0.0,1,0,0.0
YPL076W,0.0,0.0,0.0,0.0,3,1,0.0
YPR029C,0.3,1.25,7.033333333333333,3.416666666666666,5,0,2.25
YER173W,0.0,0.0,0.0,5.428571428571429,5,0,1.0
YGL025C,0.4642857142857143,1.1373115613953069,6.0,26.57142857142857,8,0,2.1373115613953066
YGL170C,0.2,0.06692550395440312,4.916666666666666,4.0,5,0,1.0669255039544032
YLR394W,0.13333333333333333,0.5345238095238095,2.25,6.4,6,0,1.5345238095238094
YMR224C,0.3333333333333333,0.325,0.0,2.355555555555556,3,0,1.325
YDL155W,0.0,0.0,0.0,0.0,5,1,0.0
YGL003C,0.0,0.0,0.0,11.333333333333334,4,1,1.0
YDL156W,0.0,0.0,0.0,1.6666666666666667,2,0,1.0
YDL158C,0.0,0.0,0.0,0.0,1,0,0.0
YER125W,0.022058823529411766,0.22647527910685805,8.125,6.507872244714351,17,1,1.226475279106858
YGR178C,0.03571428571428571,0.062403697996918334,2.5277777777777777,0.0,8,0,0.6347141036406573
YIL038C,0.4444444444444444,2.14264208014208,77.975,25.38214285714286,9,0,3.14264208014208
YMR213W,0.1,0.31666666666666665,1.0,0.0,5,1,0.6324561403508773
YDL161W,0.0,0.0,0.0,0.0,4,0,0.0
YOR111W,0.0,0.0,0.0,34.0,2,0,1.0
YDL162C,0.0,0.0,0.0,0.0,2,0,0.0
YGR014W,0.0,0.0,0.0,0.0,7,0,0.0
YIL035C,0.2833333333333333,7.782507181696602,0.0,173.29484126984124,40,0,8.782507181696602
YDL168W,0.0,0.0,0.0,0.0,1,0,0.0
YDL171C,0.0,0.0,0.0,0.0,1,0,0.0
YIL094C,0.26666666666666666,0.8642857142857143,2.0,9.0,6,0,1.8642857142857143
YDL172C,0.0,0.0,0.0,0.0,2,0,0.0
YNR073C,0.0,0.0,0.0,0.0,1,0,0.0
YDL178W,0.0,0.0,0.0,0.0,2,0,0.0
YDL179W,0.0,0.0,0.0,0.2857142857142857,3,0,1.0
YDL180W,0.0,0.0,0.0,0.0,1,0,0.0
YLR452C,0.005847953216374269,0.1111111111111111,0.0,10.0,19,0,1.1111111111111112
YGR089W,0.022222222222222223,0.15458937198067632,2.9166666666666665,0.0,10,0,0.29833937198067634
YNL250W,0.38095238095238093,1.1455889379163038,0.0,3.9333333333333336,7,0,2.145588937916304
YDL183C,0.0,0.0,0.0,0.0,1,0,0.0
YNL055C,0.0,0.0,0.0,0.0,1,0,0.0
YDL186W,0.0,0.0,0.0,0.0,3,0,0.0
YDL189W,0.0,0.0,0.0,0.0,1,0,0.0
YDL190C,0.0,0.0,0.0,0.0,1,0,0.0
YGR130C,0.3333333333333333,0.12040133779264214,0.0,0.0,3,0,1.120401337792642
YPR176C,0.3333333333333333,0.8333333333333333,0.0,2.2666666666666666,3,1,1.8333333333333333
YFL022C,0.1,0.5,2.0,0.0,5,1,0.7
YGR062C,0.0,0.0,0.0,0.0,1,0,0.0
YOR026W,0.0,0.0,0.0,4.8,3,0,1.0
YIL109C,0.41025641025641024,4.81,34.104166666666664,9.813492063492063,13,1,5.81
YPL085W,0.7857142857142857,4.254978354978355,23.104166666666664,7.75,8,1,5.254978354978355
YPL218W,0.3717948717948718,4.416798245614035,31.520833333333332,9.813492063492063,13,1,5.416798245614035
YPR181C,0.30833333333333335,4.6344891871737515,40.64583333333333,11.94206349206349,16,1,5.6344891871737515
YDL201W,0.0,0.0,0.0,0.0,1,0,0.0
YDR165W,0.0,0.0,0.0,0.0,1,0,0.0
YER009W,0.12727272727272726,0.7529705349792515,34.83333333333333,31.83333333333333,11,1,1.7529705349792515
YDL203C,0.0,0.0,0.0,0.0,6,0,0.0
YGR058W,0.0,0.0,0.0,12.571428571428571,7,0,1.0
YOR372C,0.0,0.0,0.0,0.0,1,1,0.0
YDL204W,0.0,0.0,0.0,0.0,3,0,0.0
YMR110C,0.0,0.0,0.0,0.0,1,0,0.0
YOL065C,0.1,0.28846153846153844,5.416666666666666,5.25,5,0,1.2884615384615383
YDL207W,0.3,0.9916666666666667,4.0,9.075,5,1,1.9916666666666667
YIL115C,0.1388888888888889,0.9004329004329004,6.333333333333333,7.2,9,1,1.9004329004329004
YNL124W,0.13333333333333333,0.2972222222222222,2.0,2.833333333333333,6,1,1.2972222222222223
YLR426W,0.0,0.0,0.0,0.0,3,0,0.0
YDL210W,0.0,0.0,0.0,0.0,3,0,0.0
YGL230C,0.0,0.0,0.0,0.0,3,0,0.0
YDL212W,0.0,0.0,0.0,0.0,1,1,0.0
YDR508C,0.16666666666666666,0.10368663594470046,0.0,0.0,4,0,1.1036866359447004
YFR032C,0.0,0.0,0.0,0.0,1,0,0.0
YEL013W,0.0,0.0,0.0,0.0,8,0,0.0
YML011C,0.0,0.0,0.0,0.0,5,0,0.0
YDL215C,0.0,0.0,0.0,0.0,2,0,0.0
YPR048W,0.0,0.0,0.0,0.0,4,1,0.0
YMR025W,0.06666666666666667,0.07048092868988391,2.9166666666666665,2.3956043956043955,6,0,1.070480928689884
YHR102W,0.0,0.0,0.0,0.0,9,1,0.0
YDL218W,0.0,0.0,0.0,0.0,1,0,0.0
YDL219W,0.0,0.0,0.0,0.0,1,0,0.0
YDL220C,0.16666666666666666,0.6666666666666666,4.5,10.333333333333332,4,1,1.6666666666666665
YDR082W,0.16666666666666666,0.6666666666666666,4.5,3.2666666666666666,4,1,1.6666666666666665
YLR010C,1.0,0.6666666666666666,1.0,2.2666666666666666,2,1,1.6666666666666665
YDL221W,0.0,0.0,0.0,0.0,1,1,0.0
YDL224C,0.0,0.0,0.0,0.0,4,0,0.0
YDR264C,0.044444444444444446,0.4111111111111111,0.0,5.125,10,0,1.411111111111111
YEL064C,0.0,0.0,0.0,0.0,4,0,0.0
YKL126W,0.0,0.0,0.0,0.0,2,0,0.0
YKR088C,0.0,0.0,0.0,0.0,1,0,0.0
YOL129W,0.0,0.0,0.0,0.0,4,0,0.0
YOR327C,0.0,0.0,0.0,0.0,7,0,0.0
YPR113W,0.0,0.0,0.0,0.0,2,1,0.0
YDL230W,0.0,0.0,0.0,0.0,2,0,0.0
YDL232W,0.9642857142857143,6.799062049062049,7.0,4.583333333333334,8,1,7.4731746399253165
YGL226CA,0.9642857142857143,6.799062049062049,0.0,4.583333333333334,8,0,7.4731746399253165
YML019W,0.75,5.307359307359307,6.0,7.083333333333333,8,0,6.307359307359307
YOR085W,0.9642857142857143,6.799062049062049,7.0,4.583333333333334,8,0,7.4731746399253165
YOR103C,0.9642857142857143,6.799062049062049,7.0,16.0,8,1,7.799062049062049
YDL233W,0.0,0.0,0.0,0.0,4,0,0.0
YDL235C,0.0,0.0,0.0,0.0,2,1,0.0
YIL147C,0.0,0.0,0.0,0.0,2,1,0.0
YDL236W,0.0,0.0,0.0,0.0,1,0,0.0
YDL237W,0.0,0.0,0.0,0.0,2,0,0.0
YLR085C,0.0,0.0,0.0,0.0,1,0,0.0
YPR148C,0.0,0.0,0.0,0.0,2,0,0.0
YDR148C,0.15151515151515152,0.540919625917657,36.416666666666664,32.33333333333333,12,0,1.540919625917657
YDR273W,0.0,0.0,0.0,0.0,2,0,0.0
YHR184W,0.0,0.0,0.0,6.666666666666667,3,0,1.0
YKL042W,0.3333333333333333,0.6821154548776032,10.583333333333334,22.5,6,1,1.6821154548776032
YKL192C,0.0,0.0,0.0,0.0,3,1,0.0
YLR072W,0.0,0.0,0.0,0.0,2,0,0.0
YLR242C,0.0,0.0,0.0,0.0,1,0,0.0
YMR124W,0.09523809523809523,0.22816066725197542,0.0,12.5,7,0,1.2281606672519754
YNL201C,0.0,0.0,0.0,0.0,12,0,0.0
YNR012W,0.022222222222222223,0.1240981240981241,0.0,0.0,10,0,0.3031678915399846
YOL091W,0.0,0.0,0.0,0.0,5,0,0.0
YOR324C,0.0,0.0,0.0,0.0,8,0,0.0
YOR373W,0.13333333333333333,0.2588504468291282,3.888888888888889,2.2666666666666666,6,1,1.2588504468291282
YDL240W,0.0,0.0,0.0,0.0,2,0,0.0
YDL241W,0.0,0.0,0.0,0.0,1,0,0.0
YDL243C,0.0,0.0,0.0,0.0,1,0,0.0
YNL331C,0.2,0.0694251983392703,0.0,2.5,5,0,1.0694251983392702
YDL246C,0.4,1.0069307649844563,0.0,9.9,6,0,2.0069307649844563
YJR037W,0.3333333333333333,0.20671140939597316,0.0,0.0,3,0,1.2067114093959732
YJR159W,0.2857142857142857,0.8531810280623506,0.0,14.5,7,0,1.8531810280623506
YDL247W,0.0,0.0,0.0,0.0,1,0,0.0
YGL252C,0.0,0.0,0.0,0.0,2,0,0.0
YLR270W,0.0,0.0,0.0,0.0,3,0,0.0
YDR002W,0.2,0.5965356677221084,7.916666666666667,5.0,6,1,1.5965356677221085
YMR235C,0.06666666666666667,0.34285714285714286,4.5,7.083333333333334,6,1,1.342857142857143
YDR003W,0.0,0.0,0.0,0.0,1,0,0.0
YDR004W,0.25,1.4541666666666666,16.0,20.22380952380952,8,0,2.4541666666666666
YDR076W,1.0,1.8160714285714286,12.5,29.5,4,0,2.8160714285714286
YGL163C,1.0,1.8160714285714286,12.5,21.101190476190474,4,0,2.8160714285714286
YJL023C,0.0,0.0,0.0,0.0,2,0,0.0
YDR005C,0.0,0.0,0.0,0.0,3,0,0.0
YDR006C,0.0,0.0,0.0,0.0,1,0,0.0
YOR242C,0.0,0.0,0.0,0.0,3,0,0.0
YDR008C,0.0,0.0,0.0,0.0,1,0,0.0
YDR009W,0.3333333333333333,0.5625,0.0,2.011111111111111,3,0,1.5625
YDR010C,0.0,0.0,0.0,0.0,1,0,0.0
YDR013W,0.0,0.0,0.0,0.0,1,1,0.0
YDR016C,0.16666666666666666,1.126068376068376,6.0,7.285714285714286,9,1,2.126068376068376
YKL052C,0.16666666666666666,0.325,2.0,2.333333333333333,4,1,1.325
YKR037C,0.3333333333333333,0.744626227835183,6.5625,8.666666666666666,6,1,1.744626227835183
YDR017C,0.0,0.0,0.0,0.0,1,0,0.0
YDR018C,0.0,0.0,0.0,0.0,1,0,0.0
YDR479C,0.0,0.0,0.0,0.0,4,0,0.0
YDR020C,0.0,0.0,0.0,0.0,1,0,0.0
YDR021W,0.0,0.0,0.0,0.0,1,1,0.0
YDR027C,0.0,0.0,0.0,0.0,2,0,0.0
YLR262C,0.09090909090909091,0.7264705882352942,15.194444444444443,9.818181818181818,11,0,1.7264705882352942
YER027C,0.6,1.8636363636363638,33.41666666666667,8.149999999999999,6,0,2.8636363636363638
YNL076W,0.0,0.0,0.0,0.0,2,0,0.0
YDR030C,0.0,0.0,0.0,12.0,1,0,1.0
YDR031W,0.0,0.0,0.0,0.0,1,0,0.0
YDR342C,0.0,0.0,0.0,0.0,6,0,0.0
YDR417C,0.0,0.0,0.0,0.0,1,0,0.0
YDR438W,0.0,0.0,0.0,0.0,2,0,0.0
YDR456W,0.0,0.0,0.0,0.0,2,0,0.0
YER038C,0.0,0.0,0.0,0.0,2,1,0.0
YER043C,0.0,0.0,0.0,0.0,1,1,0.0
YER044C,0.0,0.0,0.0,0.0,3,0,0.0
YER064C,0.0,0.0,0.0,0.0,5,0,0.0
YFR046C,0.0,0.0,0.0,0.0,1,0,0.0
YFR055W,0.0,0.0,0.0,0.0,3,0,0.0
YGL125W,0.0,0.0,0.0,0.0,1,0,0.0
YGL169W,0.0,0.0,0.0,0.0,2,1,0.0
YGL223C,0.6,0.9166666666666665,5.0,13.25,5,0,1.9166666666666665
YGR111W,0.0,0.0,0.0,0.0,2,0,0.0
YGR124W,0.0,0.0,0.0,0.0,2,0,0.0
YGR295C,0.0,0.0,0.0,0.0,1,0,0.0
YHR060W,0.08888888888888889,0.4360601501326603,0.0,1.7999999999999998,10,0,1.4360601501326604
YIL145C,0.0,0.0,0.0,0.0,3,0,0.0
YIR026C,0.0,0.0,0.0,0.0,2,0,0.0
YJL185C,0.0,0.0,0.0,0.0,3,0,0.0
YJR075W,0.5,1.4666666666666668,5.25,8.0,4,0,2.466666666666667
YLR328W,0.14285714285714285,0.47426070585934155,8.0,24.5,7,0,1.4742607058593415
YMR064W,0.0,0.0,0.0,0.0,2,0,0.0
YMR094W,0.19047619047619047,0.8254901960784313,12.291666666666666,2.0723981900452486,7,1,1.8254901960784313
YMR187C,0.0,0.0,0.0,0.0,3,0,0.0
YOR009W,0.0,0.0,0.0,0.0,1,0,0.0
YPL102C,0.0,0.0,0.0,0.0,1,0,0.0
YPL114W,0.0,0.0,0.0,0.0,2,0,0.0
YPL178W,0.0,0.0,0.0,0.0,5,0,0.0
YPR136C,0.0,0.0,0.0,0.0,2,1,0.0
YDR036C,0.5714285714285714,1.0797217021473313,6.0,10.25,7,0,2.0797217021473315
YGR150C,0.3,0.528623188405797,18.0,5.333333333333333,5,0,1.528623188405797
YHR019C,0.26666666666666666,1.6,12.0,3.866666666666667,6,1,2.6
YLL018C,0.3,1.2000000000000002,8.5,2.033333333333333,5,1,2.2
YDR038C,0.0,0.0,0.0,0.0,1,0,0.0
YDR380W,0.0,0.0,0.0,0.0,2,0,0.0
YOR205C,1.0,0.3125,9.333333333333334,4.0,2,0,1.3125
YDR042C,0.0,0.0,0.0,0.0,2,0,0.0
YLR413W,0.0,0.0,0.0,0.0,2,0,0.0
YDR077W,0.0,0.0,0.0,0.0,1,0,0.0
YDR049W,1.0,0.5126582278481012,0.9,1.0,2,0,1.5126582278481013
YGL246C,0.6666666666666666,0.5623534927332395,22.8,1.0,3,0,1.5623534927332394
YDR050C,1.0,1.943374925727867,0.0,13.5,5,1,2.943374925727867
YFL009W,0.06666666666666667,0.19999999999999998,5.833333333333333,13.444444444444445,6,1,1.2
YDR056C,0.0,0.0,0.0,0.0,2,0,0.0
YPL024W,0.0,0.0,0.0,0.0,2,0,0.0
YDR062W,0.0,0.0,0.0,0.0,1,1,0.0
YMR296C,0.0,0.0,0.0,0.0,3,1,0.0
YDR063W,0.0,0.0,0.0,0.0,3,0,0.0
YGL239C,0.0,0.0,0.0,0.0,2,1,0.0
YDR066C,0.0,0.0,0.0,0.0,1,0,0.0
YDR067C,0.0,0.0,0.0,0.0,1,0,0.0
YDR068W,0.0,0.0,0.0,0.0,2,0,0.0
YLR237W,0.0,0.0,0.0,0.0,1,0,0.0
YDR070C,0.0,0.0,0.0,0.0,2,0,0.0
YER089C,0.0,0.0,0.0,0.0,1,0,0.0
YDR072C,0.0,0.0,0.0,0.0,1,0,0.0
YDR107C,0.0,0.0,0.0,0.0,2,0,0.0
YML068W,0.0,0.0,0.0,0.0,1,1,0.0
YER019CA,0.0,0.0,0.0,0.0,2,0,0.0
YMR251W,0.0,0.0,0.0,0.0,1,0,0.0
YIL152W,0.0,0.0,0.0,0.0,2,0,0.0
YLR376C,0.16666666666666666,0.41666666666666663,2.0,2.05,4,0,1.4166666666666665
YDR079W,0.0,0.0,0.0,0.0,3,0,0.0
YJL099W,0.0,0.0,0.0,0.0,5,0,0.0
YDR080W,0.3333333333333333,0.41666666666666663,9.333333333333334,2.0041666666666664,3,0,1.4166666666666665
YLR396C,0.4,1.5277777777777777,24.0,4.979166666666666,5,0,2.5277777777777777
YDR084C,0.027777777777777776,0.10263157894736842,2.25,2.0,9,0,1.1026315789473684
YDR441C,0.0,0.0,0.0,0.0,2,0,0.0
YDR442W,0.0,0.0,0.0,0.0,1,0,0.0
YER011W,0.0,0.0,0.0,0.0,4,0,0.0
YDR086C,1.0,0.7,0.0,0.0,2,1,1.7
YER087CA,0.3333333333333333,0.7,0.0,0.0,3,0,1.1761904761904762
YDR092W,0.0,0.0,0.0,0.0,2,0,0.0
YDR095C,0.0,0.0,0.0,0.0,2,0,0.0
YDR098C,0.0,0.0,0.0,0.0,2,0,0.0
YGL071W,0.0,0.0,0.0,0.0,3,0,0.0
YER177W,0.3333333333333333,0.1388888888888889,0.0,2.1484848484848484,3,0,1.1388888888888888
YGR123C,0.0,0.0,0.0,0.0,10,0,0.0
YNL042W,0.0,0.0,0.0,0.0,3,0,0.0
YNL293W,0.0,0.0,0.0,0.0,2,0,0.0
YOR298CA,0.0,0.0,0.0,0.0,1,0,0.0
YDR100W,0.13333333333333333,0.3766917293233083,1.0,26.0,6,0,1.3766917293233083
YPL095C,0.4,0.5755417956656346,0.0,6.333333333333333,5,0,1.5755417956656346
YER036C,0.0,0.0,0.0,0.0,4,1,0.0
YNL112W,0.42857142857142855,0.5753220808871493,20.0,2.225,7,1,1.5753220808871493
YOR048C,1.0,0.38156392694063923,11.0,2.225,3,1,1.3815639269406392
YDR102C,0.0,0.0,0.0,0.0,2,0,0.0
YER132C,0.0,0.0,0.0,0.0,1,0,0.0
YDR105C,0.0,0.0,0.0,0.0,2,0,0.0
YDR106W,0.0,0.0,0.0,0.0,1,0,0.0
YHR129C,0.09523809523809523,0.2581564776686728,6.666666666666667,2.583333333333333,7,0,1.2581564776686727
YOL015W,0.0,0.0,0.0,0.0,3,0,0.0
YDR108W,0.0,0.0,0.0,0.0,2,0,0.0
YGR234W,0.2,0.6394230769230769,13.833333333333332,6.0,5,0,1.6394230769230769
YIR040C,0.0,0.0,0.0,0.0,3,0,0.0
YER161C,0.06666666666666667,0.19047619047619047,0.0,4.222222222222222,6,0,1.1904761904761905
YLR095C,0.0,0.0,0.0,0.0,2,0,0.0
YGL116W,0.06666666666666667,0.3111111111111111,2.0,8.0,6,1,1.3111111111111111
YGR060W,0.0,0.0,0.0,0.0,4,1,0.0
YGR098C,0.0,0.0,0.0,0.0,3,1,0.0
YNL041C,0.13333333333333333,0.9166666666666666,6.75,16.0,10,0,1.9166666666666665
YGL064C,0.6666666666666666,0.5412393162393162,15.0,6.75,6,0,1.541239316239316
YDR121W,0.0,0.0,0.0,0.0,2,0,0.0
YDR122W,0.0,0.0,0.0,0.0,2,0,0.0
YDR123C,0.0,0.0,0.0,0.0,2,1,0.0
YDR126W,0.0,0.0,0.0,0.0,1,0,0.0
YNR051C,0.0,0.0,0.0,0.0,3,0,0.0
YOR303W,0.07142857142857142,0.36019948519948514,2.0,1.5,8,0,1.3601994851994852
YDR128W,0.0,0.0,0.0,0.0,2,0,0.0
YHR134W,0.0,0.0,0.0,0.0,2,0,0.0
YDR132C,0.16666666666666666,0.11529933481152993,3.0,0.0,4,0,1.1152993348115299
YJL218W,0.16666666666666666,0.04632034632034632,0.0,65.0,4,0,1.0463203463203463
YDR133C,0.0,0.0,0.0,0.0,2,0,0.0
YDR134C,0.0,0.0,0.0,0.0,2,0,0.0
YDR135C,0.0,0.0,0.0,0.0,1,0,0.0
YDR136C,0.0,0.0,0.0,0.0,3,0,0.0
YDR139C,0.0,0.0,0.0,0.0,2,0,0.0
YLR306W,0.0,0.0,0.0,0.0,2,0,0.0
YDR142C,0.35714285714285715,2.2496947496947497,11.25,16.416666666666664,8,0,3.2496947496947497
YDR244W,0.2857142857142857,1.3736263736263736,5.0,2.0,7,0,2.3736263736263736
YHR160C,0.6666666666666666,0.6959706959706959,2.611111111111111,4.333333333333333,3,0,1.695970695970696
YNL214W,0.7,1.453962419832727,5.0,2.0,5,0,2.453962419832727
YDR144C,0.0,0.0,0.0,0.0,1,0,0.0
YPL121C,0.0,0.0,0.0,0.0,1,0,0.0
YNL092W,0.0049261083743842365,0.08418733510437124,0.0,4.0,29,0,1.0841873351043712
YDR150W,0.23809523809523808,0.7287072688607215,17.0,4.083333333333334,7,0,1.7287072688607215
YJR112W,0.125,1.6386301953062634,24.583333333333336,10.3515873015873,16,1,2.6386301953062636
YJR104C,0.0,0.0,0.0,0.0,2,0,0.0
YKR105C,0.0,0.0,0.0,0.0,2,0,0.0
YML078W,0.0,0.0,0.0,0.0,1,0,0.0
YNL135C,0.0,0.0,0.0,0.0,6,0,0.0
YDR159W,0.0,0.0,0.0,0.0,2,0,0.0
YJL041W,0.2692307692307692,2.1730792527895977,12.708333333333334,91.0,13,1,3.1730792527895977
YDR162C,0.0,0.0,0.0,0.0,2,0,0.0
YDR164C,0.16666666666666666,0.4242424242424242,0.0,2.761904761904762,4,1,1.4242424242424243
YKR014C,0.26666666666666666,1.7762297901616786,20.749999999999996,13.821428571428571,10,0,2.7762297901616786
YNR049C,0.0,0.0,0.0,0.0,1,0,0.0
YPL232W,0.16666666666666666,0.4242424242424242,0.0,0.4285714285714285,4,0,1.4242424242424243
YER008C,0.32727272727272727,3.4005012531328322,0.0,5.459967320261438,11,1,4.400501253132832
YJL085W,0.7619047619047619,3.7568542568542567,12.0,3.0416666666666665,7,1,4.566485522458251
YGR097W,0.0,0.0,0.0,6.8,3,0,1.0
YIL129C,0.0,0.0,0.0,0.0,1,1,0.0
YLR228C,0.0,0.0,0.0,0.0,1,0,0.0
YPL089C,0.0,0.0,0.0,0.0,2,0,0.0
YPR115W,0.0,0.0,0.0,0.0,4,0,0.0
YDR168W,0.6666666666666666,0.5105042016806722,2.0,2.3956043956043955,3,1,1.5105042016806722
YDR169C,0.0,0.0,0.0,0.0,1,0,0.0
YMR042W,0.5,1.2761658717541071,13.5,7.119047619047619,5,0,2.276165871754107
YDR174W,0.03636363636363636,0.18369553638010014,3.9166666666666665,4.35,11,0,1.1836955363801
YIL013C,0.0,0.0,0.0,0.0,1,0,0.0
YGL068W,1.0,0.2691427565569442,3.0,2.1666666666666665,3,1,1.2691427565569442
YGL013C,0.0,0.0,0.0,0.0,1,0,0.0
YJR080C,0.0,0.0,0.0,0.0,2,0,0.0
YDR178W,0.5,1.4666666666666668,3.0,0.0,4,0,1.8075757575757576
YDR179C,0.0,0.0,0.0,0.0,4,0,0.0
YJR015W,0.0,0.0,0.0,0.0,2,0,0.0
YER147C,0.0,0.0,0.0,0.0,3,1,0.0
YDR181C,0.8333333333333334,1.75,12.5,22.2,4,0,2.75
YMR127C,0.5,1.75,2.0,16.40833333333333,5,0,2.75
YDR184C,0.0,0.0,0.0,0.0,4,0,0.0
YLR319C,0.19047619047619047,0.5596070596070596,0.0,4.408333333333333,7,0,1.5596070596070595
YDR214W,0.0,0.0,0.0,0.0,4,0,0.0
YFL016C,0.03571428571428571,0.23376623376623376,4.5,0.0,8,0,0.3865440115440115
YPL231W,0.0,0.0,0.0,0.0,3,1,0.0
YMR316W,0.0,0.0,0.0,0.0,2,0,0.0
YNL239W,0.0,0.0,0.0,0.0,4,0,0.0
YOR075W,0.13333333333333333,0.39617224880382773,6.0,4.5,6,1,1.3961722488038277
YER107C,0.13333333333333333,0.053467561521252795,2.458333333333333,4.857142857142858,6,0,1.0534675615212528
YGL122C,0.10909090909090909,0.6478308663752332,27.833333333333332,13.343531468531468,11,1,1.6478308663752332
YJR069C,0.0,0.0,0.0,0.0,2,0,0.0
YNL049C,0.5,0.43174603174603177,7.0625,0.0,4,0,1.4317460317460318
YOR134W,0.0,0.0,0.0,0.0,1,0,0.0
YOR204W,0.0,0.0,0.0,0.0,1,1,0.0
YDR193W,0.0,0.0,0.0,0.0,1,0,0.0
YDR228C,0.2573099415204678,4.367521367521368,46.0,33.39404761904761,19,1,5.367521367521368
YOR179C,0.6,0.758974358974359,18.0,40.0,5,0,1.758974358974359
YDR196C,0.0,0.0,0.0,0.0,1,1,0.0
YDR199W,0.0,0.0,0.0,0.0,1,0,0.0
YDR200C,0.0,0.0,0.0,1.5,3,0,1.0
YLR238W,0.0,0.0,0.0,0.0,2,0,0.0
YHR083W,0.0,0.0,0.0,0.0,2,1,0.0
YKL179C,0.0,0.0,0.0,0.0,2,0,0.0
YJR033C,0.3333333333333333,0.23333333333333334,3.0,5.843137254901961,3,0,1.2333333333333334
YDR203W,0.0,0.0,0.0,0.0,4,0,0.0
YOR087W,0.0,0.0,0.0,0.0,3,0,0.0
YDR205W,0.0,0.0,0.0,0.0,1,0,0.0
YNR039C,0.0,0.0,0.0,0.0,1,0,0.0
YJL030W,0.022222222222222223,0.2222222222222222,2.0,2.428571428571429,10,0,1.2222222222222223
YJR094C,0.3333333333333333,0.46783253842077377,0.0,0.0,4,0,1.1803382022177833
YMR139W,0.13333333333333333,0.46783253842077377,0.0,6.666666666666667,6,0,1.4678325384207738
YMR263W,0.19444444444444445,1.0444193061840121,25.833333333333332,6.625,9,0,2.044419306184012
YDR211W,0.6888888888888889,3.6091567312677144,0.0,23.641955266955268,10,1,4.609156731267714
YGR083C,0.6909090909090909,4.116192190872498,0.0,64.33333333333333,11,1,5.116192190872498
YLR030W,0.0,0.0,0.0,0.0,3,0,0.0
YDR213W,0.0,0.0,0.0,0.0,1,0,0.0
YOL052C,0.0,0.0,0.0,0.0,1,0,0.0
YDR215C,0.0,0.0,0.0,0.0,2,0,0.0
YPL175W,0.0,0.0,0.0,0.0,1,1,0.0
YDR218C,1.0,0.10263157894736842,0.0,11.80952380952381,2,0,1.1026315789473684
YDR221W,0.0,0.0,0.0,0.0,1,0,0.0
YMR151W,0.0,0.0,0.0,0.0,2,0,0.0
YDR378C,0.125,1.1018830425867039,15.444444444444445,23.5218253968254,17,1,2.101883042586704
YLR183C,0.3333333333333333,0.5864773735581188,22.833333333333332,51.25,9,0,1.5864773735581188
YDR226W,0.0,0.0,0.0,0.0,2,1,0.0
YOR176W,0.0,0.0,0.0,0.0,5,1,0.0
YMR219W,0.0,0.0,0.0,0.0,1,0,0.0
YMR284W,0.0,0.0,0.0,0.0,2,0,0.0
YPR049C,0.0,0.0,0.0,0.0,3,0,0.0
YDR229W,0.047619047619047616,0.023660561938346036,3.7916666666666665,2.5,7,0,1.023660561938346
YGL066W,0.0,0.0,0.0,0.0,2,0,0.0
YJR131W,0.0,0.0,0.0,0.0,3,0,0.0
YDR236C,0.0,0.0,0.0,0.0,1,1,0.0
YGR278W,0.4,0.27748917748917745,6.25,8.961904761904762,6,1,1.2774891774891775
YHR086W,0.3333333333333333,0.26143354902936783,18.833333333333336,12.488888888888887,6,1,1.2614335490293678
YGL205W,0.0,0.0,0.0,0.0,1,0,0.0
YEL036C,0.2,1.2000000000000002,3.4444444444444446,6.333333333333333,6,0,2.2
YJL183W,1.0,1.4666666666666668,5.25,5.75,3,0,2.466666666666667
YDR250C,0.0,0.0,0.0,0.0,1,0,0.0
YDR251W,0.0,0.0,0.0,0.0,1,0,0.0
YPL057C,0.0,0.0,0.0,0.0,3,0,0.0
YDR252W,0.0,0.0,0.0,0.0,3,0,0.0
YJR055W,0.0,0.0,0.0,0.0,3,0,0.0
YDR253C,1.0,0.30000000000000004,2.25,0.0,2,0,1.3
YIR017C,0.07272727272727272,0.5397761830235015,12.666666666666668,2.2403846153846154,11,0,1.5397761830235015
YNL103W,0.13333333333333333,0.6000000000000001,11.333333333333334,0.0,6,1,0.8222222222222223
YDR254W,0.0,0.0,0.0,0.0,2,0,0.0
YEL077C,0.0,0.0,0.0,0.0,2,0,0.0
YIL111W,0.0,0.0,0.0,0.0,2,0,0.0
YDR255C,0.0,0.0,0.0,0.0,1,0,0.0
YDR256C,0.3333333333333333,0.06222556736914752,10.5,2.142857142857143,4,0,1.0622255673691474
YDR484W,0.06666666666666667,0.05337925096857512,1.125,0.7142857142857143,6,0,1.053379250968575
YFR015C,0.06666666666666667,0.30000000000000004,0.0,2.5,6,0,1.3
YGR066C,0.0,0.0,0.0,0.0,3,0,0.0
YDR260C,0.0,0.0,0.0,4.0,2,0,1.0
YFL002WB,0.0,0.0,0.0,0.0,1,0,0.0
YDR262W,0.0,0.0,0.0,0.0,1,0,0.0
YDR454C,0.0,0.0,0.0,0.0,1,1,0.0
YDR263C,0.0,0.0,0.0,0.0,1,0,0.0
YOR214C,0.0,0.0,0.0,0.0,1,0,0.0
YKL178C,0.0,0.0,0.0,0.0,1,0,0.0
YOR101W,0.1,0.26666666666666666,2.25,3.7142857142857135,5,0,1.2666666666666666
YDR266C,0.0,0.0,0.0,2.0,1,0,1.0
YDR267C,0.0,0.0,0.0,2.0,2,1,1.0
YDR268W,0.0,0.0,0.0,0.0,3,0,0.0
YDR270W,0.0,0.0,0.0,0.0,1,0,0.0
YNL259C,0.0,0.0,0.0,0.0,1,0,0.0
YDR271C,0.0,0.0,0.0,0.0,6,0,0.0
YDR509W,0.0,0.0,0.0,0.0,1,0,0.0
YOR244W,0.0,0.0,0.0,0.0,4,1,0.0
YDR275W,0.0,0.0,0.0,0.0,1,0,0.0
YGL237C,0.0,0.0,0.0,10.0,5,0,1.0
YOR060C,0.16666666666666666,0.10671140939597316,2.5277777777777777,0.0,4,1,1.1067114093959731
YDR279W,0.0,0.0,0.0,0.0,3,0,0.0
YIL131C,0.0,0.0,0.0,0.4,3,0,1.0
YLR154C,0.0,0.0,0.0,0.0,1,0,0.0
YOR076C,0.08333333333333333,0.4096577227382181,19.5,6.61904761904762,9,1,1.409657722738218
YPR189W,0.4,0.9366830065359477,13.5,7.76984126984127,6,0,1.9366830065359477
YDR281C,0.0,0.0,0.0,0.0,1,0,0.0
YDR283C,1.0,0.13574660633484165,4.5,2.2403846153846154,2,0,1.1357466063348416
YIL072W,1.0,0.4,2.25,6.0,2,0,1.4
YLR263W,0.06666666666666667,0.4,4.0,2.5,6,0,1.4
YDR286C,0.0,0.0,0.0,0.0,1,0,0.0
YDR287W,0.0,0.0,0.0,0.0,1,0,0.0
YHR163W,0.0,0.0,0.0,0.0,1,0,0.0
YDR289C,0.0,0.0,0.0,0.0,1,0,0.0
YDR290W,0.0,0.0,0.0,0.0,1,0,0.0
YKL154W,0.0,0.0,0.0,0.0,2,1,0.0
YGL086W,0.1,0.3111111111111111,2.0,9.857142857142858,5,0,1.3111111111111111
YLR131C,0.0,0.0,0.0,0.0,5,0,0.0
YHR056C,0.0,0.0,0.0,0.0,4,0,0.0
YPL082C,0.6666666666666666,0.13352468787251395,5.166666666666667,4.2,3,1,1.133524687872514
YDR305C,0.0,0.0,0.0,0.0,1,0,0.0
YDR306C,0.0,0.0,0.0,8.0,2,0,1.0
YER145C,0.16666666666666666,0.34397163120567376,0.0,2.333333333333333,4,0,1.3439716312056738
YER157W,0.20512820512820512,2.0280148569622254,19.844444444444445,27.46587301587301,13,1,3.0280148569622254
YOR174W,0.17857142857142858,0.6483163157736211,4.0,23.23333333333333,8,1,1.6483163157736211
YGR207C,0.0,0.0,0.0,0.0,2,0,0.0
YKL007W,0.0,0.0,0.0,0.0,5,0,0.0
YKL082C,0.2,0.36063218390804597,2.0,4.688636363636364,6,1,1.360632183908046
YMR055C,0.08333333333333333,0.5338203463203464,8.65,24.2,9,0,1.5338203463203464
YMR238W,0.1,0.14583333333333331,2.0,3.5,5,0,1.1458333333333333
YDR310C,1.0,0.6666666666666666,4.5,2.321428571428571,2,0,1.6666666666666665
YOR279C,0.3333333333333333,0.6666666666666666,4.5,3.75,3,0,1.6666666666666665
YER162C,0.14285714285714285,0.3439546296689154,2.75,5.6000000000000005,8,0,1.3439546296689153
YHR113W,0.16666666666666666,0.08585055643879173,1.0,7.0,4,0,1.0858505564387917
YKR050W,0.0,0.0,0.0,0.0,1,0,0.0
YMR294W,0.06060606060606061,0.41733904920403775,22.25,11.75,12,0,1.4173390492040379
YOR089C,0.09523809523809523,0.33367733058135535,7.999999999999999,2.9,7,0,1.3336773305813554
YPL170W,0.0,0.0,0.0,0.0,1,0,0.0
YDR313C,0.0,0.0,0.0,3.0,3,0,1.0
YNL044W,0.08888888888888889,0.34589578657456443,9.791666666666668,28.6,10,1,1.3458957865745644
YDR314C,0.0,0.0,0.0,0.0,1,0,0.0
YDR315C,0.0,0.0,0.0,0.0,4,0,0.0
YJR117W,0.0,0.0,0.0,0.0,1,0,0.0
YLR323C,0.0,0.0,0.0,0.0,1,1,0.0
YDR317W,0.0,0.0,0.0,0.0,1,0,0.0
YDR478W,0.0,0.0,0.0,0.0,1,1,0.0
YDR542W,0.0,0.0,0.0,0.0,2,0,0.0
YER035W,0.0,0.0,0.0,0.0,1,0,0.0
YER084W,0.0,0.0,0.0,0.0,2,0,0.0
YFL015C,0.0,0.0,0.0,0.0,1,0,0.0
YGR018C,0.0,0.0,0.0,0.0,3,0,0.0
YGR036C,0.0,0.0,0.0,0.0,1,0,0.0
YGR146C,0.0,0.0,0.0,0.0,3,0,0.0
YHL042W,0.0,0.0,0.0,0.0,2,0,0.0
YHR142W,0.0,0.0,0.0,0.0,3,0,0.0
YJR060W,0.16666666666666666,0.30000000000000004,1.5,0.0,4,0,0.8555555555555555
YJR135C,0.0,0.0,0.0,0.0,2,1,0.0
YLL033W,0.0,0.0,0.0,0.0,3,0,0.0
YDR319C,0.0,0.0,0.0,0.0,3,0,0.0
YDR320C,0.3333333333333333,0.4242424242424242,1.3333333333333333,0.0,3,0,1.20995670995671
YGR167W,0.3333333333333333,0.6818181818181819,7.416666666666667,0.0,4,0,1.1707070707070706
YDR321W,0.16666666666666666,0.04632034632034632,0.0,35.5,4,0,1.0463203463203463
YGL095C,0.16666666666666666,0.16666666666666666,1.9444444444444444,0.6,4,0,1.1666666666666667
YDR323C,0.0,0.0,0.0,0.0,1,1,0.0
YDR326C,0.0,0.0,0.0,0.0,3,0,0.0
YER007C,0.0,0.0,0.0,0.0,1,0,0.0
YER007CA,0.0,0.0,0.0,0.0,1,0,0.0
YDR327W,0.0,0.0,0.0,0.0,1,1,0.0
YOR378W,0.0,0.0,0.0,0.0,1,0,0.0
YGL149W,0.0,0.0,0.0,0.0,3,0,0.0
YGR140W,0.4,1.1833333333333333,2.583333333333333,2.5955882352941178,5,1,2.1833333333333336
YJL204C,0.0,0.0,0.0,0.0,1,0,0.0
YJR089W,0.3333333333333333,0.2833333333333333,0.0,2.125,3,1,1.2833333333333332
YLR224W,1.0,0.2833333333333333,0.0,7.333333333333334,2,0,1.2833333333333332
YLR399C,0.0,0.0,0.0,0.0,5,0,0.0
YMR258C,0.0,0.0,0.0,0.0,2,0,0.0
YOR057W,0.1,0.2833333333333333,0.0,6.266666666666667,5,1,1.2833333333333332
YDR331W,0.0,0.0,0.0,0.0,1,1,0.0
YDR332W,0.0,0.0,0.0,0.0,1,0,0.0
YMR074C,0.0,0.0,0.0,0.0,1,0,0.0
YDR333C,0.0,0.0,0.0,0.0,1,0,0.0
YDR334W,0.0,0.0,0.0,0.0,1,0,0.0
YFR002W,0.23809523809523808,2.456871021556645,18.124999999999996,29.625,15,1,3.456871021556645
YML103C,0.5,0.6074404761904761,1.8958333333333333,2.017857142857143,4,0,1.6074404761904761
YOR359W,0.0,0.0,0.0,0.0,3,0,0.0
YPR084W,0.0,0.0,0.0,0.0,3,0,0.0
YDR340W,0.0,0.0,0.0,0.0,1,0,0.0
YER048C,0.0,0.0,0.0,0.0,3,0,0.0
YLR081W,0.0,0.0,0.0,0.0,3,0,0.0
YDR344C,0.0,0.0,0.0,0.0,1,0,0.0
YDR345C,0.0,0.0,0.0,0.0,1,0,0.0
YDR346C,0.0,0.0,0.0,0.0,1,0,0.0
YLR077W,0.0,0.0,0.0,0.0,2,0,0.0
YMR295C,0.0,0.0,0.0,0.0,2,0,0.0
YDR349C,0.0,0.0,0.0,0.0,2,0,0.0
YLR099C,0.0,0.0,0.0,0.0,1,0,0.0
YDR350C,0.0,0.0,0.0,0.0,1,0,0.0
YDR351W,0.0,0.0,0.0,0.0,3,0,0.0
YNL070W,0.42424242424242425,5.090909090909091,6.0,22.9,12,0,6.090909090909091
YDR353W,0.06666666666666667,0.023104852018923976,2.0,0.0,6,1,1.0231048520189239
YDR356W,0.14285714285714285,1.0499999999999998,4.125,5.570707070707071,8,1,2.05
YGR078C,0.0,0.0,0.0,0.0,2,0,0.0
YLR212C,1.0,1.1857142857142857,6.458333333333333,3.767676767676768,3,1,2.185714285714286
YOR257W,0.0,0.0,0.0,0.0,3,1,0.0
YDR357C,0.0,0.0,0.0,0.0,3,0,0.0
YGL079W,0.0,0.0,0.0,0.0,3,0,0.0
YMR226C,0.0,0.0,0.0,0.0,2,0,0.0
YDR366C,0.0,0.0,0.0,0.0,2,0,0.0
YGR054W,0.14285714285714285,0.10682028366710171,0.0,31.5,7,0,1.1068202836671017
YHR065C,0.0,0.0,0.0,0.0,1,1,0.0
YDR368W,0.0,0.0,0.0,0.0,1,0,0.0
YDR369C,0.0,0.0,0.0,0.6666666666666666,1,0,1.0
YDR370C,0.0,0.0,0.0,0.0,1,0,0.0
YFL049W,0.0,0.0,0.0,0.0,3,0,0.0
YDR371W,0.0,0.0,0.0,0.0,1,0,0.0
YJL053W,0.23809523809523808,1.6666666666666665,0.0,4.257142857142857,7,0,2.6666666666666665
YLR352W,0.0,0.0,0.0,0.0,2,0,0.0
YDR373W,0.0,0.0,0.0,0.0,3,1,0.0
YDR374C,0.0,0.0,0.0,0.0,1,0,0.0
YIR024C,0.0,0.0,0.0,0.0,2,0,0.0
YGL251C,0.0,0.0,0.0,0.0,2,0,0.0
YJL139C,0.0,0.0,0.0,0.0,1,0,0.0
YLR053C,0.0,0.0,0.0,0.0,3,0,0.0
YMR221C,0.0,0.0,0.0,0.0,1,0,0.0
YOR320C,0.3333333333333333,0.09821428571428571,3.111111111111111,3.0,3,0,1.0982142857142858
YOR382W,0.0,0.0,0.0,0.0,1,0,0.0
YEL050C,0.0,0.0,0.0,0.0,1,0,0.0
YLR083C,0.0,0.0,0.0,0.0,2,0,0.0
YLR315W,0.0,0.0,0.0,0.0,4,0,0.0
YOL104C,0.0,0.0,0.0,0.0,2,0,0.0
YPL002C,0.16666666666666666,0.5833333333333333,2.0,2.25,4,0,1.5833333333333333
YDR384C,0.0,0.0,0.0,0.0,1,0,0.0
YNL024C,0.0,0.0,0.0,0.0,2,0,0.0
YPL108W,0.0,0.0,0.0,0.0,1,0,0.0
YDR387C,0.0,0.0,0.0,0.0,1,0,0.0
YOR292C,0.0,0.0,0.0,0.0,3,0,0.0
YDR515W,0.0,0.0,0.0,0.0,3,0,0.0
YGL016W,0.14285714285714285,0.48943498663174545,14.583333333333332,11.25,7,0,1.4894349866317453
YJR083C,0.03571428571428571,0.07034632034632035,0.0,0.0,8,0,0.578038628038628
YLR144C,0.3333333333333333,0.07034632034632035,2.0,1.6666666666666667,3,0,1.0703463203463204
YLR337W,0.5238095238095238,0.9090634108782929,0.0,0.0,7,0,1.4852713162250106
YLR436C,0.0,0.0,0.0,0.0,3,0,0.0
YPR088C,0.3,1.3333333333333333,38.3,4.466666666666667,5,1,2.333333333333333
YDR390C,0.3333333333333333,0.4344444444444444,0.0,5.7681818181818185,4,1,1.4344444444444444
YPR180W,0.06666666666666667,0.24000000000000002,0.0,2.75,6,1,1.24
YOL148C,0.3333333333333333,0.17142857142857143,2.0,0.0,3,0,1.1714285714285715
YGL074C,0.0,0.0,0.0,0.0,1,1,0.0
YMR216C,0.06666666666666667,0.04494949494949495,0.0,0.0,6,0,1.0449494949494949
YOL070C,0.09523809523809523,0.3819660014781966,2.5,2.5,7,0,1.3819660014781965
YDR397C,0.0,0.0,0.0,0.0,1,1,0.0
YER159C,0.0,0.0,0.0,0.0,2,1,0.0
YPL216W,0.0,0.0,0.0,0.0,1,0,0.0
YDR403W,0.0,0.0,0.0,0.0,1,0,0.0
YKR053C,0.0,0.0,0.0,0.0,1,0,0.0
YDR407C,0.0,0.0,0.0,0.0,1,1,0.0
YDR410C,0.0,0.0,0.0,0.0,1,0,0.0
YDR413C,0.0,0.0,0.0,0.0,2,1,0.0
YGR151C,0.0,0.0,0.0,0.0,2,0,0.0
YGR289C,0.0,0.0,0.0,0.0,1,0,0.0
YOR305W,0.0,0.0,0.0,0.0,1,0,0.0
YGR129W,0.5,0.9461538461538461,10.0,2.017857142857143,5,0,1.9461538461538461
YPL077C,0.0,0.0,0.0,0.0,4,0,0.0
YJL089W,0.3333333333333333,1.398217468805704,58.5,14.75,7,0,2.3982174688057043
YDR423C,0.0,0.0,0.0,0.0,1,0,0.0
YDR425W,0.23809523809523808,0.6477640178878569,13.27777777777778,10.5,7,0,1.647764017887857
YJR110W,0.0,0.0,0.0,0.0,2,0,0.0
YPL280W,0.0,0.0,0.0,0.0,2,0,0.0
YGR067C,1.0,0.044444444444444446,0.0,2.023809523809524,2,0,1.0444444444444445
YMR276W,0.6,0.5082601608917399,4.0,22.25,6,1,1.5082601608917399
YNR059W,0.0,0.0,0.0,0.0,1,0,0.0
YPL001W,0.3333333333333333,0.23448275862068968,3.0,1.0,3,0,1.2344827586206897
YDR428C,0.0,0.0,0.0,0.0,2,0,0.0
YJR070C,0.16666666666666666,0.10795454545454546,1.0,3.5,4,0,1.1079545454545454
YLR190W,0.0,0.0,0.0,0.0,4,0,0.0
YDR430C,1.0,0.3055555555555556,1.0,6.166666666666667,2,0,1.3055555555555556
YDR433W,0.0,0.0,0.0,0.0,2,0,0.0
YNL116W,0.0,0.0,0.0,4.727272727272728,5,0,1.0
YDR435C,0.0,0.0,0.0,0.0,1,0,0.0
YFL040W,0.0,0.0,0.0,0.0,3,0,0.0
YML022W,0.0,0.0,0.0,0.0,3,0,0.0
YNL288W,0.1,0.05900900900900901,1.0,0.0,5,0,1.059009009009009
YDR444W,0.0,0.0,0.0,0.0,1,0,0.0
YDR445C,0.0,0.0,0.0,0.0,2,0,0.0
YDR446W,0.0,0.0,0.0,0.0,1,0,0.0
YFL031W,0.0,0.0,0.0,6.0,1,0,1.0
YDR452W,0.0,0.0,0.0,0.0,2,0,0.0
YIL039W,0.0,0.0,0.0,0.0,2,0,0.0
YLL046C,0.0,0.0,0.0,0.0,2,0,0.0
YLR173W,0.0,0.0,0.0,0.0,1,0,0.0
YOR108W,0.0,0.0,0.0,0.0,1,0,0.0
YDR464W,0.0,0.0,0.0,0.0,2,1,0.0
YJR021C,0.0,0.0,0.0,7.333333333333333,2,0,1.0
YMR018W,0.0,0.0,0.0,0.0,1,0,0.0
YEL005C,0.0,0.0,0.0,0.0,6,0,0.0
YDR474C,0.0,0.0,0.0,0.0,1,0,0.0
YNL218W,0.0,0.0,0.0,0.0,6,0,0.0
YNL257C,0.0,0.0,0.0,0.0,1,0,0.0
YHR039C,0.0,0.0,0.0,0.0,2,0,0.0
YDR482C,0.0,0.0,0.0,6.0,3,0,1.0
YGL028C,0.0,0.0,0.0,0.0,2,0,0.0
YOR276W,0.5,0.23431372549019608,2.0,13.166666666666668,4,0,1.2343137254901961
YDR483W,0.0,0.0,0.0,0.0,1,0,0.0
YDR487C,0.0,0.0,0.0,0.0,1,1,0.0
YDR488C,0.0,0.0,0.0,0.0,2,0,0.0
YIL135C,0.0,0.0,0.0,0.0,2,0,0.0
YFR043C,0.0,0.0,0.0,0.0,3,0,0.0
YJL072C,0.0,0.0,0.0,0.0,2,1,0.0
YML034W,0.0,0.0,0.0,0.0,2,0,0.0
YDR490C,0.0,0.0,0.0,0.0,4,0,0.0
YHR207C,0.0,0.0,0.0,0.0,3,0,0.0
YIR044C,0.0,0.0,0.0,0.0,1,0,0.0
YLR466W,0.0,0.0,0.0,0.0,1,0,0.0
YDR492W,0.0,0.0,0.0,0.0,2,0,0.0
YOR315W,0.0,0.0,0.0,0.0,6,0,0.0
YDR494W,0.0,0.0,0.0,0.0,1,0,0.0
YPL276W,0.0,0.0,0.0,0.0,2,0,0.0
YGR264C,0.16666666666666666,0.17753623188405795,3.0,2.0,4,1,1.1775362318840579
YPL128C,0.16666666666666666,0.026742581090407176,4.666666666666667,2.3,4,1,1.0267425810904072
YDR498C,1.0,0.25263157894736843,2.9166666666666665,2.6944444444444446,2,1,1.2526315789473683
YPR179C,0.0,0.0,0.0,0.0,2,0,0.0
YDR502C,0.16666666666666666,0.27142857142857146,0.0,2.321428571428571,4,0,1.2714285714285714
YPL125W,0.13333333333333333,0.10594386553632403,8.0,4.152380952380953,6,1,1.105943865536324
YDR503C,0.0,0.0,0.0,0.0,3,0,0.0
YER049W,0.0,0.0,0.0,0.0,4,0,0.0
YNR074C,0.0,0.0,0.0,0.0,3,0,0.0
YDR504C,0.0,0.0,0.0,0.0,1,0,0.0
YKL043W,0.0,0.0,0.0,0.0,1,0,0.0
YMR211W,0.0,0.0,0.0,0.0,3,1,0.0
YOR156C,0.06666666666666667,0.10263157894736842,0.0,5.843137254901961,6,0,1.1026315789473684
YPR104C,0.0,0.0,0.0,0.0,1,1,0.0
YDR511W,0.0,0.0,0.0,0.0,1,0,0.0
YDR512C,0.0,0.0,0.0,0.0,1,0,0.0
YDR514C,0.0,0.0,0.0,0.0,1,0,0.0
YNL173C,0.0,0.0,0.0,0.0,3,0,0.0
YGR169C,0.0,0.0,0.0,0.0,2,0,0.0
YKR034W,0.09523809523809523,0.6190476190476191,37.2,15.333333333333334,7,0,1.619047619047619
YDR524C,0.0,0.0,0.0,0.0,2,0,0.0
YOR066W,0.0,0.0,0.0,0.0,2,0,0.0
YDR526C,0.0,0.0,0.0,0.0,1,1,0.0
YDR527W,0.0,0.0,0.0,0.0,3,1,0.0
YDR528W,0.0,0.0,0.0,0.0,3,0,0.0
YNL206C,0.0,0.0,0.0,0.0,2,0,0.0
YDR530C,0.0,0.0,0.0,0.0,1,0,0.0
YDR531W,0.0,0.0,0.0,0.0,1,1,0.0
YHR079C,0.0,0.0,0.0,0.0,3,0,0.0
YIL134W,0.0,0.0,0.0,0.0,1,0,0.0
YKL194C,0.0,0.0,0.0,0.0,1,0,0.0
YDR533C,0.0,0.0,0.0,0.0,3,0,0.0
YMR010W,0.0,0.0,0.0,0.0,1,0,0.0
YDR534C,0.0,0.0,0.0,0.0,2,0,0.0
YDR536W,0.0,0.0,0.0,0.0,1,0,0.0
YDR538W,0.0,0.0,0.0,0.0,1,0,0.0
YDR541C,0.0,0.0,0.0,0.0,1,0,0.0
YLR025W,0.10714285714285714,0.7241867043847241,1.0,2.5,8,0,1.724186704384724
YOR187W,0.0,0.0,0.0,0.0,3,0,0.0
YEL003W,0.5,1.3166666666666667,0.0,2.017857142857143,4,0,2.3166666666666664
YLR200W,0.1111111111111111,0.8282945736434109,4.5,3.142857142857143,9,0,1.8282945736434109
YML094W,1.0,1.3166666666666667,0.0,2.017857142857143,3,0,2.3166666666666664
YGR107W,0.0,0.0,0.0,0.0,1,0,0.0
YEL006W,0.0,0.0,0.0,0.0,1,0,0.0
YEL008W,0.0,0.0,0.0,0.0,1,0,0.0
YHR145C,0.0,0.0,0.0,0.0,2,0,0.0
YPL038W,0.0,0.0,0.0,0.0,2,0,0.0
YEL011W,0.0,0.0,0.0,0.0,1,0,0.0
YEL012W,0.0,0.0,0.0,0.0,1,0,0.0
YHR195W,0.0,0.0,0.0,0.0,2,0,0.0
YLR254C,0.0,0.0,0.0,0.0,5,0,0.0
YPR185W,0.06666666666666667,0.15555555555555556,9.333333333333334,2.761904761904762,6,0,1.1555555555555554
YGR116W,0.3333333333333333,0.12985347985347984,2.0,0.0,4,1,1.1298534798534798
YJR140C,0.0,0.0,0.0,0.0,2,0,0.0
YEL016C,0.0,0.0,0.0,0.0,2,0,0.0
YEL042W,0.0,0.0,0.0,0.0,5,0,0.0
YGL098W,0.0,0.0,0.0,0.0,1,1,0.0
YGR121C,1.0,0.14090909090909093,4.0,0.0,2,0,1.1409090909090909
YKL063C,0.0,0.0,0.0,0.0,2,0,0.0
YPL244C,0.0,0.0,0.0,0.0,2,0,0.0
YPR174C,0.0,0.0,0.0,0.0,3,0,0.0
YEL018W,0.0,0.0,0.0,0.0,1,0,0.0
YEL019C,0.0,0.0,0.0,0.0,1,1,0.0
YOR266W,0.0,0.0,0.0,0.0,2,0,0.0
YEL020C,0.0,0.0,0.0,0.0,1,0,0.0
YNR017W,0.1388888888888889,1.1776315789473684,5.0,3.4,9,1,2.177631578947368
YLR398C,0.0,0.0,0.0,0.0,2,0,0.0
YJR047C,0.0,0.0,0.0,0.0,1,0,0.0
YHR080C,0.0,0.0,0.0,0.0,1,0,0.0
YPL050C,0.0,0.0,0.0,0.0,3,0,0.0
YER143W,0.0,0.0,0.0,0.0,6,0,0.0
YHL030W,0.1,0.11363636363636363,0.0,3.333333333333333,5,0,1.1136363636363635
YEL038W,0.0,0.0,0.0,0.0,1,0,0.0
YEL041W,0.0,0.0,0.0,0.0,4,0,0.0
YJR049C,0.0,0.0,0.0,0.0,2,1,0.0
YER073W,0.0,0.0,0.0,0.0,4,0,0.0
YJL152W,0.3333333333333333,0.3426791277258567,2.0,2.017857142857143,3,0,1.3426791277258567
YLR250W,0.0,0.0,0.0,0.0,1,0,0.0
YNL220W,0.0,0.0,0.0,0.0,1,0,0.0
YEL048C,0.0,0.0,0.0,0.0,5,0,0.0
YHR030C,0.029411764705882353,0.4556818181818182,0.0,14.4984126984127,17,0,1.455681818181818
YIL136W,0.0,0.0,0.0,0.0,1,0,0.0
YEL049W,0.0,0.0,0.0,0.0,2,0,0.0
YEL055C,0.4642857142857143,0.4504264525878743,14.166666666666668,10.190476190476192,8,1,1.4504264525878743
YLR196W,0.1,0.15674603174603174,0.0,6.0,5,1,1.1567460317460316
YLL022C,0.0,0.0,0.0,0.0,3,0,0.0
YMR021C,0.0,0.0,0.0,0.0,6,0,0.0
YEL057C,0.0,0.0,0.0,0.0,1,0,0.0
YEL059W,0.0,0.0,0.0,0.0,1,0,0.0
YJR130C,0.0,0.0,0.0,0.0,1,0,0.0
YMR275C,0.0,0.0,0.0,0.0,2,0,0.0
YMR304W,0.0,0.0,0.0,0.0,2,0,0.0
YNL208W,0.0,0.0,0.0,0.0,2,0,0.0
YLR454W,0.0,0.0,0.0,0.0,2,1,0.0
YEL062W,0.0,0.0,0.0,0.0,2,0,0.0
YOR138C,0.0,0.0,0.0,0.0,2,0,0.0
YEL063C,0.0,0.0,0.0,0.0,3,0,0.0
YGR057C,0.0,0.0,0.0,0.0,3,0,0.0
YOR345C,0.0,0.0,0.0,0.0,1,0,0.0
YIR034C,0.0,0.0,0.0,0.0,2,0,0.0
YNR058W,0.0,0.0,0.0,0.0,4,0,0.0
YEL066W,0.13333333333333333,0.0694251983392703,3.0,81.0,6,0,1.0694251983392702
YPL112C,0.0,0.0,0.0,0.0,2,0,0.0
YLR225C,0.0,0.0,0.0,0.0,2,0,0.0
YEL070W,0.0,0.0,0.0,0.0,2,0,0.0
YEL071W,0.0,0.0,0.0,0.0,1,0,0.0
YLR153C,0.0,0.0,0.0,0.0,6,1,0.0
YEL072W,0.0,0.0,0.0,0.0,1,0,0.0
YOR273C,0.0,0.0,0.0,0.0,1,0,0.0
YEL074W,0.0,0.0,0.0,0.0,1,0,0.0
YEL075C,0.0,0.0,0.0,0.0,1,0,0.0
YEL076WC,0.0,0.0,0.0,0.0,1,0,0.0
YFR053C,0.0,0.0,0.0,0.0,2,0,0.0
YER001W,0.0,0.0,0.0,0.0,1,0,0.0
YER004W,0.0,0.0,0.0,0.0,2,0,0.0
YER007W,0.0,0.0,0.0,3.333333333333333,4,0,1.0
YJL120W,0.0,0.0,0.0,0.0,1,0,0.0
YOR349W,0.0,0.0,0.0,0.0,2,0,0.0
YJL095W,0.21428571428571427,0.717587071126091,22.833333333333332,9.555555555555555,8,0,1.717587071126091
YIL063C,0.3333333333333333,0.22106002810680586,2.0,18.666666666666664,4,1,1.2210600281068058
YOR185C,0.2,0.3176470588235294,6.0,8.166666666666666,5,0,1.3176470588235294
YER010C,0.0,0.0,0.0,0.0,2,0,0.0
YOR274W,0.0,0.0,0.0,0.0,1,0,0.0
YNR011C,0.7142857142857143,1.0416468206715885,6.0,11.0,7,1,2.0416468206715885
YKR066C,0.16666666666666666,0.6666666666666666,2.0,1.6,4,0,1.6666666666666665
YMR089C,1.0,0.8333333333333333,2.0,0.625,2,0,1.8333333333333333
YER018C,0.3333333333333333,0.21978021978021978,2.25,1.25,3,1,1.2197802197802199
YER104W,0.0,0.0,0.0,0.0,3,1,0.0
YPR065W,0.0,0.0,0.0,0.0,2,0,0.0
YOR371C,0.3333333333333333,0.5,9.333333333333334,12.1,3,0,1.5
YFR038W,0.0,0.0,0.0,0.0,1,0,0.0
YGL027C,1.0,0.209009009009009,2.25,0.0,2,0,1.209009009009009
YGL261C,0.0,0.0,0.0,0.0,1,0,0.0
YGR243W,0.0,0.0,0.0,0.0,2,0,0.0
YHL005C,0.0,0.0,0.0,0.0,1,0,0.0
YHL044W,0.0,0.0,0.0,0.0,4,0,0.0
YHL045W,0.0,0.0,0.0,0.0,4,0,0.0
YHR116W,0.0,0.0,0.0,0.0,1,0,0.0
YIL078W,0.0,0.0,0.0,0.0,3,1,0.0
YJL142C,0.0,0.0,0.0,0.0,1,0,0.0
YJR148W,0.3333333333333333,0.08593208593208594,0.0,0.6666666666666666,3,0,1.085932085932086
YKL051W,0.0,0.0,0.0,0.0,1,0,0.0
YKR093W,0.0,0.0,0.0,0.0,1,0,0.0
YLL020C,0.0,0.0,0.0,0.0,3,0,0.0
YLL065W,0.3333333333333333,0.023714891361950187,0.0,0.0,3,0,1.0237148913619503
YLR331C,0.0,0.0,0.0,0.0,1,0,0.0
YML082W,0.0,0.0,0.0,0.0,1,0,0.0
YMR039C,0.0,0.0,0.0,0.0,3,0,0.0
YMR058W,0.0,0.0,0.0,0.0,1,0,0.0
YMR087W,0.0,0.0,0.0,0.0,2,0,0.0
YMR114C,0.0,0.0,0.0,0.0,1,0,0.0
YMR118C,0.0,0.0,0.0,0.0,1,0,0.0
YMR181C,0.0,0.0,0.0,0.0,5,0,0.0
YMR244W,0.0,0.0,0.0,0.0,1,0,0.0
YMR293C,0.0,0.0,0.0,0.0,3,0,0.0
YNL073W,0.0,0.0,0.0,0.0,1,0,0.0
YNL159C,0.0,0.0,0.0,3.0,2,0,1.0
YNL211C,0.0,0.0,0.0,0.0,1,0,0.0
YNL235C,0.0,0.0,0.0,0.0,1,0,0.0
YNL281W,0.0,0.0,0.0,0.0,5,0,0.0
YNR001C,0.0,0.0,0.0,0.0,3,0,0.0
YNR024W,0.0,0.0,0.0,0.0,1,0,0.0
YNR071C,0.16666666666666666,0.021667236857110275,0.0,0.0,4,0,1.0216672368571103
YOL022C,0.0,0.0,0.0,0.0,1,1,0.0
YOL042W,0.0,0.0,0.0,0.0,2,0,0.0
YOL106W,0.0,0.0,0.0,0.0,3,0,0.0
YOR028C,0.0,0.0,0.0,0.0,9,0,0.0
YOR039W,0.20512820512820512,1.1664706683089034,0.0,15.75,13,0,2.1664706683089037
YOR072W,0.0,0.0,0.0,0.0,1,0,0.0
YOR143C,0.0,0.0,0.0,0.0,1,1,0.0
YOR302W,0.02197802197802198,0.22167869226692757,0.0,0.0,14,0,0.3208222849743305
YOR336W,0.0,0.0,0.0,0.0,1,1,0.0
YOR388C,0.0,0.0,0.0,0.0,2,0,0.0
YPL053C,0.0,0.0,0.0,0.0,2,0,0.0
YPL098C,1.0,0.021667236857110275,4.5,1.25,2,0,1.0216672368571103
YER026C,0.0,0.0,0.0,0.0,1,1,0.0
YLR220W,0.0,0.0,0.0,0.0,1,1,0.0
YER031C,0.1794871794871795,1.6891032728881026,36.541666666666664,24.00394736842105,13,0,2.6891032728881026
YNL146W,0.0,0.0,0.0,0.0,2,0,0.0
YPR017C,0.0,0.0,0.0,8.333333333333334,2,0,1.0
YLR456W,0.0,0.0,0.0,0.0,7,0,0.0
YGR206W,0.0,0.0,0.0,0.0,1,0,0.0
YNL142W,0.0,0.0,0.0,0.0,1,0,0.0
YER037W,0.0,0.0,0.0,0.0,1,0,0.0
YER052C,0.0,0.0,0.0,0.0,7,0,0.0
YML023C,0.0,0.0,0.0,0.0,3,1,0.0
YER039C,0.0,0.0,0.0,0.0,3,0,0.0
YMR119W,0.0,0.0,0.0,0.0,3,0,0.0
YJR066W,0.10714285714285714,0.857142857142857,0.8,4.923809523809524,8,0,1.857142857142857
YKL203C,0.3333333333333333,0.34285714285714286,0.4,0.0,3,1,1.315079365079365
YPL051W,0.0,0.0,0.0,4.25,6,0,1.0
YER045C,0.0,0.0,0.0,0.0,5,0,0.0
YGR247W,0.0,0.0,0.0,0.0,2,0,0.0
YOR059C,0.0,0.0,0.0,0.0,5,0,0.0
YPL205C,0.0,0.0,0.0,0.0,2,0,0.0
YGR271W,0.0,0.0,0.0,0.0,1,0,0.0
YER051W,0.0,0.0,0.0,0.0,3,0,0.0
YLR121C,0.0,0.0,0.0,0.0,3,0,0.0
YKR079C,0.0,0.0,0.0,0.0,1,1,0.0
YER053C,0.0,0.0,0.0,0.0,2,0,0.0
YLR326W,0.0,0.0,0.0,0.0,2,0,0.0
YKL193C,0.6666666666666666,0.31792929292929295,0.0,3.583333333333333,3,1,1.317929292929293
YMR311C,0.6666666666666666,0.4797979797979798,0.0,7.75,3,0,1.4797979797979797
YER057C,0.0,0.0,0.0,0.0,2,0,0.0
YER058W,0.0,0.0,0.0,0.0,1,0,0.0
YER156C,0.0,0.0,0.0,0.0,3,0,0.0
YJL084C,0.0,0.0,0.0,0.0,4,0,0.0
YOR392W,0.0,0.0,0.0,0.0,2,0,0.0
YER061C,0.0,0.0,0.0,0.0,1,0,0.0
YPL073C,0.0,0.0,0.0,0.0,3,0,0.0
YER062C,0.0,0.0,0.0,0.0,2,0,0.0
YPL201C,0.0,0.0,0.0,0.0,2,0,0.0
YKL056C,0.0,0.0,0.0,0.0,4,0,0.0
YOR333C,1.0,0.19047619047619047,0.0,0.0,2,0,1.1904761904761905
YPL172C,0.0,0.0,0.0,0.0,1,0,0.0
YNL157W,0.0,0.0,0.0,0.0,4,0,0.0
YPL212C,0.0,0.0,0.0,0.0,2,0,0.0
YPR125W,0.0,0.0,0.0,0.0,1,1,0.0
YER066W,0.0,0.0,0.0,0.0,4,0,0.0
YMR154C,0.06666666666666667,0.15275813295615276,0.0,0.0,6,0,0.5891778860425725
YPL180W,0.0,0.0,0.0,0.0,1,0,0.0
YER069W,0.0,0.0,0.0,0.0,2,0,0.0
YLR214W,0.0,0.0,0.0,0.0,1,0,0.0
YER070W,0.6666666666666666,1.6,15.5,87.0,4,1,2.6
YGR180C,0.3,1.15,6.111111111111111,16.6,5,0,2.15
YOR171C,0.0,0.0,0.0,0.0,5,0,0.0
YPL032C,0.0,0.0,0.0,0.0,4,0,0.0
YPL257W,0.0,0.0,0.0,0.0,2,0,0.0
YLR113W,0.047619047619047616,0.25,0.0,2.566666666666667,7,0,1.25
YER076C,0.0,0.0,0.0,0.0,1,0,0.0
YER077C,0.0,0.0,0.0,0.0,2,0,0.0
YFL027C,0.0,0.0,0.0,0.0,3,0,0.0
YER079W,0.0,0.0,0.0,0.0,4,0,0.0
YFR017C,0.0,0.0,0.0,0.0,4,0,0.0
YGL039W,0.0,0.0,0.0,0.0,1,0,0.0
YGL096W,0.16666666666666666,0.04532163742690058,4.5,2.5,4,0,1.0453216374269005
YGL110C,0.0,0.0,0.0,0.0,1,0,0.0
YGR210C,0.0,0.0,0.0,0.0,2,0,0.0
YGR293C,0.0,0.0,0.0,0.0,1,0,0.0
YIL044C,0.0,0.0,0.0,0.0,1,0,0.0
YIL074C,0.0,0.0,0.0,0.0,5,0,0.0
YKR073C,0.0,0.0,0.0,0.0,1,0,0.0
YLR151C,0.0,0.0,0.0,0.0,3,0,0.0
YNR042W,0.0,0.0,0.0,0.0,2,0,0.0
YOR189W,0.0,0.0,0.0,0.0,2,0,0.0
YOR222W,0.0,0.0,0.0,0.0,1,0,0.0
YOR246C,0.0,0.0,0.0,0.0,1,0,0.0
YOR258W,0.0,0.0,0.0,0.0,1,0,0.0
YOR263C,0.0,0.0,0.0,0.0,2,0,0.0
YOR300W,0.0,0.0,0.0,0.0,1,0,0.0
YOR318C,0.0,0.0,0.0,0.0,1,0,0.0
YOR387C,0.0,0.0,0.0,0.0,1,0,0.0
YPL229W,0.0,0.0,0.0,0.0,3,0,0.0
YPR038W,0.0,0.0,0.0,0.0,1,0,0.0
YPR046W,0.0,0.0,0.0,0.0,6,0,0.0
YPR059C,0.0,0.0,0.0,0.0,1,0,0.0
YPR149W,0.0,0.0,0.0,0.0,1,0,0.0
YJL135W,0.0,0.0,0.0,0.0,2,0,0.0
YER083C,0.0,0.0,0.0,0.0,3,0,0.0
YMR038C,0.0,0.0,0.0,4.857142857142857,3,0,1.0
YOR383C,0.0,0.0,0.0,0.0,1,0,0.0
YJL091C,0.0,0.0,0.0,0.0,2,1,0.0
YER088C,0.0,0.0,0.0,0.0,1,0,0.0
YER090W,0.3333333333333333,0.5714285714285714,0.0,4.0,3,0,1.5714285714285714
YKL211C,0.3333333333333333,0.5714285714285714,0.0,2.9333333333333336,3,0,1.5714285714285714
YOR155C,0.0,0.0,0.0,0.0,3,0,0.0
YER091C,0.0,0.0,0.0,0.0,2,0,0.0
YMR233W,0.0,0.0,0.0,0.0,3,0,0.0
YPL238C,0.0,0.0,0.0,0.0,1,1,0.0
YPR011C,0.0,0.0,0.0,0.0,1,0,0.0
YER096W,0.0,0.0,0.0,0.0,2,0,0.0
YER099C,0.3333333333333333,1.0333333333333332,3.0,3.0,4,0,2.033333333333333
YKL181W,0.3333333333333333,0.5833333333333333,2.0,2.0,3,0,1.5833333333333333
YER100W,0.0,0.0,0.0,2.0,3,0,1.0
YJR077C,0.0,0.0,0.0,0.0,5,0,0.0
YGL065C,0.0,0.0,0.0,0.0,1,1,0.0
YPR001W,0.0,0.0,0.0,0.0,1,0,0.0
YHL008C,0.0,0.0,0.0,0.0,2,0,0.0
YER109C,0.0,0.0,0.0,0.0,1,0,0.0
YKR001C,0.0,0.0,0.0,0.0,3,0,0.0
YNL313C,0.3333333333333333,0.34509803921568627,2.25,0.0,3,1,1.3110071301247772
YER111C,0.3333333333333333,0.40340909090909094,0.0,4.587301587301587,4,0,1.4034090909090908
YIL029C,0.0,0.0,0.0,0.0,1,0,0.0
YJR138W,0.3333333333333333,0.05295429208472687,0.0,1.125,3,0,1.0529542920847268
YKL209C,0.0,0.0,0.0,0.0,2,0,0.0
YLL032C,0.0,0.0,0.0,0.0,2,0,0.0
YLR269C,0.3333333333333333,0.032036613272311214,4.0,2.1666666666666665,3,0,1.032036613272311
YNL091W,0.0,0.0,0.0,0.0,7,0,0.0
YOR219C,0.0,0.0,0.0,0.0,1,0,0.0
YOR188W,0.0,0.0,0.0,0.0,3,0,0.0
YOR370C,0.16666666666666666,0.6666666666666666,0.0,0.6,4,1,1.5666666666666667
YOL003C,0.0,0.0,0.0,0.0,1,0,0.0
YLR096W,0.0,0.0,0.0,0.0,1,0,0.0
YNL139C,0.0,0.0,0.0,0.0,1,0,0.0
YER119C,0.0,0.0,0.0,0.0,3,0,0.0
YKL055C,0.0,0.0,0.0,0.0,1,0,0.0
YNL027W,0.06666666666666667,0.2909090909090909,0.0,0.0,6,0,0.5200757575757575
YER121W,0.0,0.0,0.0,0.0,1,0,0.0
YER122C,0.0,0.0,0.0,0.0,4,0,0.0
YER176W,0.0,0.0,0.0,0.0,2,0,0.0
YER123W,1.0,0.25396825396825395,1.1666666666666667,0.0,2,0,1.253968253968254
YHR003C,0.0,0.0,0.0,0.0,3,0,0.0
YFR022W,0.0,0.0,0.0,0.0,2,0,0.0
YKL020C,0.0,0.0,0.0,15.6,3,0,1.0
YML111W,0.0,0.0,0.0,0.0,1,0,0.0
YOR018W,0.0,0.0,0.0,0.0,2,0,0.0
YOR385W,0.0,0.0,0.0,0.0,1,0,0.0
YHR204W,0.0,0.0,0.0,0.0,5,0,0.0
YML093W,0.9523809523809523,0.685569645737713,14.166666666666666,12.5,7,1,1.685569645737713
YER128W,0.0,0.0,0.0,0.0,1,0,0.0
YPR173C,0.09523809523809523,0.619047619047619,4.5,0.5,7,0,1.4267399267399268
YER129W,0.0,0.0,0.0,0.0,2,0,0.0
YLR420W,0.0,0.0,0.0,0.0,2,0,0.0
YLL027W,1.0,0.03419053185271771,2.0,0.7142857142857143,2,0,1.0341905318527178
YLR435W,0.1,0.03419053185271771,1.0,5.0,5,0,1.0341905318527178
YHR100C,0.0,0.0,0.0,0.0,1,0,0.0
YOR344C,0.1,0.08055555555555555,5.833333333333333,0.0,5,0,1.0805555555555555
YOR351C,0.0,0.0,0.0,7.5,3,0,1.0
YER136W,0.0,0.0,0.0,0.0,3,1,0.0
YER137C,0.0,0.0,0.0,0.0,1,0,0.0
YER138C,1.0,3.0,4.0,0.0,3,0,3.3333333333333335
YER160C,1.0,3.0,4.0,0.0,3,0,3.3333333333333335
YJR027W,1.0,3.0,4.0,0.0,3,0,3.3333333333333335
YJR028W,1.0,3.0,6.0,0.0,3,0,3.3333333333333335
YOR034C,0.0,0.0,0.0,0.0,3,0,0.0
YIL056W,0.0,0.0,0.0,0.0,1,0,0.0
YFL066C,1.0,0.1468253968253968,0.0,0.0,2,0,1.1468253968253967
YLR058C,0.0,0.0,0.0,0.0,4,0,0.0
YOR201C,0.0,0.0,0.0,0.0,1,0,0.0
YPL152W,0.0,0.0,0.0,0.0,4,0,0.0
YIR005W,0.0,0.0,0.0,4.857142857142857,2,0,1.0
YKL058W,0.4,0.8385778635778636,6.25,16.5,5,1,1.8385778635778636
YNL039W,0.13333333333333333,0.5381381381381382,3.0,2.288235294117647,6,1,1.5381381381381383
YOR194C,0.26666666666666666,0.8385778635778636,6.25,14.25,6,1,1.8385778635778636
YIL040W,0.0,0.0,0.0,0.0,2,0,0.0
YKL034W,0.0,0.0,0.0,0.0,1,0,0.0
YER151C,0.0,0.0,0.0,0.0,1,0,0.0
YER152C,0.0,0.0,0.0,0.0,1,0,0.0
YJL107C,0.0,0.0,0.0,0.0,2,0,0.0
YER153C,0.0,0.0,0.0,0.0,2,0,0.0
YJL170C,0.0,0.0,0.0,0.0,2,0,0.0
YER154W,0.0,0.0,0.0,0.0,3,0,0.0
YOR121C,0.0,0.0,0.0,0.0,2,0,0.0
YHL031C,1.0,0.1388888888888889,2.9166666666666665,2.0,2,0,1.1388888888888888
YPR105C,0.0641025641025641,0.5576285240464345,6.333333333333333,11.88034188034188,13,1,1.5576285240464345
YKL120W,0.0,0.0,0.0,0.0,1,0,0.0
YER159CA,0.0,0.0,0.0,0.0,1,0,0.0
YPR158WA,0.0,0.0,0.0,0.0,2,0,0.0
YJR052W,0.0,0.0,0.0,5.5,3,0,1.0
YER163C,0.0,0.0,0.0,0.0,1,0,0.0
YER167W,0.0,0.0,0.0,0.0,2,0,0.0
YGR229C,0.0,0.0,0.0,0.0,5,0,0.0
YER168C,0.0,0.0,0.0,0.0,1,1,0.0
YER169W,0.0,0.0,0.0,0.0,1,0,0.0
YPL071C,0.0,0.0,0.0,0.0,1,0,0.0
YER170W,0.0,0.0,0.0,0.0,1,0,0.0
YHR079CA,0.0,0.0,0.0,0.0,3,0,0.0
YPL194W,0.0,0.0,0.0,0.0,3,0,0.0
YER175C,0.0,0.0,0.0,0.0,2,0,0.0
YLR155C,0.16666666666666666,0.20719424460431657,0.0,2.083333333333333,4,0,1.2071942446043167
YLR160C,0.16666666666666666,0.20719424460431657,0.0,2.083333333333333,4,0,1.2071942446043167
YKL124W,0.0,0.0,0.0,0.0,1,0,0.0
YGL151W,1.0,0.04980192416525184,2.0,10.1,2,0,1.0498019241652519
YJL125C,0.0,0.0,0.0,0.0,2,1,0.0
YNL013C,0.0,0.0,0.0,0.0,4,0,0.0
YNR010W,0.3333333333333333,0.04980192416525184,2.0,14.375,3,0,1.0498019241652519
YPR168W,0.1,0.04980192416525184,2.0,10.166666666666666,5,1,1.0498019241652519
YER180C,0.0,0.0,0.0,0.0,2,0,0.0
YER181C,0.0,0.0,0.0,0.0,1,0,0.0
YER184C,0.0,0.0,0.0,0.0,1,0,0.0
YER186C,0.0,0.0,0.0,0.0,1,0,0.0
YER188W,0.0,0.0,0.0,0.0,1,0,0.0
YFL005W,0.4666666666666667,0.869233746130031,14.694444444444443,42.5,6,1,1.869233746130031
YNL272C,0.0,0.0,0.0,0.0,2,1,0.0
YFL006W,0.3,0.1449915824915825,0.0,2.0,5,0,1.1449915824915826
YFL007W,0.0,0.0,0.0,0.0,2,0,0.0
YOL115W,0.1,0.16847826086956522,5.833333333333333,0.4545454545454545,5,0,1.1684782608695652
YPR141C,0.17857142857142858,0.6713595583160801,7.111111111111111,1.9,8,0,1.67135955831608
YOL133W,0.0,0.0,0.0,8.0,9,1,1.0
YFL010C,0.0,0.0,0.0,0.0,5,0,0.0
YPL059W,0.1,0.26785714285714285,6.0,1.5555555555555556,5,0,1.2678571428571428
YPR054W,0.0,0.0,0.0,0.0,4,0,0.0
YFL011W,0.0,0.0,0.0,0.0,1,0,0.0
YFL012W,1.0,0.17601246105919002,0.0,2.023809523809524,2,0,1.17601246105919
YPL111W,0.14285714285714285,0.34868586533123,0.0,8.166666666666668,7,0,1.34868586533123
YFL013C,0.0,0.0,0.0,0.0,3,0,0.0
YJR045C,0.19047619047619047,1.0746753246753247,5.5,2.05,7,1,2.074675324675325
YKL189W,0.0,0.0,0.0,0.0,1,1,0.0
YJR051W,0.0,0.0,0.0,0.0,1,0,0.0
YOL058W,0.3333333333333333,0.3055555555555556,0.0,18.25,3,0,1.3055555555555556
YFL020C,0.0,0.0,0.0,0.0,2,0,0.0
YGR072W,0.1,0.24358974358974358,4.5,0.0,5,0,0.6541160593792174
YFL021W,0.0,0.0,0.0,0.0,5,0,0.0
YLR068W,0.0,0.0,0.0,0.0,2,0,0.0
YLR060W,1.0,0.5833333333333333,2.0,0.0,2,1,1.5833333333333333
YPR047W,0.16666666666666666,0.5833333333333333,2.0,0.0,4,0,0.8690476190476191
YLR243W,0.0,0.0,0.0,0.0,3,1,0.0
YFL026W,0.0,0.0,0.0,0.0,3,0,0.0
YGR141W,0.0,0.0,0.0,0.0,2,0,0.0
YKL195W,0.0,0.0,0.0,0.0,2,1,0.0
YPR161C,0.0,0.0,0.0,0.0,1,1,0.0
YFL030W,0.0,0.0,0.0,0.0,2,0,0.0
YIR016W,0.0,0.0,0.0,0.0,3,0,0.0
YFL035C,0.0,0.0,0.0,0.0,4,1,0.0
YFL036W,0.0,0.0,0.0,0.0,2,0,0.0
YMR228W,0.0,0.0,0.0,0.0,3,0,0.0
YOR265W,0.0,0.0,0.0,0.0,3,0,0.0
YGR080W,0.0,0.0,0.0,0.0,2,0,0.0
YIL138C,0.0,0.0,0.0,5.428571428571429,1,0,1.0
YOR122C,0.13333333333333333,0.21536796536796535,10.333333333333334,2.0296052631578947,6,1,1.2153679653679654
YOR141C,0.0,0.0,0.0,0.0,1,0,0.0
YLR349W,0.0,0.0,0.0,0.0,1,0,0.0
YFL042C,0.0,0.0,0.0,0.0,2,0,0.0
YFL043C,0.0,0.0,0.0,0.0,1,0,0.0
YFL044C,0.0,0.0,0.0,0.0,1,0,0.0
YFL045C,0.0,0.0,0.0,0.0,1,1,0.0
YLR343W,0.0,0.0,0.0,0.0,1,0,0.0
YOL152W,0.0,0.0,0.0,0.0,2,0,0.0
YFL050C,0.0,0.0,0.0,0.0,1,0,0.0
YFL051C,0.0,0.0,0.0,0.0,2,0,0.0
YKL026C,0.0,0.0,0.0,0.0,1,0,0.0
YNL316C,0.0,0.0,0.0,0.0,1,0,0.0
YFL052W,0.0,0.0,0.0,0.0,2,0,0.0
YOR366W,0.0,0.0,0.0,0.0,1,0,0.0
YFL054C,0.0,0.0,0.0,0.0,1,0,0.0
YFL055W,0.0,0.0,0.0,0.0,1,0,0.0
YFL056C,0.0,0.0,0.0,0.0,2,0,0.0
YFL060C,0.5,0.9,0.0,6.5,4,0,1.9
YJL047C,0.0,0.0,0.0,0.0,5,0,0.0
YMR095C,1.0,0.9,0.0,4.1,3,0,1.9
YMR096W,0.4666666666666667,2.1999999999999997,0.0,6.200000000000001,6,0,3.1999999999999997
YMR322C,0.5,0.9,0.0,2.9,4,0,1.9
YNL334C,0.1,0.25,0.0,0.0,5,0,0.65
YFL061W,0.0,0.0,0.0,0.0,1,0,0.0
YFL065C,0.0,0.0,0.0,0.0,1,0,0.0
YLR415C,0.0,0.0,0.0,0.0,1,0,0.0
YFL067W,0.0,0.0,0.0,0.0,1,0,0.0
YFL068W,0.0,0.0,0.0,0.0,2,0,0.0
YIL149C,0.0,0.0,0.0,0.0,2,0,0.0
YLR178C,0.6666666666666666,0.43358395989974935,16.0,4.964285714285714,4,0,1.4335839598997493
YMR129W,0.5,0.8864468864468864,4.0,6.571428571428571,4,0,1.8864468864468864
YFR003C,0.0,0.0,0.0,1.25,3,1,1.0
YIL064W,0.0,0.0,0.0,0.0,1,0,0.0
YOR147W,0.0,0.0,0.0,0.0,3,0,0.0
YPR050C,0.0,0.0,0.0,0.0,3,0,0.0
YIR011C,0.0,0.0,0.0,0.0,2,1,0.0
YOR086C,0.5,0.3087263613579403,0.0,2.083333333333333,4,0,1.3087263613579403
YPR033C,0.0,0.0,0.0,0.0,3,1,0.0
YFR008W,0.14285714285714285,0.31225815367606413,0.0,20.5,7,0,1.3122581536760642
YFR009W,0.0,0.0,0.0,0.0,2,0,0.0
YFR011C,0.0,0.0,0.0,0.0,1,0,0.0
YJL021C,0.0,0.0,0.0,0.0,2,0,0.0
YFR013W,0.0,0.0,0.0,0.0,1,0,0.0
YJL137C,0.3333333333333333,0.30000000000000004,0.0,8.0,3,0,1.3
YFR016C,0.0,0.0,0.0,0.0,1,0,0.0
YOR010C,0.0,0.0,0.0,0.0,3,0,0.0
YJL212C,0.0,0.0,0.0,0.0,1,0,0.0
YFR018C,0.0,0.0,0.0,0.0,1,0,0.0
YGR105W,0.0,0.0,0.0,0.0,1,0,0.0
YHR103W,0.0,0.0,0.0,0.0,1,0,0.0
YLR094C,0.0,0.0,0.0,0.0,4,0,0.0
YML059C,0.0,0.0,0.0,0.0,1,0,0.0
YNL242W,0.0,0.0,0.0,0.0,2,0,0.0
YFR024CA,0.0,0.0,0.0,0.0,1,0,0.0
YFR026C,0.0,0.0,0.0,0.0,2,0,0.0
YMR076C,0.0,0.0,0.0,0.0,1,1,0.0
YFR028C,0.21428571428571427,0.7499435347261434,2.7,8.916666666666666,8,1,1.7499435347261434
YJR053W,0.16666666666666666,0.26785714285714285,6.65,0.0,4,0,0.890079365079365
YMR065W,0.06666666666666667,0.18382352941176472,1.9444444444444444,0.0,6,0,0.5464901960784314
YOL001W,0.0,0.0,0.0,0.0,3,0,0.0
YJR031C,0.0,0.0,0.0,0.0,1,0,0.0
YML127W,0.0,0.0,0.0,0.0,2,1,0.0
YMR091C,0.0,0.0,0.0,0.0,2,0,0.0
YFR039C,0.0,0.0,0.0,0.0,1,0,0.0
YFR042W,0.0,0.0,0.0,0.0,2,1,0.0
YNR025C,0.0,0.0,0.0,0.0,2,0,0.0
YFR044C,0.0,0.0,0.0,0.0,2,0,0.0
YFR045W,0.0,0.0,0.0,0.0,1,0,0.0
YOL062C,0.3333333333333333,0.30952380952380953,3.0,0.0,3,0,1.3095238095238095
YJL141C,0.0,0.0,0.0,5.4,5,0,1.0
YNL253W,0.0,0.0,0.0,0.0,2,0,0.0
YJR133W,0.0,0.0,0.0,0.0,4,0,0.0
YLR235C,0.0,0.0,0.0,0.0,1,0,0.0
YGL001C,0.0,0.0,0.0,0.0,1,1,0.0
YGL005C,0.0,0.0,0.0,0.0,2,0,0.0
YGL006W,0.0,0.0,0.0,0.0,1,0,0.0
YGL009C,0.0,0.0,0.0,0.0,1,0,0.0
YGL010W,0.0,0.0,0.0,0.0,2,0,0.0
YGL014W,0.0,0.0,0.0,0.0,2,1,0.0
YNL231C,0.0,0.0,0.0,0.0,1,0,0.0
YGL015C,0.0,0.0,0.0,0.0,1,0,0.0
YGL018C,0.0,0.0,0.0,0.0,1,1,0.0
YMR172W,0.0,0.0,0.0,0.0,2,0,0.0
YNL087W,0.0,0.0,0.0,0.0,1,0,0.0
YGL021W,0.0,0.0,0.0,0.0,1,0,0.0
YLR133W,0.0,0.0,0.0,0.0,2,0,0.0
YGL023C,0.0,0.0,0.0,0.0,1,0,0.0
YGL024W,0.0,0.0,0.0,0.0,1,0,0.0
YOL130W,0.0,0.0,0.0,0.0,5,1,0.0
YGL029W,0.0,0.0,0.0,0.0,1,1,0.0
YGL032C,0.0,0.0,0.0,0.0,2,0,0.0
YGR257C,0.0,0.0,0.0,0.0,1,0,0.0
YNR044W,0.0,0.0,0.0,0.0,1,0,0.0
YPL025C,0.0,0.0,0.0,0.0,1,0,0.0
YML124C,0.1,0.12955465587044535,0.0,0.0,5,0,0.9014296558704454
YGL037C,0.16666666666666666,0.023104852018923976,2.0,4.888888888888889,4,0,1.0231048520189239
YGL040C,0.3333333333333333,0.023104852018923976,0.0,16.0,3,1,1.0231048520189239
YGL042C,0.0,0.0,0.0,0.0,1,0,0.0
YJR030C,0.0,0.0,0.0,0.0,2,0,0.0
YGR004W,0.3333333333333333,0.4583333333333333,2.9166666666666665,0.0,3,0,1.1856060606060606
YGL046W,0.0,0.0,0.0,0.0,1,0,0.0
YGL047W,0.0,0.0,0.0,0.0,1,1,0.0
YGR184C,0.14285714285714285,0.13962921488117458,0.0,10.666666666666666,7,0,1.1396292148811746
YGL050W,0.0,0.0,0.0,0.0,1,0,0.0
YGL053W,0.0,0.0,0.0,0.0,6,0,0.0
YJL134W,0.0,0.0,0.0,0.0,1,0,0.0
YOL107W,0.0,0.0,0.0,0.0,2,0,0.0
YGL054C,0.0,0.0,0.0,0.0,2,0,0.0
YLL043W,0.0,0.0,0.0,0.0,2,0,0.0
YKL153W,0.0,0.0,0.0,0.0,2,1,0.0
YOL080C,0.0,0.0,0.0,0.0,1,0,0.0
YGL060W,0.0,0.0,0.0,0.0,2,0,0.0
YIR004W,0.0,0.0,0.0,0.0,2,1,0.0
YJL179W,0.0,0.0,0.0,0.0,3,0,0.0
YGR094W,0.0,0.0,0.0,0.0,4,1,0.0
YGL069C,0.0,0.0,0.0,0.0,1,1,0.0
YJL182C,0.0,0.0,0.0,0.0,1,0,0.0
YJR162C,0.0,0.0,0.0,0.0,1,0,0.0
YKL036C,0.0,0.0,0.0,0.0,3,1,0.0
YKL086W,0.0,0.0,0.0,0.0,2,0,0.0
YKL190W,0.0,0.0,0.0,3.7777777777777777,3,0,1.0
YGL073W,0.0,0.0,0.0,0.0,2,1,0.0
YGL083W,0.0,0.0,0.0,0.0,1,0,0.0
YMR264W,0.0,0.0,0.0,0.0,1,0,0.0
YGL084C,0.0,0.0,0.0,0.0,3,1,0.0
YLR308W,0.0,0.0,0.0,0.0,1,0,0.0
YHR036W,0.0,0.0,0.0,0.0,1,1,0.0
YPR111W,0.0,0.0,0.0,0.0,2,1,0.0
YGL093W,0.0,0.0,0.0,0.0,1,1,0.0
YGL094C,0.0,0.0,0.0,0.0,1,0,0.0
YOR364W,0.0,0.0,0.0,0.0,2,0,0.0
YGL102C,0.0,0.0,0.0,0.0,1,1,0.0
YHR194W,0.0,0.0,0.0,0.0,2,0,0.0
YGL105W,0.0,0.0,0.0,0.0,2,0,0.0
YKL205W,0.06666666666666667,0.14215686274509803,8.125,5.9,6,1,1.142156862745098
YNL016W,0.0,0.0,0.0,0.0,3,0,0.0
YOR220W,0.0,0.0,0.0,0.0,3,0,0.0
YGL113W,0.0,0.0,0.0,0.0,1,1,0.0
YPR194C,0.0,0.0,0.0,0.0,1,0,0.0
YJL114W,0.0,0.0,0.0,0.0,1,0,0.0
YML110C,0.0,0.0,0.0,0.0,1,0,0.0
YMR291W,0.0,0.0,0.0,5.6,1,0,1.0
YGL119W,0.0,0.0,0.0,0.0,1,0,0.0
YGR161C,0.0,0.0,0.0,0.0,2,0,0.0
YIL092W,0.0,0.0,0.0,0.0,4,0,0.0
YGL124C,0.0,0.0,0.0,0.0,1,0,0.0
YKL025C,0.0,0.0,0.0,0.0,4,0,0.0
YGL126W,0.0,0.0,0.0,0.0,1,0,0.0
YGL157W,0.0,0.0,0.0,0.0,3,0,0.0
YHR130C,0.0,0.0,0.0,0.0,3,0,0.0
YIL025C,0.0,0.0,0.0,0.0,4,0,0.0
YIL031W,0.0,0.0,0.0,0.0,1,1,0.0
YJL032W,0.0,0.0,0.0,0.0,1,1,0.0
YKL137W,0.0,0.0,0.0,0.0,3,0,0.0
YLR019W,0.0,0.0,0.0,7.6,2,0,1.0
YLR108C,0.3333333333333333,0.06894687252403692,13.333333333333334,91.0,4,0,1.068946872524037
YML133C,0.0,0.0,0.0,0.0,2,0,0.0
YMR202W,0.0,0.0,0.0,0.0,2,0,0.0
YNR028W,0.0,0.0,0.0,0.0,7,0,0.0
YOL016C,0.0,0.0,0.0,0.0,3,0,0.0
YOR162C,0.0,0.0,0.0,0.0,1,0,0.0
YOR289W,0.0,0.0,0.0,0.0,2,0,0.0
YOR377W,0.0,0.0,0.0,0.0,2,0,0.0
YPL064C,0.0,0.0,0.0,0.0,2,0,0.0
YOR054C,0.0,0.0,0.0,0.0,1,0,0.0
YGL138C,0.0,0.0,0.0,0.0,1,0,0.0
YGL139W,0.0,0.0,0.0,0.0,1,0,0.0
YGL145W,0.0,0.0,0.0,0.0,5,1,0.0
YGL148W,0.0,0.0,0.0,0.0,1,0,0.0
YGL150C,0.0,0.0,0.0,0.0,1,1,0.0
YLR284C,0.2,0.3677489177489177,9.333333333333334,7.666666666666666,5,0,1.3677489177489177
YOL105C,0.0,0.0,0.0,0.0,3,0,0.0
YGL254W,0.0,0.0,0.0,0.0,5,0,0.0
YGL155W,0.0,0.0,0.0,0.0,1,1,0.0
YGL156W,0.3333333333333333,0.1588235294117647,1.5,1.1666666666666667,3,0,1.1588235294117646
YNR064C,0.0,0.0,0.0,0.0,2,0,0.0
YGL210W,0.6666666666666666,0.21145510835913311,6.5,0.0,3,0,1.2114551083591332
YNL093W,0.5,0.7062435500515996,15.916666666666668,12.214285714285715,5,0,1.7062435500515996
YNL304W,0.3333333333333333,0.21145510835913311,3.25,0.0,4,0,1.2114551083591332
YGL165C,0.0,0.0,0.0,0.0,1,0,0.0
YGL166W,0.0,0.0,0.0,0.0,8,1,0.0
YJL154C,0.5,2.1,8.0,4.285714285714286,5,0,3.1
YLL028W,0.0,0.0,0.0,0.0,1,0,0.0
YML006C,0.0,0.0,0.0,0.0,2,0,0.0
YGL168W,0.0,0.0,0.0,0.0,1,0,0.0
YLL024C,0.07272727272727272,0.33814547101072856,8.527777777777779,6.392765567765569,11,0,1.3381454710107286
YGL177W,0.0,0.0,0.0,0.0,1,0,0.0
YGL180W,0.0,0.0,0.0,0.0,4,1,0.0
YML112W,0.0,0.0,0.0,3.333333333333333,3,0,1.0
YGR241C,0.13333333333333333,0.06634974809036243,0.0,0.0,6,0,1.0663497480903623
YIL010W,0.0,0.0,0.0,0.0,2,0,0.0
YIL057C,0.0,0.0,0.0,0.0,2,0,0.0
YIL122W,0.0,0.0,0.0,0.0,1,0,0.0
YLL019C,0.0,0.0,0.0,0.0,2,0,0.0
YNR068C,0.0,0.0,0.0,0.0,3,0,0.0
YOR331C,0.0,0.0,0.0,0.0,2,0,0.0
YOR384W,0.0,0.0,0.0,0.0,1,0,0.0
YPL156C,0.0,0.0,0.0,0.0,1,0,0.0
YPL188W,0.0,0.0,0.0,0.0,1,0,0.0
YGL183C,0.0,0.0,0.0,0.0,1,0,0.0
YGL184C,0.0,0.0,0.0,0.0,1,0,0.0
YGL194C,0.0,0.0,0.0,0.0,1,0,0.0
YMR215W,0.0,0.0,0.0,0.0,1,0,0.0
YGL202W,0.0,0.0,0.0,0.0,1,0,0.0
YGL204C,0.0,0.0,0.0,0.0,2,0,0.0
YMR209C,0.0,0.0,0.0,0.0,1,0,0.0
YML069W,0.3333333333333333,0.17692307692307693,2.25,0.0,3,1,1.176923076923077
YGL208W,0.0,0.0,0.0,0.0,1,0,0.0
YMR053C,0.5,0.65,0.0,50.0,4,0,1.65
YHL022C,0.0,0.0,0.0,0.0,1,0,0.0
YGL214W,0.0,0.0,0.0,0.0,1,0,0.0
YGL215W,0.0,0.0,0.0,0.0,2,0,0.0
YGL217C,0.0,0.0,0.0,0.0,1,0,0.0
YGL220W,0.0,0.0,0.0,0.0,2,0,0.0
YGL221C,0.0,0.0,0.0,38.0,2,0,1.0
YGL222C,0.0,0.0,0.0,0.0,2,0,0.0
YGL225W,0.0,0.0,0.0,0.0,3,1,0.0
YGL226W,0.0,0.0,0.0,0.0,1,0,0.0
YJL178C,0.0,0.0,0.0,0.0,1,0,0.0
YJL211C,0.0,0.0,0.0,0.0,1,0,0.0
YOR062C,1.0,0.10671140939597316,0.0,3.633333333333333,2,0,1.1067114093959731
YKL110C,0.16666666666666666,0.5833333333333333,2.0,1.6,4,0,1.5833333333333333
YOR161C,0.0,0.0,0.0,0.0,1,0,0.0
YGL234W,0.0,0.0,0.0,0.0,2,0,0.0
YOR298W,0.0,0.0,0.0,0.0,1,0,0.0
YGL235W,0.0,0.0,0.0,0.0,1,0,0.0
YLR407W,0.0,0.0,0.0,0.0,1,0,0.0
YGL236C,0.0,0.0,0.0,0.0,5,1,0.0
YPL179W,0.0,0.0,0.0,0.0,2,0,0.0
YGL238W,0.0,0.0,0.0,0.0,3,1,0.0
YGL242C,0.0,0.0,0.0,0.0,1,0,0.0
YGL244W,0.0,0.0,0.0,0.0,2,0,0.0
YKL098W,0.0,0.0,0.0,0.0,1,0,0.0
YMR068W,0.16666666666666666,0.26785714285714285,1.5,3.5,4,0,1.2678571428571428
YHR215W,0.0,0.0,0.0,0.0,3,0,0.0
YGL256W,0.0,0.0,0.0,0.0,1,0,0.0
YLR146C,0.0,0.0,0.0,0.0,2,0,0.0
YGL258W,0.0,0.0,0.0,0.0,1,0,0.0
YGL259W,0.0,0.0,0.0,0.0,2,0,0.0
YJR020W,0.0,0.0,0.0,0.0,2,0,0.0
YGR003W,0.0,0.0,0.0,0.0,1,0,0.0
YLR297W,0.0,0.0,0.0,0.0,3,0,0.0
YMR183C,0.0,0.0,0.0,0.0,3,0,0.0
YGR010W,0.13333333333333333,0.45115585384041756,9.833333333333332,14.5,6,0,1.4511558538404175
YIL009W,0.0,0.0,0.0,0.0,3,0,0.0
YGR016W,0.0,0.0,0.0,0.0,1,0,0.0
YGR017W,0.0,0.0,0.0,0.0,2,0,0.0
YLR403W,0.0,0.0,0.0,4.5,2,1,1.0
YGR021W,0.0,0.0,0.0,0.0,1,0,0.0
YGR023W,0.0,0.0,0.0,0.0,1,0,0.0
YLR460C,0.0,0.0,0.0,0.0,2,0,0.0
YGR024C,0.0,0.0,0.0,13.333333333333334,5,1,1.0
YIL082W,0.0,0.0,0.0,0.0,1,0,0.0
YPL110C,0.0,0.0,0.0,0.0,2,0,0.0
YGR026W,0.0,0.0,0.0,0.0,1,0,0.0
YGR031W,0.0,0.0,0.0,0.0,1,0,0.0
YGR035C,0.16666666666666666,0.031584488506755576,0.0,2.033333333333333,4,0,1.0315844885067555
YOR031W,0.0,0.0,0.0,0.0,1,0,0.0
YOR118W,0.0,0.0,0.0,0.0,1,0,0.0
YGR041W,0.0,0.0,0.0,0.0,1,0,0.0
YPL251W,0.0,0.0,0.0,0.0,1,1,0.0
YGR042W,0.0,0.0,0.0,0.0,1,0,0.0
YGR045C,0.0,0.0,0.0,0.0,1,0,0.0
YOR271C,0.0,0.0,0.0,0.0,2,1,0.0
YGR046W,0.0,0.0,0.0,0.0,1,1,0.0
YLR257W,0.0,0.0,0.0,0.0,2,0,0.0
YHRS03C,0.0,0.0,0.0,0.0,1,0,0.0
YPL222W,0.0,0.0,0.0,0.0,3,0,0.0
YGR052W,0.0,0.0,0.0,0.0,2,0,0.0
YJL086C,0.0,0.0,0.0,0.0,3,1,0.0
YPL060W,0.0,0.0,0.0,0.0,2,0,0.0
YGR053C,0.0,0.0,0.0,0.0,1,0,0.0
YOR097C,0.0,0.0,0.0,0.0,4,0,0.0
YGR059W,0.0,0.0,0.0,0.0,2,0,0.0
YJL202C,0.0,0.0,0.0,0.0,1,1,0.0
YGR064W,0.0,0.0,0.0,0.0,1,0,0.0
YGR065C,0.0,0.0,0.0,0.0,1,1,0.0
YJL199C,0.03636363636363636,0.11669071669071669,0.0,4.533333333333333,11,0,1.1166907166907167
YGR071C,0.0,0.0,0.0,0.0,3,0,0.0
YHR109W,0.0,0.0,0.0,0.0,2,0,0.0
YIL008W,0.0,0.0,0.0,0.0,6,0,0.0
YKL149C,0.0,0.0,0.0,0.0,1,0,0.0
YGR073C,0.0,0.0,0.0,0.0,2,1,0.0
YML119W,0.0,0.0,0.0,0.0,2,0,0.0
YKL183W,0.0,0.0,0.0,0.0,3,0,0.0
YKL188C,0.0,0.0,0.0,0.0,1,0,0.0
YLR440C,0.0,0.0,0.0,0.0,3,1,0.0
YGR079W,0.0,0.0,0.0,0.0,3,0,0.0
YNL081C,0.0,0.0,0.0,0.0,1,0,0.0
YHR117W,0.7777777777777778,6.153282828282828,6.0,42.5,9,0,7.153282828282828
YMR060C,1.0,6.278282828282828,0.0,19.93809523809524,8,0,7.278282828282828
YMR203W,0.5272727272727272,5.672727272727273,7.0,34.83333333333333,11,1,6.672727272727273
YNL121C,0.7777777777777778,6.153282828282828,6.0,18.500000000000004,9,0,7.153282828282828
YNL131W,0.6444444444444445,6.072727272727272,7.0,24.516666666666666,10,1,7.072727272727272
YPR133WA,1.0,6.278282828282828,0.0,19.93809523809524,8,0,7.278282828282828
YGR251W,0.0,0.0,0.0,0.0,1,1,0.0
YPL004C,0.0,0.0,0.0,0.0,3,0,0.0
YPR030W,0.0,0.0,0.0,0.0,1,0,0.0
YGR088W,0.0,0.0,0.0,0.0,1,0,0.0
YHL010C,0.0,0.0,0.0,0.0,1,0,0.0
YLR086W,0.3333333333333333,0.2124467178175618,2.0,1.0,4,1,1.2124467178175617
YKL116C,0.0,0.0,0.0,0.0,2,0,0.0
YGR100W,0.0,0.0,0.0,0.0,2,0,0.0
YGR101W,0.0,0.0,0.0,0.0,3,0,0.0
YJL213W,0.0,0.0,0.0,0.0,1,0,0.0
YPL009C,0.0,0.0,0.0,0.0,1,0,0.0
YGR110W,0.0,0.0,0.0,0.0,1,0,0.0
YOL151W,0.0,0.0,0.0,0.0,3,0,0.0
YJL064W,0.0,0.0,0.0,0.0,3,0,0.0
YLR329W,0.0,0.0,0.0,0.0,2,0,0.0
YPR045C,0.0,0.0,0.0,0.0,2,0,0.0
YGR115C,0.0,0.0,0.0,0.0,1,1,0.0
YPR083W,1.0,0.11722488038277512,0.0,3.333333333333333,2,0,1.1172248803827751
YOR353C,0.0,0.0,0.0,2.333333333333333,3,1,1.0
YGR122W,0.0,0.0,0.0,0.0,2,0,0.0
YMR008C,0.0,0.0,0.0,0.0,1,0,0.0
YNL011C,0.0,0.0,0.0,0.0,1,0,0.0
YGR126W,0.0,0.0,0.0,0.0,1,0,0.0
YGR133W,0.0,0.0,0.0,0.0,1,0,0.0
YIL108W,0.0,0.0,0.0,0.0,3,0,0.0
YMR265C,0.0,0.0,0.0,0.0,1,0,0.0
YGR142W,0.0,0.0,0.0,0.0,2,0,0.0
YNL141W,0.0,0.0,0.0,0.0,3,0,0.0
YGR143W,0.16666666666666666,0.5,4.0,2.0,4,0,1.5
YIL121W,0.0,0.0,0.0,0.0,1,0,0.0
YGR149W,0.0,0.0,0.0,0.0,2,0,0.0
YNL219C,0.0,0.0,0.0,0.0,1,0,0.0
YGR153W,0.0,0.0,0.0,0.0,2,0,0.0
YPR121W,0.0,0.0,0.0,0.0,1,0,0.0
YMR260C,0.0,0.0,0.0,0.0,1,1,0.0
YMR300C,0.0,0.0,0.0,0.0,1,0,0.0
YGR192C,0.09523809523809523,0.3810457516339869,6.916666666666666,0.0,7,0,0.6309844921387652
YGR163W,1.0,0.5,2.0,2.230769230769231,2,0,1.5
YML121W,0.047619047619047616,0.3333333333333333,2.0,8.5,7,0,1.3333333333333333
YPL265W,0.0,0.0,0.0,0.0,1,0,0.0
YGR166W,1.0,0.12841296928327645,0.0,0.0,2,0,1.1284129692832765
YGR168C,0.0,0.0,0.0,0.0,1,0,0.0
YGR177C,0.0,0.0,0.0,0.0,1,0,0.0
YGR174C,0.0,0.0,0.0,0.0,1,0,0.0
YHR121W,0.0,0.0,0.0,0.0,5,0,0.0
YJL035C,0.0,0.0,0.0,0.0,2,1,0.0
YJR135WA,1.0,0.625,0.0,2.033333333333333,2,0,1.625
YPL066W,0.0,0.0,0.0,0.0,2,0,0.0
YPL177C,0.0,0.0,0.0,0.0,1,0,0.0
YGR185C,0.0,0.0,0.0,0.0,2,1,0.0
YGR188C,0.0,0.0,0.0,0.0,2,0,0.0
YGR191W,0.0,0.0,0.0,0.0,3,1,0.0
YLR283W,0.0,0.0,0.0,0.0,2,0,0.0
YGR282C,0.0,0.0,0.0,0.0,1,0,0.0
YJR009C,0.1,0.2222222222222222,5.833333333333333,0.0,5,0,0.6722222222222223
YNL037C,0.10714285714285714,0.6983516483516483,12.5,4.354761904761904,8,0,1.6983516483516483
YGR200C,0.6666666666666666,1.7055555555555557,4.0,3.742857142857143,4,0,2.7055555555555557
YMR312W,0.26666666666666666,1.4222222222222223,4.0,2.017857142857143,6,0,2.4222222222222225
YPL086C,0.5,2.0722222222222224,5.0,1.875,5,0,2.977047959487638
YGR208W,0.0,0.0,0.0,0.0,2,0,0.0
YKL177W,0.0,0.0,0.0,0.0,2,0,0.0
YGR211W,0.0,0.0,0.0,0.0,4,1,0.0
YGR213C,0.0,0.0,0.0,0.0,2,0,0.0
YHR082C,0.0,0.0,0.0,0.0,1,1,0.0
YHR108W,0.0,0.0,0.0,0.0,1,0,0.0
YJR061W,0.0,0.0,0.0,0.0,1,0,0.0
YJR134C,0.3333333333333333,0.023660561938346036,7.583333333333333,10.0,3,0,1.023660561938346
YLL060C,0.0,0.0,0.0,0.0,1,0,0.0
YML117W,0.0,0.0,0.0,0.0,4,0,0.0
YML120C,0.0,0.0,0.0,0.0,1,0,0.0
YMR180C,0.0,0.0,0.0,0.0,2,0,0.0
YNL164C,0.0,0.0,0.0,0.0,2,0,0.0
YOR177C,0.0,0.0,0.0,0.0,5,0,0.0
YOR184W,0.0,0.0,0.0,0.0,3,0,0.0
YOR329C,0.16666666666666666,0.023660561938346036,7.583333333333333,0.0,4,1,1.023660561938346
YPL056C,0.0,0.0,0.0,0.0,1,0,0.0
YNR045W,0.0,0.0,0.0,0.0,1,0,0.0
YGR223C,0.0,0.0,0.0,0.0,1,0,0.0
YGR225W,0.0,0.0,0.0,0.0,1,0,0.0
YGR228W,0.0,0.0,0.0,0.0,1,0,0.0
YGR233C,0.0,0.0,0.0,0.0,1,0,0.0
YML028W,0.16666666666666666,0.5833333333333333,0.6666666666666666,2.225,4,0,1.5833333333333333
YPL106C,1.0,0.5833333333333333,9.333333333333334,0.625,2,0,1.5833333333333333
YGR236C,0.0,0.0,0.0,0.0,2,0,0.0
YGR238C,0.0,0.0,0.0,0.0,1,0,0.0
YMR267W,0.0,0.0,0.0,0.0,3,0,0.0
YOR389W,0.0,0.0,0.0,0.0,1,0,0.0
YOR100C,0.0,0.0,0.0,0.0,1,0,0.0
YPL037C,0.0,0.0,0.0,0.0,2,0,0.0
YNL183C,0.0,0.0,0.0,0.0,1,0,0.0
YGR244C,0.0,0.0,0.0,0.0,2,1,0.0
YOL063C,0.0,0.0,0.0,0.0,2,0,0.0
YKL201C,0.0,0.0,0.0,0.0,2,0,0.0
YOR225W,0.0,0.0,0.0,0.0,1,0,0.0
YNR036C,0.0,0.0,0.0,0.0,1,0,0.0
YGR259C,0.0,0.0,0.0,0.0,1,0,0.0
YOR301W,0.0,0.0,0.0,0.0,1,0,0.0
YJR058C,0.19047619047619047,1.2857142857142858,6.277777777777778,0.0,7,0,1.433862433862434
YGR263C,0.0,0.0,0.0,0.0,3,0,0.0
YGR267C,0.1,0.023104852018923976,0.0,0.0,5,1,1.0231048520189239
YPL003W,0.0,0.0,0.0,2.0,3,0,1.0
YOR124C,0.0,0.0,0.0,0.0,2,0,0.0
YGR275W,0.0,0.0,0.0,0.0,2,0,0.0
YML115C,0.0,0.0,0.0,0.0,1,0,0.0
YGR276C,0.0,0.0,0.0,0.0,1,0,0.0
YNR015W,0.0,0.0,0.0,0.0,2,0,0.0
YGR280C,0.0,0.0,0.0,0.0,3,1,0.0
YMR102C,0.0,0.0,0.0,0.0,3,0,0.0
YGR281W,0.0,0.0,0.0,0.0,1,0,0.0
YGR283C,0.0,0.0,0.0,0.0,1,0,0.0
YGR291C,0.0,0.0,0.0,0.0,1,0,0.0
YLR054C,0.0,0.0,0.0,0.0,3,0,0.0
YGR294W,0.0,0.0,0.0,0.0,5,1,0.0
YHL018W,0.1,0.07037037037037036,0.0,2.033333333333333,5,0,1.0703703703703704
YGR296W,0.0,0.0,0.0,0.0,1,0,0.0
YIL156W,0.6666666666666666,0.28622655195361724,11.333333333333334,0.0,4,0,1.2862265519536171
YNL015W,0.0,0.0,0.0,0.0,2,0,0.0
YNR005C,0.0,0.0,0.0,0.0,2,0,0.0
YHL003C,0.3333333333333333,0.6666666666666666,2.0,0.8333333333333334,3,0,1.6666666666666665
YKL008C,0.16666666666666666,0.6666666666666666,2.0,2.033333333333333,4,0,1.6666666666666665
YLR046C,0.0,0.0,0.0,0.0,1,0,0.0
YHL009C,1.0,0.013422818791946308,3.7916666666666665,10.0,2,0,1.0134228187919463
YHL009WA,0.0,0.0,0.0,0.0,1,0,0.0
YLL031C,0.0,0.0,0.0,0.0,1,1,0.0
YOR350C,0.0,0.0,0.0,0.0,2,0,0.0
YHL017W,0.0,0.0,0.0,0.0,1,0,0.0
YOR107W,0.0,0.0,0.0,0.0,1,0,0.0
YMR234W,0.0,0.0,0.0,0.0,1,0,0.0
YHL026C,0.0,0.0,0.0,0.0,3,0,0.0
YHL027W,0.0,0.0,0.0,0.0,4,0,0.0
YJL056C,0.0,0.0,0.0,0.0,1,0,0.0
YOR275C,0.16666666666666666,0.30952380952380953,4.5,8.4,4,0,1.3095238095238095
YIL009CA,0.3333333333333333,0.6111111111111112,0.0,0.0,3,0,1.1565656565656566
YHL036W,0.0,0.0,0.0,0.0,1,0,0.0
YPR163C,0.13333333333333333,0.41438848920863314,0.0,1.5,6,0,1.4143884892086331
YHL043W,0.0,0.0,0.0,0.0,2,0,0.0
YKR035C,0.0,0.0,0.0,0.0,1,0,0.0
YHL046C,0.0,0.0,0.0,0.0,1,0,0.0
YHL048W,0.0,0.0,0.0,0.0,1,0,0.0
YKL079W,0.0,0.0,0.0,0.0,2,0,0.0
YHL049C,0.0,0.0,0.0,0.0,2,0,0.0
YOL099C,0.0,0.0,0.0,0.0,2,0,0.0
YMR069W,0.0,0.0,0.0,0.0,2,0,0.0
YOL034W,0.0,0.0,0.0,0.0,4,1,0.0
YHR009C,0.0,0.0,0.0,0.0,2,1,0.0
YHR011W,0.0,0.0,0.0,0.0,1,0,0.0
YPR004C,0.0,0.0,0.0,0.0,1,0,0.0
YHR012W,0.5,1.2333333333333334,0.0,4.8,4,0,2.2333333333333334
YOR069W,0.3333333333333333,1.9,4.0625,11.114285714285714,6,0,2.9
YHR014W,0.0,0.0,0.0,0.0,1,1,0.0
YHR185C,0.0,0.0,0.0,0.0,3,0,0.0
YHR015W,0.0,0.0,0.0,0.0,1,0,0.0
YIL028W,0.0,0.0,0.0,0.0,1,0,0.0
YHR024C,0.0,0.0,0.0,0.0,1,1,0.0
YLR163C,0.0,0.0,0.0,0.0,1,1,0.0
YHR025W,0.0,0.0,0.0,9.5,2,0,1.0
YOR374W,1.0,0.0724009900990099,4.5,0.0,2,0,1.07240099009901
YLR346C,0.0,0.0,0.0,0.0,1,0,0.0
YLR350W,0.0,0.0,0.0,0.0,1,0,0.0
YOR208W,0.0,0.0,0.0,0.0,3,0,0.0
YPL140C,0.16666666666666666,0.13392857142857142,0.0,2.033333333333333,4,0,1.1339285714285714
YHR035W,0.0,0.0,0.0,0.0,3,0,0.0
YLL013C,0.0,0.0,0.0,0.0,2,0,0.0
YHR038W,0.0,0.0,0.0,0.0,3,0,0.0
YHR040W,0.0,0.0,0.0,0.0,2,1,0.0
YJL015C,0.0,0.0,0.0,0.0,3,1,0.0
YLR164W,0.0,0.0,0.0,0.0,1,0,0.0
YLR309C,0.0,0.0,0.0,0.0,2,0,0.0
YOR073W,0.0,0.0,0.0,0.0,2,0,0.0
YPR203W,0.0,0.0,0.0,0.0,1,0,0.0
YHR043C,0.0,0.0,0.0,0.0,2,0,0.0
YHR044C,0.0,0.0,0.0,0.0,1,0,0.0
YHR045W,0.0,0.0,0.0,0.0,1,0,0.0
YHR047C,0.0,0.0,0.0,0.0,1,0,0.0
YHR049W,0.0,0.0,0.0,0.0,1,0,0.0
YHR050W,0.0,0.0,0.0,0.0,2,0,0.0
YKR089C,0.0,0.0,0.0,0.0,1,0,0.0
YHR053C,0.0,0.0,0.0,0.0,1,0,0.0
YHR055C,0.0,0.0,0.0,0.0,1,0,0.0
YKL119C,1.0,0.1736111111111111,0.0,1.0,2,0,1.1736111111111112
YPL019C,0.0,0.0,0.0,0.0,2,0,0.0
YHR063C,0.0,0.0,0.0,0.0,1,0,0.0
YHR067W,0.0,0.0,0.0,0.0,1,0,0.0
YHR068W,0.3333333333333333,0.13171140939597314,0.0,2.9,3,1,1.1317114093959733
YHR070W,0.0,0.0,0.0,0.0,1,1,0.0
YHR071W,0.0,0.0,0.0,0.0,1,0,0.0
YHR073W,0.0,0.0,0.0,0.6153846153846154,1,0,1.0
YHR074W,0.0,0.0,0.0,0.0,1,1,0.0
YLR356W,0.0,0.0,0.0,0.0,1,0,0.0
YMR257C,0.0,0.0,0.0,0.0,5,0,0.0
YHR087W,0.0,0.0,0.0,0.0,2,0,0.0
YHR090C,0.0,0.0,0.0,0.0,3,0,0.0
YHR091C,0.0,0.0,0.0,0.0,1,0,0.0
YOL088C,0.0,0.0,0.0,0.0,2,0,0.0
YHR094C,0.0,0.0,0.0,0.0,1,0,0.0
YHR096C,0.0,0.0,0.0,0.0,1,0,0.0
YJR048W,0.0,0.0,0.0,0.0,4,0,0.0
YLR365W,0.0,0.0,0.0,0.0,1,0,0.0
YPL018W,0.0,0.0,0.0,0.0,2,0,0.0
YHR106W,0.0,0.0,0.0,0.0,1,0,0.0
YMR198W,0.3333333333333333,0.2095238095238095,1.9444444444444444,6.666666666666666,3,1,1.2095238095238094
YPL241C,0.0,0.0,0.0,0.0,2,0,0.0
YJL010C,0.0,0.0,0.0,0.0,1,1,0.0
YHR111W,0.0,0.0,0.0,3.571428571428572,3,0,1.0
YHR112C,0.0,0.0,0.0,0.0,3,0,0.0
YPR145W,0.0,0.0,0.0,0.0,1,0,0.0
YHR133C,0.0,0.0,0.0,0.0,2,0,0.0
YJL012C,0.0,0.0,0.0,0.0,1,1,0.0
YJL174W,0.0,0.0,0.0,0.0,2,1,0.0
YKL157W,0.0,0.0,0.0,0.0,4,0,0.0
YKR032W,0.0,0.0,0.0,0.0,1,0,0.0
YLL054C,0.0,0.0,0.0,0.0,1,0,0.0
YLR112W,0.0,0.0,0.0,0.0,1,0,0.0
YLR136C,0.0,0.0,0.0,0.0,1,0,0.0
YLR461W,0.0,0.0,0.0,0.0,2,0,0.0
YML131W,0.0,0.0,0.0,0.0,1,0,0.0
YOL002C,0.0,0.0,0.0,0.0,1,0,0.0
YOR175C,0.0,0.0,0.0,0.0,1,0,0.0
YPR094W,0.0,0.0,0.0,0.0,2,1,0.0
YLR215C,0.0,0.0,0.0,0.0,5,1,0.0
YOR215C,0.0,0.0,0.0,0.0,2,0,0.0
YOR323C,0.0,0.0,0.0,0.0,1,0,0.0
YHR127W,0.0,0.0,0.0,0.0,1,0,0.0
YLR056W,0.1,0.028381642512077296,1.0,2.0,5,0,1.0283816425120773
YJR008W,0.0,0.0,0.0,0.0,1,0,0.0
YHR132C,0.0,0.0,0.0,0.0,2,0,0.0
YNL291C,0.0,0.0,0.0,0.0,1,0,0.0
YHR136C,0.0,0.0,0.0,0.0,2,0,0.0
YMR246W,0.0,0.0,0.0,6.0,2,0,1.0
YMR152W,0.0,0.0,0.0,0.0,3,0,0.0
YHR138C,0.0,0.0,0.0,0.0,1,0,0.0
YJL131C,0.0,0.0,0.0,0.0,1,0,0.0
YKL127W,0.0,0.0,0.0,0.0,3,0,0.0
YHR144C,0.0,0.0,0.0,0.0,2,0,0.0
YHR149C,0.3333333333333333,0.15948275862068967,0.0,3.1666666666666665,3,0,1.1594827586206897
YHR151C,0.0,0.0,0.0,0.0,1,0,0.0
YNL193W,0.0,0.0,0.0,0.0,1,0,0.0
YLR016C,0.0,0.0,0.0,4.5,2,0,1.0
YLR132C,0.0,0.0,0.0,0.0,1,1,0.0
YOR173W,0.0,0.0,0.0,0.0,1,0,0.0
YHR156C,0.0,0.0,0.0,0.0,5,0,0.0
YJR010W,0.0,0.0,0.0,2.5,2,0,1.0
YHR159W,0.0,0.0,0.0,0.0,1,0,0.0
YKR044W,0.0,0.0,0.0,0.0,1,0,0.0
YLR451W,0.0,0.0,0.0,0.0,2,0,0.0
YHR167W,0.0,0.0,0.0,0.0,1,0,0.0
YNL260C,0.0,0.0,0.0,2.0,3,1,1.0
YKL075C,0.0,0.0,0.0,0.0,4,0,0.0
YKL134C,0.0,0.0,0.0,0.0,2,0,0.0
YNL212W,0.0,0.0,0.0,0.0,1,0,0.0
YNL255C,0.0,0.0,0.0,0.0,1,0,0.0
YIL091C,0.0,0.0,0.0,0.0,1,1,0.0
YPR053C,0.0,0.0,0.0,0.0,1,0,0.0
YHR175W,0.0,0.0,0.0,0.0,1,0,0.0
YMR020W,0.0,0.0,0.0,0.0,3,0,0.0
YNL175C,0.0,0.0,0.0,0.0,2,0,0.0
YHR182W,0.0,0.0,0.0,0.0,1,0,0.0
YHR186C,0.0,0.0,0.0,0.0,1,1,0.0
YHR187W,0.0,0.0,0.0,0.0,3,0,0.0
YHR190W,0.0,0.0,0.0,0.0,3,1,0.0
YHR198C,0.0,0.0,0.0,0.0,2,0,0.0
YKR029C,0.0,0.0,0.0,0.0,3,0,0.0
YHR199C,0.0,0.0,0.0,4.0,1,0,1.0
YNL095C,0.0,0.0,0.0,0.0,1,0,0.0
YHR201C,0.0,0.0,0.0,0.0,1,0,0.0
YNL034W,1.0,0.03508771929824561,0.0,0.0,2,0,1.0350877192982457
YPL258C,0.0,0.0,0.0,0.0,1,0,0.0
YHR209W,0.0,0.0,0.0,0.0,2,0,0.0
YHR211W,0.0,0.0,0.0,0.0,2,0,0.0
YOR360C,0.0,0.0,0.0,0.0,1,0,0.0
YHR212C,0.0,0.0,0.0,0.0,2,0,0.0
YHR214W,0.0,0.0,0.0,0.0,2,0,0.0
YLR088W,0.0,0.0,0.0,0.0,2,1,0.0
YIL001W,0.0,0.0,0.0,0.0,1,0,0.0
YIL002C,0.0,0.0,0.0,0.0,1,0,0.0
YIL005W,1.0,0.016122816032887975,2.25,2.1666666666666665,2,0,1.016122816032888
YLR318W,1.0,0.6111111111111112,0.0,0.0,2,0,1.6111111111111112
YIL011W,0.0,0.0,0.0,0.0,1,0,0.0
YIL014W,0.0,0.0,0.0,0.0,1,0,0.0
YIL016W,0.0,0.0,0.0,0.0,1,0,0.0
YMR222C,0.0,0.0,0.0,0.0,1,0,0.0
YIL019W,0.0,0.0,0.0,0.0,1,1,0.0
YIL020C,0.0,0.0,0.0,0.0,1,0,0.0
YIL023C,0.0,0.0,0.0,0.0,3,0,0.0
YMR104C,0.0,0.0,0.0,1.3333333333333333,3,0,1.0
YIL024C,0.0,0.0,0.0,0.0,1,0,0.0
YOR352W,0.0,0.0,0.0,0.0,1,0,0.0
YMR313C,0.0,0.0,0.0,0.0,1,0,0.0
YIL032C,0.0,0.0,0.0,0.0,1,0,0.0
YJL164C,1.0,0.4583333333333333,0.0,8.0,2,1,1.4583333333333333
YMR022W,0.0,0.0,0.0,6.571428571428571,2,0,1.0
YPL203W,0.16666666666666666,0.4583333333333333,0.0,2.4333333333333336,4,1,1.4583333333333333
YIL042C,0.0,0.0,0.0,0.0,1,0,0.0
YNL245C,0.0,0.0,0.0,0.0,1,1,0.0
YIL047C,0.0,0.0,0.0,0.0,1,0,0.0
YIL051C,0.0,0.0,0.0,0.0,1,1,0.0
YIL053W,0.0,0.0,0.0,0.0,3,0,0.0
YIL054W,0.0,0.0,0.0,0.0,1,0,0.0
YIL055C,0.0,0.0,0.0,0.0,1,0,0.0
YIL060W,0.0,0.0,0.0,0.0,2,0,0.0
YLR017W,0.0,0.0,0.0,0.0,1,0,0.0
YLR213C,0.0,0.0,0.0,0.0,1,0,0.0
YMR044W,0.0,0.0,0.0,0.0,1,0,0.0
YNR016C,0.0,0.0,0.0,0.0,1,1,0.0
YOR346W,0.0,0.0,0.0,0.0,1,0,0.0
YIL065C,0.0,0.0,0.0,0.0,3,0,0.0
YJL112W,0.0,0.0,0.0,0.0,2,0,0.0
YNL311C,0.0,0.0,0.0,0.0,2,0,0.0
YIL085C,0.0,0.0,0.0,0.0,1,0,0.0
YIL086C,0.0,0.0,0.0,0.0,1,0,0.0
YNR040W,0.0,0.0,0.0,0.0,3,0,0.0
YIL096C,0.0,0.0,0.0,0.0,1,0,0.0
YIL097W,0.0,0.0,0.0,0.0,2,0,0.0
YPL227C,0.0,0.0,0.0,0.0,2,0,0.0
YIL098C,0.0,0.0,0.0,0.0,1,0,0.0
YIL103W,0.0,0.0,0.0,0.0,1,0,0.0
YKL191W,0.0,0.0,0.0,0.0,2,0,0.0
YNL326C,0.0,0.0,0.0,0.0,2,0,0.0
YNL161W,0.0,0.0,0.0,0.9333333333333332,2,1,1.0
YOR032C,0.0,0.0,0.0,0.0,1,0,0.0
YPL187W,0.5,0.4666666666666667,0.0,0.0,4,0,1.4666666666666668
YIL113W,0.0,0.0,0.0,0.0,1,0,0.0
YIL117C,0.0,0.0,0.0,0.0,3,0,0.0
YOL116W,0.0,0.0,0.0,0.0,1,0,0.0
YLR114C,0.0,0.0,0.0,0.0,1,0,0.0
YIL119C,0.0,0.0,0.0,0.0,1,0,0.0
YIL124W,0.0,0.0,0.0,0.0,2,0,0.0
YPL191C,0.0,0.0,0.0,0.0,1,0,0.0
YIL130W,0.0,0.0,0.0,0.0,3,0,0.0
YIL137C,0.0,0.0,0.0,0.0,1,1,0.0
YIL139C,0.0,0.0,0.0,0.0,2,0,0.0
YPL167C,0.0,0.0,0.0,0.0,1,0,0.0
YPL260W,0.0,0.0,0.0,0.0,1,0,0.0
YOR142WA,0.0,0.0,0.0,0.0,5,0,0.0
YIL153W,0.0,0.0,0.0,0.0,1,0,0.0
YOL044W,0.0,0.0,0.0,0.0,2,0,0.0
YIL157C,0.0,0.0,0.0,0.0,1,0,0.0
YIL158W,0.0,0.0,0.0,0.0,1,0,0.0
YLL016W,0.3333333333333333,0.17777777777777776,0.0,0.0,3,0,1.1777777777777778
YIL163C,0.0,0.0,0.0,0.0,1,0,0.0
YIL173W,0.0,0.0,0.0,0.0,1,0,0.0
YIL174W,0.0,0.0,0.0,0.0,2,0,0.0
YMR057C,0.0,0.0,0.0,0.0,1,0,0.0
YLR067C,0.3333333333333333,0.0508578431372549,1.0,2.0,3,0,1.0508578431372548
YNL036W,0.0,0.0,0.0,0.0,4,1,0.0
YNL165W,0.0,0.0,0.0,0.0,1,0,0.0
YOR011W,0.0,0.0,0.0,0.0,1,0,0.0
YIR010W,0.0,0.0,0.0,0.0,1,1,0.0
YLR202C,0.0,0.0,0.0,0.0,2,0,0.0
YJR004C,0.0,0.0,0.0,0.0,1,0,0.0
YIR013C,0.0,0.0,0.0,0.0,1,0,0.0
YJL102W,0.0,0.0,0.0,0.0,2,0,0.0
YLR437C,0.0,0.0,0.0,0.0,2,0,0.0
YIR022W,0.3333333333333333,0.45,0.0,0.0,3,1,1.1907407407407407
YJR010CA,0.1,0.45,0.0,0.0,5,0,0.6722222222222223
YIR023W,1.0,0.6428571428571428,0.0,0.4,2,0,1.6428571428571428
YNL314W,0.3333333333333333,0.6428571428571428,0.0,11.5,3,0,1.6428571428571428
YIR025W,0.0,0.0,0.0,0.0,2,0,0.0
YIR027C,0.0,0.0,0.0,0.0,1,0,0.0
YIR032C,0.0,0.0,0.0,0.0,1,0,0.0
YIR035C,0.0,0.0,0.0,0.0,1,0,0.0
YIR036C,0.0,0.0,0.0,0.0,1,0,0.0
YIR037W,0.0,0.0,0.0,0.0,2,0,0.0
YML048W,0.0,0.0,0.0,0.0,1,0,0.0
YIR042C,0.0,0.0,0.0,0.0,1,0,0.0
YJL006C,0.0,0.0,0.0,0.0,1,0,0.0
YJL019W,0.0,0.0,0.0,0.0,4,1,0.0
YOR081C,0.0,0.0,0.0,0.0,1,0,0.0
YJL024C,1.0,0.3666666666666667,2.0,0.0,2,0,1.3666666666666667
YJL029C,0.0,0.0,0.0,0.0,1,0,0.0
YJL034W,0.0,0.0,0.0,0.0,5,1,0.0
YMR214W,0.0,0.0,0.0,0.0,1,0,0.0
YMR297W,0.0,0.0,0.0,0.0,3,0,0.0
YLR316C,0.0,0.0,0.0,0.0,1,1,0.0
YJL044C,0.0,0.0,0.0,3.0,2,0,1.0
YPL207W,0.0,0.0,0.0,0.0,2,1,0.0
YJL045W,0.0,0.0,0.0,0.0,1,0,0.0
YJL048C,0.0,0.0,0.0,0.0,4,0,0.0
YJL052W,0.0,0.0,0.0,0.0,1,0,0.0
YOR132W,1.0,1.2333333333333334,4.0625,2.0,3,0,2.2333333333333334
YJL055W,0.0,0.0,0.0,0.0,1,0,0.0
YJL057C,0.16666666666666666,0.3717948717948718,0.0,2.6095238095238096,4,0,1.3717948717948718
YJL059W,0.0,0.0,0.0,0.0,1,0,0.0
YJL143W,0.2,0.5027777777777778,4.0,3.666666666666667,5,1,1.5027777777777778
YNR029C,0.0,0.0,0.0,0.0,2,0,0.0
YJL066C,0.0,0.0,0.0,0.0,1,0,0.0
YJL067W,0.0,0.0,0.0,0.0,2,0,0.0
YJL078C,0.0,0.0,0.0,0.0,3,0,0.0
YJL079C,0.0,0.0,0.0,0.0,1,0,0.0
YPR069C,0.0,0.0,0.0,0.0,2,0,0.0
YJL082W,0.0,0.0,0.0,0.0,1,0,0.0
YLR014C,0.0,0.0,0.0,3.75,5,0,1.0
YJL087C,0.0,0.0,0.0,0.0,1,1,0.0
YMR280C,0.0,0.0,0.0,4.571428571428571,2,0,1.0
YJL094C,0.0,0.0,0.0,0.0,1,0,0.0
YLR193C,0.0,0.0,0.0,0.0,1,0,0.0
YPL084W,0.0,0.0,0.0,0.0,4,0,0.0
YOL075C,0.0,0.0,0.0,0.0,3,0,0.0
YJL100W,0.0,0.0,0.0,0.0,3,0,0.0
YPL040C,0.0,0.0,0.0,0.0,1,0,0.0
YJL106W,0.0,0.0,0.0,0.0,3,0,0.0
YLL001W,0.0,0.0,0.0,0.0,2,0,0.0
YJR143C,0.0,0.0,0.0,0.0,1,0,0.0
YML088W,0.0,0.0,0.0,4.666666666666667,2,0,1.0
YNL032W,0.0,0.0,0.0,5.0,4,0,1.0
YNL163C,0.0,0.0,0.0,0.0,1,1,0.0
YNL276C,0.0,0.0,0.0,0.0,1,0,0.0
YOR109W,0.0,0.0,0.0,0.0,1,0,0.0
YOR375C,0.0,0.0,0.0,0.0,1,0,0.0
YMR212C,0.0,0.0,0.0,0.0,1,1,0.0
YJL158C,0.0,0.0,0.0,0.0,2,0,0.0
YLR226W,0.0,0.0,0.0,0.0,1,0,0.0
YNL321W,0.0,0.0,0.0,0.0,1,0,0.0
YOR380W,0.0,0.0,0.0,6.571428571428571,4,0,1.0
YMR204C,0.0,0.0,0.0,0.0,2,0,0.0
YJL192C,0.0,0.0,0.0,0.0,1,0,0.0
YLR198C,0.0,0.0,0.0,0.0,2,1,0.0
YJL200C,0.0,0.0,0.0,0.0,1,0,0.0
YKR090W,0.0,0.0,0.0,0.0,2,0,0.0
YMR285C,0.0,0.0,0.0,0.0,1,0,0.0
YOL136C,0.0,0.0,0.0,0.0,1,0,0.0
YKL222C,0.0,0.0,0.0,0.0,1,0,0.0
YJL215C,0.0,0.0,0.0,0.0,2,0,0.0
YJL219W,0.0,0.0,0.0,0.0,1,0,0.0
YJL225C,0.0,0.0,0.0,0.0,1,0,0.0
YJR001W,0.0,0.0,0.0,0.0,1,0,0.0
YJR003C,0.0,0.0,0.0,0.0,1,1,0.0
YML053C,0.0,0.0,0.0,0.0,1,0,0.0
YJR011C,0.0,0.0,0.0,0.0,2,0,0.0
YJR017C,0.0,0.0,0.0,1.6363636363636365,1,1,1.0
YJR019C,0.0,0.0,0.0,0.0,2,0,0.0
YKR021W,0.0,0.0,0.0,0.0,3,0,0.0
YKR104W,0.0,0.0,0.0,0.0,2,0,0.0
YLR143W,0.0,0.0,0.0,0.0,2,0,0.0
YLR430W,0.0,0.0,0.0,0.0,2,1,0.0
YNL050C,0.0,0.0,0.0,0.0,1,0,0.0
YNL329C,0.0,0.0,0.0,0.0,2,0,0.0
YNR050C,0.0,0.0,0.0,0.0,3,0,0.0
YOL031C,0.0,0.0,0.0,0.0,2,0,0.0
YOL140W,0.0,0.0,0.0,0.0,1,0,0.0
YJR023C,0.0,0.0,0.0,0.0,1,1,0.0
YJR024C,0.0,0.0,0.0,5.2,1,0,1.0
YJR025C,0.0,0.0,0.0,0.0,2,0,0.0
YJR034W,0.0,0.0,0.0,0.0,1,0,0.0
YJR035W,0.0,0.0,0.0,0.0,1,0,0.0
YJR038C,0.0,0.0,0.0,0.0,2,0,0.0
YPL193W,0.0,0.0,0.0,0.0,1,0,0.0
YNL148C,0.0,0.0,0.0,0.0,3,0,0.0
YJR072C,0.0,0.0,0.0,0.0,3,1,0.0
YOR262W,0.0,0.0,0.0,0.0,1,1,0.0
YOR084W,0.0,0.0,0.0,0.0,2,0,0.0
YMR315W,0.0,0.0,0.0,0.0,3,0,0.0
YJR079W,0.0,0.0,0.0,0.0,1,0,0.0
YLR217W,0.0,0.0,0.0,0.0,1,0,0.0
YNL051W,0.0,0.0,0.0,0.0,1,0,0.0
YOR354C,0.0,0.0,0.0,0.0,1,0,0.0
YPR096C,0.0,0.0,0.0,0.0,3,0,0.0
YPR158WB,0.0,0.0,0.0,0.0,1,0,0.0
YJR119C,0.0,0.0,0.0,0.0,2,0,0.0
YKL076C,0.0,0.0,0.0,0.0,1,0,0.0
YKL111C,0.0,0.0,0.0,0.0,1,1,0.0
YKL117W,0.5,0.9151763269410328,0.0,10.77142857142857,5,0,1.9151763269410327
YKL146W,0.0,0.0,0.0,0.0,2,0,0.0
YKL160W,0.0,0.0,0.0,0.0,2,0,0.0
YKL224C,0.0,0.0,0.0,0.0,2,0,0.0
YKR040C,0.0,0.0,0.0,0.0,1,0,0.0
YKR087C,0.0,0.0,0.0,0.0,1,0,0.0
YLL030C,0.0,0.0,0.0,0.0,2,0,0.0
YLR037C,0.0,0.0,0.0,0.0,3,0,0.0
YLR059C,0.0,0.0,0.0,0.0,1,1,0.0
YLR066W,0.0,0.0,0.0,0.0,1,1,0.0
YLR092W,0.0,0.0,0.0,0.0,1,0,0.0
YLR104W,0.0,0.0,0.0,0.0,2,0,0.0
YLR118C,0.0,0.0,0.0,0.0,2,0,0.0
YLR156W,0.0,0.0,0.0,0.0,1,0,0.0
YLR172C,0.0,0.0,0.0,0.0,3,0,0.0
YLR205C,0.0,0.0,0.0,0.0,1,0,0.0
YLR230W,0.0,0.0,0.0,0.0,1,1,0.0
YLR236C,0.0,0.0,0.0,0.0,2,0,0.0
YLR248W,0.0,0.0,0.0,0.0,1,0,0.0
YLR379W,0.0,0.0,0.0,0.0,1,1,0.0
YLR392C,0.0,0.0,0.0,0.0,2,0,0.0
YLR397C,0.0,0.0,0.0,0.0,2,1,0.0
YML013W,0.0,0.0,0.0,0.0,1,0,0.0
YML041C,0.0,0.0,0.0,0.0,5,0,0.0
YML123C,0.0,0.0,0.0,0.0,2,0,0.0
YML126C,0.0,0.0,0.0,0.0,2,1,0.0
YMR067C,0.0,0.0,0.0,0.0,1,0,0.0
YMR160W,0.0,0.0,0.0,0.0,1,0,0.0
YMR278W,0.0,0.0,0.0,0.0,1,0,0.0
YNL008C,0.0,0.0,0.0,0.0,1,0,0.0
YNL109W,0.0,0.0,0.0,0.0,1,0,0.0
YNL144C,0.0,0.0,0.0,0.0,1,0,0.0
YNL215W,0.0,0.0,0.0,0.0,1,0,0.0
YNL230C,0.0,0.0,0.0,5.2,2,0,1.0
YNL241C,0.0,0.0,0.0,0.0,1,1,0.0
YNL285W,0.0,0.0,0.0,0.0,2,0,0.0
YOL072W,0.0,0.0,0.0,0.0,1,0,0.0
YOL101C,0.0,0.0,0.0,0.0,1,0,0.0
YOR008C,0.0,0.0,0.0,0.0,3,0,0.0
YOR033C,0.3333333333333333,0.16783216783216784,2.0,0.0,3,0,1.167832167832168
YOR379C,0.0,0.0,0.0,0.0,2,0,0.0
YPL052W,0.0,0.0,0.0,0.0,1,0,0.0
YPL088W,0.0,0.0,0.0,0.0,3,0,0.0
YPL092W,0.0,0.0,0.0,0.0,1,0,0.0
YPL158C,0.0,0.0,0.0,0.0,2,0,0.0
YPL159C,0.0,0.0,0.0,0.0,2,0,0.0
YPL219W,0.0,0.0,0.0,0.0,2,0,0.0
YPL270W,0.0,0.0,0.0,0.0,2,0,0.0
YPR003C,0.0,0.0,0.0,0.0,1,0,0.0
YPR114W,0.0,0.0,0.0,0.0,1,0,0.0
YPR130C,0.0,0.0,0.0,0.0,1,0,0.0
YPR188C,0.0,0.0,0.0,0.0,2,0,0.0
YKL059C,0.5,0.41936572199730093,6.5,4.0,4,1,1.419365721997301
YJR097W,0.0,0.0,0.0,0.0,1,0,0.0
YJR099W,0.0,0.0,0.0,0.0,2,0,0.0
YJR100C,0.0,0.0,0.0,0.0,1,0,0.0
YJR102C,0.2,1.0,3.7777777777777777,5.3,5,0,2.0
YLR417W,0.3333333333333333,1.1666666666666665,3.7777777777777777,3.95,4,0,2.1666666666666665
YMR077C,0.16666666666666666,0.5833333333333333,2.0,3.0,4,0,1.5833333333333333
YJR105W,0.0,0.0,0.0,0.0,1,0,0.0
YLR301W,0.0,0.0,0.0,0.0,3,0,0.0
YKL048C,0.0,0.0,0.0,0.6153846153846154,1,0,1.0
YJR120W,0.0,0.0,0.0,0.0,1,0,0.0
YJR125C,0.0,0.0,0.0,0.0,1,0,0.0
YJR127C,0.0,0.0,0.0,0.0,1,0,0.0
YJR136C,0.0,0.0,0.0,0.0,2,1,0.0
YKL033W,0.0,0.0,0.0,0.0,1,1,0.0
YJR146W,0.0,0.0,0.0,0.0,2,0,0.0
YLR246W,0.0,0.0,0.0,0.0,2,0,0.0
YJR154W,0.0,0.0,0.0,0.0,1,0,0.0
YJR157W,0.0,0.0,0.0,0.0,1,0,0.0
YKL001C,0.0,0.0,0.0,0.0,2,0,0.0
YNL107W,0.0,0.0,0.0,0.0,1,0,0.0
YKL073W,0.0,0.0,0.0,0.0,1,0,0.0
YLR109W,0.0,0.0,0.0,1.6,1,0,1.0
YNL014W,0.0,0.0,0.0,0.0,1,0,0.0
YPL283C,0.0,0.0,0.0,0.0,1,0,0.0
YPR122W,0.0,0.0,0.0,0.0,1,0,0.0
YKL017C,0.3333333333333333,0.028381642512077296,1.0,2.0,3,0,1.0283816425120773
YML097C,0.3333333333333333,0.2361111111111111,0.0,0.3333333333333333,3,0,1.2361111111111112
YKL024C,0.0,0.0,0.0,0.0,1,1,0.0
YKL029C,0.0,0.0,0.0,0.0,2,0,0.0
YMR090W,0.0,0.0,0.0,0.0,2,0,0.0
YKL035W,0.0,0.0,0.0,0.0,1,1,0.0
YKL038W,0.0,0.0,0.0,0.0,1,0,0.0
YKL041W,1.0,0.30952380952380953,0.0,0.0,2,0,1.3095238095238095
YKL044W,0.0,0.0,0.0,0.0,1,0,0.0
YKL047W,0.0,0.0,0.0,0.0,1,0,0.0
YPL130W,0.0,0.0,0.0,0.0,2,0,0.0
YLR285W,0.0,0.0,0.0,0.0,3,0,0.0
YNL122C,0.0,0.0,0.0,0.0,1,0,0.0
YKL067W,0.3333333333333333,0.023104852018923976,2.0,1.1111111111111112,3,0,1.0231048520189239
YNL273W,0.0,0.0,0.0,0.0,3,0,0.0
YKL069W,0.0,0.0,0.0,0.0,1,0,0.0
YKL072W,0.0,0.0,0.0,0.0,2,0,0.0
YOR148C,0.0,0.0,0.0,0.0,1,1,0.0
YKL087C,0.0,0.0,0.0,0.0,1,0,0.0
YKL088W,0.0,0.0,0.0,0.0,3,1,0.0
YKL093W,0.0,0.0,0.0,0.0,1,0,0.0
YOR239W,0.0,0.0,0.0,0.0,4,0,0.0
YKL106W,0.0,0.0,0.0,0.0,1,0,0.0
YKL107W,0.0,0.0,0.0,0.0,1,0,0.0
YKL114C,0.0,0.0,0.0,0.0,1,0,0.0
YLR389C,0.0,0.0,0.0,0.0,1,0,0.0
YKR069W,0.3333333333333333,0.08711433756805807,0.0,0.0,3,0,1.087114337568058
YOR247W,0.3333333333333333,0.08711433756805807,1.0,0.0,3,0,1.087114337568058
YML106W,0.0,0.0,0.0,0.0,1,0,0.0
YOL073C,0.0,0.0,0.0,0.0,2,0,0.0
YKL133C,0.0,0.0,0.0,0.0,1,0,0.0
YLR170C,1.0,1.4166666666666665,4.016666666666667,5.333333333333333,3,0,2.4166666666666665
YPL259C,0.5,1.4166666666666665,13.0,10.666666666666666,4,0,2.4166666666666665
YMR165C,0.0,0.0,0.0,0.0,1,0,0.0
YMR210W,0.0,0.0,0.0,0.0,1,0,0.0
YMR243C,0.0,0.0,0.0,0.0,2,0,0.0
YMR307W,0.0,0.0,0.0,0.0,2,0,0.0
YKL163W,0.0,0.0,0.0,0.0,1,0,0.0
YKL164C,0.0,0.0,0.0,0.0,1,0,0.0
YKL166C,0.0,0.0,0.0,2.1818181818181817,1,1,1.0
YKL168C,0.0,0.0,0.0,0.0,1,0,0.0
YLR012C,0.0,0.0,0.0,0.0,1,0,0.0
YKL176C,0.0,0.0,0.0,0.0,1,0,0.0
YKL182W,0.0,0.0,0.0,0.0,1,1,0.0
YNL104C,0.0,0.0,0.0,0.0,1,0,0.0
YKL186C,0.0,0.0,0.0,0.0,1,1,0.0
YML057W,0.3333333333333333,0.2159090909090909,0.0,3.6,3,0,1.2159090909090908
YPL163C,0.0,0.0,0.0,0.0,1,0,0.0
YKL197C,0.0,0.0,0.0,0.0,1,0,0.0
YOR003W,0.0,0.0,0.0,0.0,1,0,0.0
YKL204W,0.0,0.0,0.0,0.0,1,0,0.0
YNR034W,0.0,0.0,0.0,0.0,1,0,0.0
YKL208W,0.0,0.0,0.0,0.0,1,0,0.0
YKL214C,0.0,0.0,0.0,0.0,2,0,0.0
YKL221W,0.0,0.0,0.0,0.0,2,0,0.0
YOR221C,0.0,0.0,0.0,0.0,1,0,0.0
YKR005C,0.0,0.0,0.0,0.0,1,0,0.0
YKR016W,0.0,0.0,0.0,0.0,1,0,0.0
YKR017C,0.0,0.0,0.0,0.0,1,0,0.0
YMR269W,0.0,0.0,0.0,0.0,1,0,0.0
YOR190W,0.0,0.0,0.0,0.0,4,0,0.0
YOR198C,0.0,0.0,0.0,0.0,3,0,0.0
YKR031C,0.0,0.0,0.0,0.0,1,0,0.0
YKR064W,0.0,0.0,0.0,0.0,1,0,0.0
YKR065C,0.0,0.0,0.0,0.0,2,0,0.0
YLR036C,0.0,0.0,0.0,0.0,1,0,0.0
YKR070W,0.0,0.0,0.0,0.0,1,0,0.0
YKR072C,0.0,0.0,0.0,0.0,1,0,0.0
YKR074W,0.0,0.0,0.0,0.0,1,0,0.0
YKR080W,0.0,0.0,0.0,0.0,1,0,0.0
YLR462W,0.0,0.0,0.0,0.0,1,0,0.0
YPL023C,0.0,0.0,0.0,0.0,1,0,0.0
YPL067C,0.0,0.0,0.0,0.0,1,0,0.0
YPR177C,0.0,0.0,0.0,0.0,1,1,0.0
YKR095W,0.0,0.0,0.0,0.0,1,0,0.0
YOL143C,0.0,0.0,0.0,0.0,3,0,0.0
YLL006W,0.0,0.0,0.0,0.0,1,0,0.0
YOR112W,0.0,0.0,0.0,0.0,2,0,0.0
YLL010C,0.0,0.0,0.0,22.0,1,0,1.0
YLL012W,0.0,0.0,0.0,0.0,2,0,0.0
YNR075W,0.0,0.0,0.0,0.0,1,0,0.0
YOR095C,0.0,0.0,0.0,0.0,1,1,0.0
YOR282W,0.0,0.0,0.0,0.0,1,1,0.0
YOL112W,0.0,0.0,0.0,0.0,1,0,0.0
YLL023C,0.0,0.0,0.0,0.0,1,0,0.0
YLR459W,0.0,0.0,0.0,0.0,2,1,0.0
YNL180C,0.0,0.0,0.0,0.0,2,0,0.0
YLL038C,0.0,0.0,0.0,0.0,2,0,0.0
YNL327W,0.0,0.0,0.0,0.0,1,0,0.0
YNR006W,0.0,0.0,0.0,0.0,1,0,0.0
YLL047W,0.0,0.0,0.0,0.0,1,0,0.0
YLL052C,0.0,0.0,0.0,0.0,1,0,0.0
YLL059C,0.0,0.0,0.0,0.0,1,0,0.0
YLR001C,0.0,0.0,0.0,0.0,1,0,0.0
YNL019C,0.0,0.0,0.0,0.0,1,0,0.0
YLR007W,0.0,0.0,0.0,0.0,2,1,0.0
YLR383W,0.0,0.0,0.0,0.0,1,1,0.0
YLR008C,0.0,0.0,0.0,0.0,1,1,0.0
YLR011W,0.0,0.0,0.0,0.0,2,0,0.0
YLR021W,0.0,0.0,0.0,0.0,1,0,0.0
YLR028C,0.0,0.0,0.0,0.0,1,0,0.0
YLR034C,0.0,0.0,0.0,0.0,1,0,0.0
YML125C,0.0,0.0,0.0,0.0,2,1,0.0
YLR042C,0.0,0.0,0.0,0.0,1,0,0.0
YLR434C,0.0,0.0,0.0,0.0,2,0,0.0
YLR050C,0.0,0.0,0.0,0.0,1,0,0.0
YLR057W,0.0,0.0,0.0,0.0,1,0,0.0
YLR070C,0.0,0.0,0.0,0.0,1,0,0.0
YLR076C,0.0,0.0,0.0,0.0,1,1,0.0
YLR080W,0.0,0.0,0.0,0.0,2,0,0.0
YLR110C,0.0,0.0,0.0,0.0,1,0,0.0
YPL257WA,0.0,0.0,0.0,0.0,2,0,0.0
YLR124W,0.0,0.0,0.0,0.0,4,0,0.0
YMR030W,0.0,0.0,0.0,0.0,1,0,0.0
YLR261C,0.0,0.0,0.0,0.0,2,0,0.0
YOR390W,0.0,0.0,0.0,0.0,1,0,0.0
YPL224C,0.0,0.0,0.0,0.0,1,0,0.0
YMR088C,0.0,0.0,0.0,0.0,1,0,0.0
YNR072W,0.0,0.0,0.0,0.0,1,0,0.0
YPR014C,0.0,0.0,0.0,0.0,1,0,0.0
YPR066W,0.0,0.0,0.0,0.0,3,0,0.0
YPL262W,0.0,0.0,0.0,0.0,1,0,0.0
YLR159W,0.0,0.0,0.0,0.0,2,0,0.0
YOR342C,0.0,0.0,0.0,0.0,1,0,0.0
YLR161W,0.0,0.0,0.0,0.0,1,0,0.0
YLR168C,0.0,0.0,0.0,0.0,1,0,0.0
YLR171W,0.0,0.0,0.0,0.0,1,0,0.0
YPR201W,0.0,0.0,0.0,0.0,1,0,0.0
YLR174W,0.0,0.0,0.0,0.0,1,0,0.0
YNR065C,0.0,0.0,0.0,0.0,1,0,0.0
YML035C,0.0,0.0,0.0,0.0,2,0,0.0
YLR199C,0.0,0.0,0.0,0.0,1,0,0.0
YLR201C,0.0,0.0,0.0,0.0,1,0,0.0
YLR203C,0.0,0.0,0.0,0.0,2,0,0.0
YLR204W,0.0,0.0,0.0,0.0,1,0,0.0
YMR299C,0.0,0.0,0.0,0.0,1,0,0.0
YLR207W,0.3333333333333333,1.3333333333333333,3.583333333333333,2.2976190476190474,4,0,2.333333333333333
YLR450W,0.16666666666666666,0.6666666666666666,1.3333333333333333,1.7142857142857142,4,0,1.6666666666666665
YML075C,0.16666666666666666,0.6666666666666666,1.3333333333333333,0.0,4,0,0.9166666666666666
YOL013C,0.6666666666666666,1.3333333333333333,3.583333333333333,0.5833333333333334,3,0,1.8333333333333333
YLR209C,0.0,0.0,0.0,0.0,1,0,0.0
YLR211C,0.0,0.0,0.0,0.0,2,0,0.0
YNR041C,0.0,0.0,0.0,0.0,2,0,0.0
YLR227C,0.0,0.0,0.0,0.0,2,0,0.0
YLR239C,0.0,0.0,0.0,0.0,3,0,0.0
YLR245C,0.3333333333333333,0.11669071669071669,0.0,13.033333333333337,4,0,1.1166907166907167
YOL110W,0.0,0.0,0.0,0.0,1,0,0.0
YLR251W,0.0,0.0,0.0,0.0,1,0,0.0
YLR252W,0.0,0.0,0.0,0.0,1,0,0.0
YLR259C,0.0,0.0,0.0,0.0,1,1,0.0
YLR266C,0.0,0.0,0.0,0.0,1,0,0.0
YLR281C,0.0,0.0,0.0,0.0,1,0,0.0
YLR290C,0.0,0.0,0.0,0.0,1,0,0.0
YNL158W,0.0,0.0,0.0,0.0,1,1,0.0
YNL190W,0.0,0.0,0.0,0.0,1,0,0.0
YOL046C,0.0,0.0,0.0,0.0,1,0,0.0
YOL093W,0.0,0.0,0.0,0.0,1,0,0.0
YOR104W,0.0,0.0,0.0,0.0,2,0,0.0
YOR368W,0.0,0.0,0.0,3.0,5,0,1.0
YLR289W,0.0,0.0,0.0,0.0,1,0,0.0
YLR294C,0.0,0.0,0.0,0.0,4,0,0.0
YLR455W,1.0,0.016122816032887975,4.5,3.75,2,0,1.016122816032888
YML079W,0.0,0.0,0.0,0.0,1,0,0.0
YMR003W,0.0,0.0,0.0,0.0,2,0,0.0
YMR141C,0.0,0.0,0.0,0.0,1,0,0.0
YMR177W,0.0,0.0,0.0,0.0,1,0,0.0
YNL009W,0.0,0.0,0.0,0.0,1,0,0.0
YNL194C,0.0,0.0,0.0,0.0,2,0,0.0
YNL205C,0.0,0.0,0.0,0.0,1,0,0.0
YNL324W,0.0,0.0,0.0,0.0,1,0,0.0
YNL328C,0.0,0.0,0.0,0.0,1,0,0.0
YOL008W,0.0,0.0,0.0,0.0,1,0,0.0
YOL050C,0.0,0.0,0.0,0.0,1,0,0.0
YPR118W,0.0,0.0,0.0,0.0,1,0,0.0
YLR299W,0.0,0.0,0.0,0.0,1,0,0.0
YOL137W,0.0,0.0,0.0,0.0,1,0,0.0
YLR303W,0.0,0.0,0.0,0.0,1,0,0.0
YNL192W,0.0,0.0,0.0,0.0,1,0,0.0
YLR305C,0.0,0.0,0.0,0.0,2,1,0.0
YLR312C,0.0,0.0,0.0,0.0,2,0,0.0
YLR317W,0.0,0.0,0.0,0.0,1,1,0.0
YNL140C,0.0,0.0,0.0,0.0,1,0,0.0
YLR327C,0.0,0.0,0.0,0.0,1,0,0.0
YLR332W,0.0,0.0,0.0,0.0,2,0,0.0
YLR334C,0.0,0.0,0.0,0.0,1,0,0.0
YLR377C,0.1,0.023104852018923976,0.0,12.333333333333332,5,0,1.0231048520189239
YLR351C,0.0,0.0,0.0,0.0,1,0,0.0
YLR358C,0.0,0.0,0.0,0.0,3,0,0.0
YNL145W,0.0,0.0,0.0,0.0,1,0,0.0
YLR359W,0.0,0.0,0.0,0.0,1,1,0.0
YLR363C,0.0,0.0,0.0,0.0,1,0,0.0
YLR366W,0.0,0.0,0.0,0.0,1,0,0.0
YPR093C,0.0,0.0,0.0,0.0,1,0,0.0
YLR372W,0.0,0.0,0.0,0.0,1,0,0.0
YMR140W,0.0,0.0,0.0,0.0,1,0,0.0
YPL107W,0.0,0.0,0.0,0.0,1,0,0.0
YPL253C,0.0,0.0,0.0,0.0,4,0,0.0
YLR385C,0.0,0.0,0.0,0.0,1,0,0.0
YLR387C,0.0,0.0,0.0,0.0,1,0,0.0
YOL056W,0.0,0.0,0.0,0.0,1,0,0.0
YLR393W,0.0,0.0,0.0,0.0,1,0,0.0
YMR279C,0.0,0.0,0.0,0.0,1,0,0.0
YOR338W,0.0,0.0,0.0,0.0,1,0,0.0
YLR401C,0.0,0.0,0.0,0.0,1,0,0.0
YOR025W,0.0,0.0,0.0,0.0,1,0,0.0
YLR411W,0.0,0.0,0.0,0.0,1,0,0.0
YLR412W,0.0,0.0,0.0,0.0,1,0,0.0
YLR414C,0.0,0.0,0.0,0.0,1,0,0.0
YOR013W,0.0,0.0,0.0,0.0,1,0,0.0
YLR416C,0.0,0.0,0.0,0.0,1,0,0.0
YPR135W,0.0,0.0,0.0,0.0,2,0,0.0
YLR422W,0.0,0.0,0.0,0.0,1,0,0.0
YMR017W,0.0,0.0,0.0,0.0,4,0,0.0
YNL090W,0.3333333333333333,0.08635394456289978,1.3333333333333333,14.583333333333332,3,0,1.0863539445628998
YLR425W,0.0,0.0,0.0,0.0,1,0,0.0
YOR053W,0.0,0.0,0.0,0.0,2,0,0.0
YLR428C,0.0,0.0,0.0,0.0,1,0,0.0
YML107C,0.0,0.0,0.0,0.0,1,0,0.0
YOR119C,0.0,0.0,0.0,0.0,1,1,0.0
YLR465C,0.0,0.0,0.0,0.0,3,0,0.0
YNL028W,0.0,0.0,0.0,0.0,2,1,0.0
YNL134C,0.0,0.0,0.0,0.0,1,0,0.0
YNL169C,0.0,0.0,0.0,0.0,3,0,0.0
YNL323W,0.0,0.0,0.0,0.0,1,0,0.0
YPR006C,0.0,0.0,0.0,0.0,1,0,0.0
YML027W,0.0,0.0,0.0,0.0,1,0,0.0
YNL072W,0.0,0.0,0.0,0.0,1,0,0.0
YNL133C,0.0,0.0,0.0,0.0,1,0,0.0
YNR009W,0.0,0.0,0.0,0.0,2,0,0.0
YNR066C,0.0,0.0,0.0,0.0,1,0,0.0
YOR230W,0.0,0.0,0.0,1.25,1,0,1.0
YPL034W,0.0,0.0,0.0,0.0,3,0,0.0
YPL154C,0.0,0.0,0.0,0.0,4,0,0.0
YPR071W,0.0,0.0,0.0,0.0,1,0,0.0
YPL074W,0.0,0.0,0.0,0.0,1,0,0.0
YOL128C,0.0,0.0,0.0,1.2,1,0,1.0
YML037C,0.0,0.0,0.0,0.0,1,0,0.0
YNL046W,0.0,0.0,0.0,0.0,1,0,0.0
YML054C,1.0,1.125,2.0,2.1142857142857143,2,0,2.125
YPL063W,1.0,1.125,2.0,0.7142857142857143,2,1,2.013888888888889
YML060W,0.0,0.0,0.0,0.0,1,0,0.0
YMR063W,0.0,0.0,0.0,0.0,1,0,0.0
YML062C,0.0,0.0,0.0,0.0,1,0,0.0
YNL097C,0.0,0.0,0.0,0.0,2,0,0.0
YML070W,0.0,0.0,0.0,0.0,1,0,0.0
YOR102W,0.0,0.0,0.0,0.0,2,1,0.0
YPR099C,0.0,0.0,0.0,0.0,1,0,0.0
YOL144W,0.0,0.0,0.0,0.0,2,1,0.0
YML129C,0.0,0.0,0.0,0.0,1,0,0.0
YMR014W,0.0,0.0,0.0,0.0,1,0,0.0
YMR019W,0.0,0.0,0.0,0.0,1,0,0.0
YMR150C,0.0,0.0,0.0,0.0,1,0,0.0
YMR036C,0.0,0.0,0.0,0.0,1,0,0.0
YMR041C,0.0,0.0,0.0,0.0,1,0,0.0
YNL068C,0.0,0.0,0.0,0.0,1,0,0.0
YOR088W,0.0,0.0,0.0,0.0,1,0,0.0
YMR157C,0.0,0.0,0.0,0.0,1,0,0.0
YNL300W,0.0,0.0,0.0,0.0,1,0,0.0
YNL319W,0.0,0.0,0.0,0.0,1,0,0.0
YNR061C,0.0,0.0,0.0,0.0,1,0,0.0
YOL146W,0.0,0.0,0.0,0.0,1,1,0.0
YOR251C,0.0,0.0,0.0,0.0,1,0,0.0
YOR286W,0.0,0.0,0.0,0.0,1,0,0.0
YPL214C,0.0,0.0,0.0,8.5,2,0,1.0
YMR051C,0.0,0.0,0.0,0.0,1,0,0.0
YNL335W,0.0,0.0,0.0,0.0,2,0,0.0
YMR282C,0.0,0.0,0.0,0.0,1,0,0.0
YPL263C,0.0,0.0,0.0,0.0,1,0,0.0
YMR097C,0.0,0.0,0.0,0.0,1,0,0.0
YOR154W,0.0,0.0,0.0,0.0,2,0,0.0
YOR120W,1.0,0.2111111111111111,0.0,2.523809523809524,2,0,1.211111111111111
YMR106C,0.0,0.0,0.0,2.1538461538461537,2,0,1.0
YPR167C,0.0,0.0,0.0,0.0,1,0,0.0
YMR123W,0.0,0.0,0.0,0.0,1,0,0.0
YMR131C,0.0,0.0,0.0,0.0,1,1,0.0
YMR133W,0.0,0.0,0.0,0.0,1,0,0.0
YMR134W,0.0,0.0,0.0,0.0,2,1,0.0
YOR070C,0.0,0.0,0.0,0.0,1,0,0.0
YPL164C,1.0,0.20202020202020202,9.333333333333334,0.0,2,0,1.202020202020202
YMR178W,0.0,0.0,0.0,0.0,1,0,0.0
YMR179W,0.0,0.0,0.0,0.0,4,1,0.0
YNL003C,0.0,0.0,0.0,0.0,1,0,0.0
YMR184W,0.0,0.0,0.0,0.0,1,0,0.0
YMR195W,0.0,0.0,0.0,0.0,1,0,0.0
YMR271C,0.0,0.0,0.0,0.0,2,0,0.0
YPL101W,1.0,0.45,2.0,0.0,2,0,1.45
YMR317W,0.0,0.0,0.0,0.0,1,0,0.0
YMR323W,0.0,0.0,0.0,0.0,1,0,0.0
YMR325W,0.0,0.0,0.0,0.0,1,0,0.0
YPR199C,0.0,0.0,0.0,0.0,1,0,0.0
YNR018W,0.0,0.0,0.0,0.0,1,0,0.0
YNL045W,0.0,0.0,0.0,0.0,1,0,0.0
YNL056W,0.0,0.0,0.0,0.0,1,0,0.0
YPL061W,0.0,0.0,0.0,0.0,1,0,0.0
YOR004W,0.0,0.0,0.0,0.0,1,1,0.0
YNL224C,0.0,0.0,0.0,0.0,1,0,0.0
YOR093C,0.0,0.0,0.0,0.0,1,0,0.0
YPR062W,0.0,0.0,0.0,0.0,1,0,0.0
YPL249C,0.0,0.0,0.0,0.0,3,0,0.0
YPL075W,0.0,0.0,0.0,0.0,2,1,0.0
YNL226W,0.0,0.0,0.0,0.0,1,0,0.0
YNL246W,0.0,0.0,0.0,0.0,2,1,0.0
YPR058W,0.0,0.0,0.0,0.0,1,0,0.0
YPL150W,0.0,0.0,0.0,2.0,1,0,1.0
YNL279W,0.0,0.0,0.0,0.0,1,0,0.0
YNL289W,0.0,0.0,0.0,0.0,1,0,0.0
YNL292W,0.0,0.0,0.0,0.0,1,0,0.0
YNR043W,0.0,0.0,0.0,0.0,1,1,0.0
YNL320W,0.0,0.0,0.0,0.0,1,0,0.0
YNR004W,0.0,0.0,0.0,0.0,1,0,0.0
YPL157W,0.0,0.0,0.0,0.0,2,0,0.0
YNR019W,0.0,0.0,0.0,0.0,1,0,0.0
YNR033W,0.0,0.0,0.0,0.0,1,0,0.0
YNR063W,0.0,0.0,0.0,0.0,1,0,0.0
YOL009C,0.0,0.0,0.0,0.0,1,0,0.0
YOL035C,0.0,0.0,0.0,0.0,1,0,0.0
YPL196W,0.0,0.0,0.0,0.0,1,0,0.0
YOL066C,0.0,0.0,0.0,0.0,1,1,0.0
YOL078W,0.0,0.0,0.0,0.0,1,1,0.0
YOL095C,0.0,0.0,0.0,0.0,1,0,0.0
YOL103WB,0.0,0.0,0.0,0.0,1,0,0.0
YOL147C,0.0,0.0,0.0,0.0,1,0,0.0
YPL008W,0.0,0.0,0.0,0.0,1,0,0.0
YOR051C,0.0,0.0,0.0,0.0,1,0,0.0
YOR074C,1.0,0.019345238095238096,2.25,2.013888888888889,2,1,1.0193452380952381
YOR079C,0.0,0.0,0.0,0.0,1,0,0.0
YPR169W,0.0,0.0,0.0,0.0,1,1,0.0
YOR393W,0.0,0.0,0.0,0.0,1,0,0.0
YPR085C,0.0,0.0,0.0,0.0,2,1,0.0
YOR131C,0.0,0.0,0.0,0.0,1,0,0.0
YOR146W,0.0,0.0,0.0,0.0,1,1,0.0
YOR172W,0.0,0.0,0.0,0.0,1,0,0.0
YOR288C,0.0,0.0,0.0,0.0,1,0,0.0
YOR325W,0.0,0.0,0.0,0.0,1,0,0.0
YPR123C,0.0,0.0,0.0,0.0,1,0,0.0
YPL097W,0.0,0.0,0.0,0.0,1,0,0.0
YPR070W,0.0,0.0,0.0,0.0,1,0,0.0
YPR157W,0.0,0.0,0.0,0.0,1,0,0.0
YPR133C,0.0,0.0,0.0,0.0,1,1,0.0
