protein,CC,ECC,SL_Nb,GO_Nb,degree,essential,MEM_FET
YDL106C,0.0,0.0,0.0,0.0,4,0,0.0
YKR099W,0.0,0.0,0.0,0.0,3,0,0.0
YKL205W,0.1,0.18803418803418803,8.125,5.9,5,1,1.188034188034188
YNR034W,0.0,0.0,0.0,0.0,1,0,0.0
YGL035C,0.1,0.375,2.0,4.714285714285714,5,0,1.375
YBR112C,0.08333333333333333,0.75,5.0,4.790909090909091,9,1,1.75
YBR195C,0.0,0.0,0.0,3.2,1,0,1.0
YML102W,0.0,0.0,0.0,1.25,1,0,1.0
YNL259C,0.0,0.0,0.0,0.0,1,0,0.0
YDR270W,0.0,0.0,0.0,0.0,1,0,0.0
YBR010W,0.22058823529411764,3.6180555555555554,0.0,16.004901960784313,17,0,4.618055555555555
YLR442C,0.2857142857142857,0.9852272727272727,4.0,6.259103641456583,7,0,1.9852272727272728
YBR009C,0.1380952380952381,2.9,0.0,13.683473389355743,21,1,3.9
YDR227W,0.05555555555555555,0.2851190476190476,0.0,0.0,9,0,0.4799694303608708
YNL216W,0.0,0.0,0.0,0.0,6,1,0.0
YDR225W,0.75,5.377272727272727,7.0,35.900000000000006,9,0,6.377272727272727
YDR224C,0.42424242424242425,4.47260101010101,7.0,19.914285714285715,12,1,5.47260101010101
YLR182W,0.13333333333333333,0.6916666666666667,0.0,3.0,6,1,1.6916666666666667
YER111C,0.3333333333333333,0.6916666666666667,0.0,4.587301587301587,4,0,1.6916666666666667
YPR119W,0.0,0.0,0.0,0.0,5,0,0.0
YPL204W,0.5,2.0,9.377777777777778,2.2666666666666666,4,1,3.0
YDR085C,0.0,0.0,0.0,0.0,3,0,0.0
YHR107C,0.08974358974358974,1.107142857142857,6.0,19.943722943722943,13,1,2.1071428571428568
YDR477W,0.11428571428571428,1.7142857142857144,19.8125,5.885714285714286,15,0,2.7142857142857144
YNL257C,0.0,0.0,0.0,0.0,1,0,0.0
YER032W,0.027777777777777776,0.20833333333333331,0.0,2.2403846153846154,9,0,1.2083333333333333
YDR195W,0.0,0.0,0.0,0.0,4,0,0.0
YLR240W,0.0,0.0,0.0,0.0,1,1,0.0
YBR097W,0.0,0.0,0.0,0.0,1,0,0.0
YGL086W,0.0,0.0,0.0,7.428571428571429,5,0,1.0
YGL116W,0.0,0.0,0.0,5.2,4,1,1.0
YLR178C,0.5,0.427485380116959,12.0,4.964285714285714,4,0,1.4274853801169591
YJL061W,0.13333333333333333,0.32142857142857145,1.8958333333333333,0.0,6,1,0.7362433862433863
YFR002W,0.24444444444444444,1.7329991645781118,10.895833333333332,11.708333333333332,10,1,2.7329991645781115
YGR119C,0.1523809523809524,3.1999999999999997,25.25,44.16666666666666,21,1,4.199999999999999
YGL172W,0.18421052631578946,3.6329519450800913,27.249999999999996,39.595238095238095,20,1,4.632951945080091
YPR141C,0.3333333333333333,0.8352007469654529,7.111111111111111,1.9,6,0,1.835200746965453
YMR198W,0.3333333333333333,0.27142857142857146,1.9444444444444444,6.666666666666666,3,1,1.2714285714285714
YFR034C,0.12727272727272726,0.6540709290709291,5.0,28.000000000000004,11,0,1.654070929070929
YBR119W,0.0,0.0,0.0,0.0,5,0,0.0
YLR223C,0.0,0.0,0.0,0.0,2,1,0.0
YLR449W,0.0,0.0,0.0,0.0,1,0,0.0
YNL227C,0.0,0.0,0.0,0.0,2,0,0.0
YML016C,0.047619047619047616,0.30952380952380953,0.0,2.0,7,0,1.3095238095238095
YDR110W,0.0,0.0,0.0,0.0,5,0,0.0
YIL061C,0.0,0.0,0.0,0.0,29,1,0.0
YAL047C,0.01818181818181818,0.2,3.0,0.0,11,0,0.2909090909090909
YCR101C,0.0,0.0,0.0,0.0,1,0,0.0
YFR039C,0.0,0.0,0.0,0.0,1,0,0.0
YGR203W,0.0,0.0,0.0,0.0,1,0,0.0
YLR017W,0.0,0.0,0.0,0.0,1,0,0.0
YLR213C,0.0,0.0,0.0,0.0,1,0,0.0
YMR009W,0.0,0.0,0.0,0.0,1,0,0.0
YMR044W,0.0,0.0,0.0,0.0,1,0,0.0
YOR275C,0.0,0.0,0.0,2.4,2,0,1.0
YLR153C,0.0,0.0,0.0,0.0,1,1,0.0
YNR016C,0.0,0.0,0.0,0.0,1,1,0.0
YNL199C,0.0,0.0,0.0,0.0,4,0,0.0
YHR079C,0.0,0.0,0.0,0.0,2,0,0.0
YBL063W,0.0,0.0,0.0,0.0,1,0,0.0
YFL016C,0.3333333333333333,0.5333333333333333,4.5,0.0,3,0,1.1583333333333332
YHR023W,0.0,0.0,0.0,0.0,4,1,0.0
YER105C,0.06666666666666667,0.051417270929466054,1.0,2.1142857142857143,6,0,1.051417270929466
YOR346W,0.0,0.0,0.0,0.0,1,0,0.0
YOL004W,0.07272727272727272,0.8,8.0,28.485,11,0,1.8
YPL016W,0.3523809523809524,4.753246753246753,3.0,17.22222222222222,15,1,5.753246753246753
YBR117C,0.0,0.0,0.0,0.0,1,0,0.0
YER172C,0.12727272727272726,0.9246047430830041,21.5,5.357142857142857,11,1,1.924604743083004
YPL215W,0.0,0.0,0.0,0.0,2,0,0.0
YDL013W,0.0,0.0,0.0,0.0,4,1,0.0
YMR240C,0.1,0.375,2.0,2.207792207792208,5,1,1.375
YLR090W,0.0,0.0,0.0,0.0,1,0,0.0
YOR319W,0.0,0.0,0.0,5.5,2,1,1.0
YGR056W,0.6545454545454545,6.415384615384616,9.0,39.84166666666667,11,0,7.415384615384616
YHR209W,0.0,0.0,0.0,0.0,1,0,0.0
YJR022W,0.009250693802035153,0.43478260869565216,9.75,47.833333333333336,47,1,1.434782608695652
YDR228C,0.38095238095238093,2.3795518207282913,14.0,2.25,7,1,3.325108030263312
YGL096W,0.0,0.0,0.0,0.0,1,0,0.0
YHR034C,0.0,0.0,0.0,0.0,1,0,0.0
YHR035W,0.0,0.0,0.0,0.0,1,0,0.0
YIL173W,0.0,0.0,0.0,0.0,1,0,0.0
YNL050C,0.0,0.0,0.0,0.0,1,0,0.0
YOR076C,0.0,0.0,0.0,0.0,3,1,0.0
YBR003W,0.0,0.0,0.0,0.0,1,0,0.0
YGL173C,0.10714285714285714,0.2995496894409938,4.5,0.631578947368421,8,0,1.299549689440994
YNR050C,0.0,0.0,0.0,0.0,1,0,0.0
YDR277C,0.0,0.0,0.0,0.0,3,0,0.0
YNL118C,0.003076923076923077,0.06173913043478261,4.0,3.482456140350877,26,1,1.0617391304347825
YNR053C,0.19047619047619047,0.6191095740008784,5.25,8.0,7,1,1.6191095740008783
YER013W,0.0,0.0,0.0,0.0,3,1,0.0
YLR116W,0.038461538461538464,0.4880952380952381,0.0,0.0,13,1,0.566894487626195
YJR066W,0.10714285714285714,0.857142857142857,0.8,4.923809523809523,8,0,1.857142857142857
YJR005W,0.3,1.5,3.5,2.05,5,0,2.5
YDL156W,0.0,0.0,0.0,0.0,1,0,0.0
YDL161W,0.0,0.0,0.0,0.0,3,0,0.0
YIL130W,0.0,0.0,0.0,0.0,3,0,0.0
YMR065W,0.06666666666666667,0.2159090909090909,1.9444444444444444,0.0,6,0,0.5246810207336523
YML046W,1.0,0.20833333333333331,0.0,0.0,2,1,1.2083333333333333
YBR172C,1.0,0.20833333333333331,0.0,0.0,2,0,1.2083333333333333
YKL074C,0.08333333333333333,0.5714285714285714,0.0,0.0,9,0,0.7172619047619048
YPL105C,0.0,0.0,0.0,0.0,2,0,0.0
YLR357W,0.8,6.77094017094017,9.0,31.241666666666664,10,0,7.77094017094017
YDL043C,0.007352941176470588,0.125,4.5,18.0,17,1,1.125
YJL146W,0.0,0.0,0.0,0.0,1,0,0.0
YMR302C,0.0,0.0,0.0,0.0,1,0,0.0
YBR113W,0.0,0.0,0.0,0.0,1,0,0.0
YDR131C,0.0,0.0,0.0,4.0,1,0,1.0
YDR180W,0.0,0.0,0.0,0.0,4,1,0.0
YDR386W,0.0,0.0,0.0,0.0,4,0,0.0
YDR409W,0.1,0.35,1.5,0.0,5,0,0.6357142857142857
YER113C,0.0,0.0,0.0,0.0,1,0,0.0
YKL155C,0.0,0.0,0.0,0.0,1,0,0.0
YLL014W,0.0,0.0,0.0,0.0,1,0,0.0
YMR117C,0.10909090909090909,1.018627450980392,9.25,23.4,11,1,2.018627450980392
YNL023C,0.0,0.0,0.0,1.6,2,0,1.0
YJL203W,0.01282051282051282,0.16666666666666666,2.0,1.0,13,1,1.1666666666666667
YOL136C,0.0,0.0,0.0,0.0,1,0,0.0
YDR170C,0.16666666666666666,0.16783216783216784,2.6666666666666665,0.0,4,1,1.1608877233877233
YCR081W,0.5,0.6166666666666667,3.0,2.321428571428571,4,0,1.6166666666666667
YHL007C,0.07692307692307693,0.9326923076923078,6.444444444444445,14.580143540669855,13,0,1.932692307692308
YBL067C,0.0,0.0,0.0,0.0,1,0,0.0
YBL101C,0.0,0.0,0.0,0.0,1,0,0.0
YKR090W,0.0,0.0,0.0,0.0,1,0,0.0
YMR285C,0.0,0.0,0.0,0.0,1,0,0.0
YOL091W,0.0,0.0,0.0,0.0,2,0,0.0
YLR067C,0.0,0.0,0.0,0.0,3,0,0.0
YGR074W,0.0,0.0,0.0,0.0,7,1,0.0
YDR389W,0.0,0.0,0.0,0.0,3,1,0.0
YBR043C,0.0,0.0,0.0,0.0,1,0,0.0
YGL202W,0.0,0.0,0.0,0.0,1,0,0.0
YJR033C,0.3333333333333333,0.24761904761904763,3.0,5.843137254901961,3,0,1.2476190476190476
YKL188C,0.0,0.0,0.0,0.0,1,0,0.0
YLR440C,0.0,0.0,0.0,0.0,1,1,0.0
YLR147C,0.015151515151515152,0.11264822134387352,2.25,0.8571428571428571,12,1,1.1126482213438735
YKR080W,0.0,0.0,0.0,0.0,1,0,0.0
YIL139C,0.0,0.0,0.0,0.0,2,0,0.0
YLL021W,0.04395604395604396,0.6153846153846154,0.0,3.2,14,0,1.6153846153846154
YLR433C,0.03636363636363636,0.4,0.0,2.355555555555556,11,0,1.4
YBR114W,0.0,0.0,0.0,0.0,5,0,0.0
YGR290W,0.0,0.0,0.0,0.0,1,0,0.0
YHR178W,0.0,0.0,0.0,0.0,2,0,0.0
YMR088C,0.0,0.0,0.0,0.0,1,0,0.0
YDR422C,0.35714285714285715,2.571428571428571,19.3125,5.885714285714286,8,0,3.571428571428571
YER029C,0.0,0.0,0.0,0.0,3,1,0.0
YLR220W,0.0,0.0,0.0,0.0,1,1,0.0
YNL187W,0.0,0.0,0.0,0.0,1,0,0.0
YDL030W,0.015151515151515152,0.1534090909090909,4.5,2.5,12,1,1.1534090909090908
YCL061C,0.0,0.0,0.0,0.0,1,0,0.0
YDR421W,0.0,0.0,0.0,0.0,1,0,0.0
YDR485C,0.0,0.0,0.0,0.0,2,0,0.0
YOR023C,0.0,0.0,0.0,0.0,3,0,0.0
YOR191W,0.0,0.0,0.0,0.0,4,0,0.0
YPL146C,0.0,0.0,0.0,0.0,1,1,0.0
YOR017W,0.0,0.0,0.0,0.0,4,0,0.0
YML104C,0.0,0.0,0.0,0.0,1,0,0.0
YMR005W,0.0,0.0,0.0,0.0,2,1,0.0
YIR009W,0.0,0.0,0.0,0.0,18,0,0.0
YAL024C,0.0,0.0,0.0,0.0,1,0,0.0
YBR136W,0.0,0.0,0.0,0.0,1,1,0.0
YNL036W,0.0,0.0,0.0,0.0,2,1,0.0
YJL092W,0.0,0.0,0.0,0.0,3,0,0.0
YIL143C,0.5606060606060606,6.703030303030305,12.5,30.268452380952382,12,1,7.703030303030305
YDL001W,0.0,0.0,0.0,0.0,1,0,0.0
YDR184C,0.0,0.0,0.0,0.0,3,0,0.0
YHR099W,0.6583333333333333,8.72171634620147,13.0,45.76175520386048,16,1,9.72171634620147
YHR197W,0.0,0.0,0.0,0.75,1,1,1.0
YNL091W,0.0,0.0,0.0,0.0,2,0,0.0
YOR011W,0.0,0.0,0.0,0.0,1,0,0.0
YLR456W,0.0,0.0,0.0,0.0,5,0,0.0
YIL144W,0.14285714285714285,0.6562324929971989,8.916666666666666,3.333333333333333,8,1,1.6562324929971988
YKR084C,0.6666666666666666,3.7,4.5,7.833333333333334,6,0,4.7
YBR275C,0.0,0.0,0.0,0.0,2,0,0.0
YOR351C,0.0,0.0,0.0,3.5,2,0,1.0
YOR101W,0.0,0.0,0.0,0.0,2,0,0.0
YCR096C,0.07142857142857142,0.5535714285714286,2.0,2.192513368983957,8,1,1.5535714285714286
YCR084C,0.10714285714285714,0.6482142857142856,3.0,6.420855614973262,8,0,1.6482142857142856
YJR045C,0.26666666666666666,1.45,5.5,2.05,6,1,2.45
YIL022W,0.6666666666666666,0.8583333333333334,4.0,0.0,3,1,1.6350323624595469
YOR232W,0.3333333333333333,1.0666666666666667,8.0,1.3333333333333333,4,1,2.0666666666666664
YDR103W,0.12727272727272726,1.35,4.0,7.813095238095237,11,0,2.35
YOR212W,0.1111111111111111,0.8928321678321678,0.0,9.211904761904762,9,0,1.8928321678321678
YCR088W,0.13636363636363635,1.0907393331306376,59.45,37.33333333333333,12,1,2.090739333130638
YDR388W,0.023076923076923078,0.9230769230769232,100.91666666666666,10.571741854636592,40,0,1.9230769230769234
YNL138W,0.2,0.2509374683287727,26.2,0.75,5,1,1.2509374683287726
YFL039C,0.04666666666666667,1.1296153846153847,77.66666666666666,27.301900584795323,25,1,2.1296153846153847
YMR092C,0.0,0.0,0.0,0.0,1,0,0.0
YDL178W,0.0,0.0,0.0,0.0,2,0,0.0
YLR319C,0.3,0.43269230769230765,0.0,2.0,5,0,1.4326923076923077
YOR122C,0.1,0.11858974358974358,9.333333333333334,0.0,5,1,0.9618329868329869
YHR179W,0.0,0.0,0.0,0.0,2,0,0.0
YCL040W,0.0,0.0,0.0,4.75,1,0,1.0
YDR382W,0.9753086419753086,78.89344368280273,146.0,177.56666666666658,81,0,79.89344368280273
YCL027W,0.010869565217391304,0.25724637681159424,17.333333333333332,8.166666666666666,24,0,1.2572463768115942
YBR200W,0.10606060606060606,1.0586480186480187,21.0,22.25,12,1,2.058648018648019
YLR229C,0.14285714285714285,1.9835164835164836,7.444444444444445,26.392282717282715,14,1,2.9835164835164836
YNL271C,0.08791208791208792,0.9717157096952493,3.0,13.307017543859647,14,0,1.9717157096952493
YOR181W,0.055384615384615386,1.4400000000000002,0.0,18.375,26,1,2.4400000000000004
YDR129C,0.6666666666666666,0.21424242424242426,0.0,5.961988304093567,3,0,1.2142424242424243
YIL034C,0.0,0.0,0.0,0.0,1,0,0.0
YLL050C,0.0,0.0,0.0,0.0,1,1,0.0
YIL159W,0.022222222222222223,0.20202020202020202,0.0,0.0,10,0,0.31202020202020203
YKR055W,0.0,0.0,0.0,3.75,3,0,1.0
YOR363C,0.0,0.0,0.0,0.0,2,0,0.0
YPR165W,0.025,0.38095238095238093,5.840000000000001,10.397435897435898,16,1,1.380952380952381
YNL243W,0.25,0.9318389943389942,2.125,8.45083863504916,8,1,1.9318389943389942
YLR337C,0.2,0.379656862745098,6.5,0.0,6,0,0.906448341118242
YDR448W,0.47368421052631576,8.76140152753425,17.0,59.30242812742812,20,0,9.76140152753425
YDL165W,0.5955882352941176,9.9375,180.475,66.41428571428571,17,1,10.9375
YDR176W,0.4380952380952381,8.674327122153208,18.0,59.68955386718545,21,0,9.674327122153208
YGL013C,0.0,0.0,0.0,0.0,1,0,0.0
YBL005W,0.0,0.0,0.0,0.0,3,0,0.0
YEL009C,0.30303030303030304,1.9186290825878927,9.0,13.28034188034188,12,0,2.9186290825878927
YER148W,0.0761904761904762,1.5500000000000005,39.83333333333333,24.40996732026144,21,1,2.5500000000000007
YPL248C,0.11029411764705882,1.3619423768451229,12.5,32.288888888888884,17,0,2.361942376845123
YGL048C,0.7402439024390244,30.286411149825796,84.16666666666667,276.29246031746027,41,1,31.286411149825796
YHR041C,0.7318840579710145,17.078675889328057,24.0,124.9309523809524,24,0,18.078675889328057
YER022W,0.7210144927536232,16.843992094861655,23.0,114.5531746031746,24,1,17.843992094861655
YDR308C,0.7707509881422925,17.071264822134385,22.0,136.3952380952381,23,1,18.071264822134385
YMR236W,0.6285714285714286,12.210690758516845,21.0,118.6111111111111,21,1,13.210690758516845
YGL112C,0.5144927536231884,11.825592885375492,35.5,99.41623931623934,24,1,12.825592885375492
YBR198C,0.47333333333333333,11.39772727272727,29.5,123.71666666666664,25,1,12.39772727272727
YDR216W,0.3888888888888889,1.3953418625615421,8.0,13.196618242438676,9,0,2.3953418625615424
YGR274C,0.5833333333333334,7.338269339356296,37.0,46.51278166278166,16,1,8.338269339356296
YDR167W,0.24242424242424243,8.166666666666663,33.5,76.31847626058152,34,1,9.166666666666663
YGR252W,0.7083333333333334,9.39242746193547,15.0,47.44293031529874,16,0,10.39242746193547
YPR086W,0.09090909090909091,0.8579545454545456,10.5,16.572222222222223,12,1,1.8579545454545456
YML085C,0.03571428571428571,0.2857142857142857,4.5,2.8,8,1,1.2857142857142856
YNL148C,0.0,0.0,0.0,0.0,3,0,0.0
YMR043W,0.23809523809523808,1.6428571428571426,8.5,7.333333333333334,7,1,2.6428571428571423
YHR084W,1.0,0.41666666666666663,0.0,0.0,2,1,1.4166666666666665
YCL066W,0.2,0.7261904761904762,0.0,0.0,5,0,1.00160031225605
YDR245W,1.0,1.0,1.3333333333333333,2.5,2,0,2.0
YJR075W,0.6666666666666666,2.0,3.583333333333333,7.0,3,0,3.0
YJL183W,0.6666666666666666,2.0,3.583333333333333,4.166666666666667,3,0,3.0
YPL050C,0.0,0.0,0.0,0.0,2,0,0.0
YEL036C,0.3333333333333333,1.0,1.3333333333333333,2.6666666666666665,3,0,2.0
YER179W,0.5846153846153846,14.87181818181818,20.0,90.10515873015876,26,0,15.87181818181818
YBR073W,0.0,0.0,0.0,0.0,1,0,0.0
YGR047C,0.38095238095238093,2.6666666666666665,14.5,4.023809523809524,7,1,3.6666666666666665
YDL150W,0.0,0.0,0.0,0.0,1,1,0.0
YNL113W,0.7052631578947368,12.652780455412037,58.5,69.91666666666669,20,1,13.652780455412037
YIL021W,0.6333333333333333,7.988567670146618,83.0,86.78571428571426,16,1,8.988567670146619
YGL070C,0.7802197802197802,8.028815628815629,43.75,54.70714285714286,14,0,9.028815628815629
YOR116C,0.9102564102564102,8.398544438018122,81.0,22.88571428571429,13,1,9.398544438018122
YGR246C,0.3,1.0833333333333333,4.0,1.7,5,1,2.083333333333333
YOL086C,0.0,0.0,0.0,0.0,1,0,0.0
YPL242C,0.01818181818181818,0.08514492753623187,2.0,3.482456140350877,11,1,1.085144927536232
YDR264C,0.13333333333333333,0.55,0.0,5.125,6,0,1.55
YDL226C,0.0,0.0,0.0,0.0,2,0,0.0
YJR086W,0.6666666666666666,0.5269230769230769,0.0,8.5,3,0,1.5269230769230768
YKL178C,0.0,0.0,0.0,0.0,1,0,0.0
YPL129W,0.2868686868686869,12.909090909090903,106.33333333333333,917.0,45,0,13.909090909090903
YLR418C,0.6285714285714286,7.215730565730566,76.5,38.19761904761904,15,0,8.215730565730567
YBR279W,0.09523809523809523,0.2824675324675324,4.0,8.125,7,0,1.2824675324675323
YDR099W,0.0,0.0,0.0,0.0,12,0,0.0
YLR267W,0.0,0.0,0.0,0.0,1,0,0.0
YOR026W,0.0,0.0,0.0,2.8,1,0,1.0
YDL193W,0.0,0.0,0.0,1.4285714285714286,2,1,1.0
YDL132W,0.25,1.8630952380952381,19.0,24.4,9,1,2.863095238095238
YDR285W,0.1,0.5,2.25,0.5,5,0,1.5
YDL017W,0.7777777777777778,3.1169740887132193,0.0,10.188311688311687,9,1,4.116974088713219
YDR173C,0.5,1.3333333333333333,8.5,3.7857142857142856,4,0,2.333333333333333
YOR039W,0.4,2.3000000000000003,0.0,7.708333333333333,6,0,3.3000000000000003
YOR302W,0.0,0.0,0.0,0.0,8,0,0.0
YLR390WA,0.0,0.0,0.0,0.0,2,0,0.0
YDR145W,0.5584415584415584,11.510069640504422,26.5,100.85454545454544,22,1,12.510069640504422
YPL070W,0.0,0.0,0.0,0.0,2,0,0.0
YOR260W,0.6,2.85,0.0,3.416666666666666,5,1,3.85
YGL122C,0.0,0.0,0.0,1.2307692307692308,2,1,1.0
YLR288C,0.0,0.0,0.0,13.333333333333334,9,0,1.0
YBR253W,0.8398268398268398,17.527786561264826,21.0,192.41666666666669,22,1,18.527786561264826
YPL031C,0.0,0.0,0.0,0.0,7,0,0.0
YER162C,0.0,0.0,0.0,0.0,4,0,0.0
YLL039C,0.05454545454545454,0.5769230769230769,0.0,4.1,11,0,1.5769230769230769
YBR135W,0.0,0.0,0.0,0.0,1,1,0.0
YBL072C,0.9000584453535944,53.00132625994699,187.5,317.1666666666667,59,0,54.00132625994699
YFL017C,0.0,0.0,0.0,0.0,1,1,0.0
YFL059W,0.0,0.0,0.0,2.0,1,0,1.0
YFL060C,0.0,0.0,0.0,0.0,1,0,0.0
YGL071W,0.0,0.0,0.0,0.0,1,0,0.0
YML007W,0.0,0.0,0.0,0.0,3,0,0.0
YBR270C,0.0,0.0,0.0,0.0,3,0,0.0
YLR117C,0.0,0.0,0.0,0.0,6,1,0.0
YHR204W,0.0,0.0,0.0,0.0,1,0,0.0
YLR321C,0.6545454545454545,6.415384615384616,9.0,29.24836601307189,11,1,7.415384615384616
YMR075W,0.0,0.0,0.0,0.0,1,0,0.0
YCR023C,0.0,0.0,0.0,0.0,1,0,0.0
YER031C,0.06666666666666667,0.19090909090909092,4.5,0.0,6,0,0.5401154401154401
YJL099W,0.0,0.0,0.0,0.0,3,0,0.0
YHR016C,0.06666666666666667,0.6787521688837477,16.5,2.0,15,0,1.6787521688837477
YGR243W,0.0,0.0,0.0,0.0,1,0,0.0
YGR020C,0.8666666666666667,12.534348739495801,0.0,173.0,15,0,13.534348739495801
YCL016C,0.0,0.0,0.0,0.0,2,0,0.0
YHR152W,0.0,0.0,0.0,19.5,10,0,1.0
YLR132C,0.0,0.0,0.0,0.0,1,1,0.0
YHR128W,0.0,0.0,0.0,0.0,1,1,0.0
YDR267C,0.0,0.0,0.0,1.6,1,1,1.0
YHR073W,0.0,0.0,0.0,0.6153846153846154,1,0,1.0
YLR016C,0.0,0.0,0.0,2.0,1,0,1.0
YJL168C,0.0,0.0,0.0,0.0,2,0,0.0
YJR148W,0.0,0.0,0.0,0.0,1,0,0.0
YPR152C,0.0,0.0,0.0,0.0,1,0,0.0
YGL058W,0.0,0.0,0.0,0.0,4,0,0.0
YIL035C,0.8,3.5166666666666666,0.0,14.938888888888888,5,0,4.516666666666667
YKL112W,0.6,2.6,0.0,5.055555555555555,5,1,3.6
YOR061W,0.8,3.5166666666666666,0.0,11.155555555555557,5,0,4.516666666666667
YGL019W,0.38095238095238093,2.6666666666666665,0.0,20.5,7,0,3.6666666666666665
YBL007C,0.06159420289855073,1.478260869565217,7.2,3.0416666666666665,24,0,2.478260869565217
YIL138C,0.0,0.0,0.0,5.428571428571429,1,0,1.0
YGR080W,0.0,0.0,0.0,0.0,1,0,0.0
YFL031W,0.0,0.0,0.0,6.0,1,0,1.0
YJR064W,0.75,5.999999999999999,7.0,4.0,8,1,6.666666666666666
YML124C,0.0,0.0,0.0,0.0,1,0,0.0
YCR097W,0.0,0.0,0.0,0.0,1,0,0.0
YLR127C,0.6818181818181818,8.113636363636363,43.75,7.314285714285715,12,1,9.015116955873259
YOL133W,0.0,0.0,0.0,5.2,5,1,1.0
YGL105W,0.0,0.0,0.0,0.0,2,0,0.0
YGR264C,0.0,0.0,0.0,0.0,1,1,0.0
YDL192W,0.5769230769230769,6.773762838468721,114.25,251.0,13,0,7.773762838468721
YPR176C,0.3333333333333333,0.8333333333333333,0.0,2.2666666666666666,3,1,1.8333333333333333
YAL026C,0.0,0.0,0.0,0.0,1,0,0.0
YDL029W,0.37777777777777777,3.195222816399287,8.0,11.564935064935067,10,1,4.195222816399287
YNL084C,0.05555555555555555,0.36764705882352944,2.25,1.0,9,0,1.3676470588235294
YKL129C,0.058823529411764705,0.9691704374057316,15.333333333333332,2.0404040404040407,18,0,1.9691704374057317
YMR109W,0.08095238095238096,1.6012820512820514,34.66666666666667,8.285353535353536,21,0,2.6012820512820514
YJL095W,0.2,0.26266968325791856,18.333333333333336,2.0,5,0,1.2626696832579185
YOR231W,0.1,0.24358974358974358,0.0,2.033333333333333,5,0,1.2435897435897436
YPL084W,0.0,0.0,0.0,0.0,4,0,0.0
YBL085W,0.08888888888888889,0.6610611610611612,0.0,9.75151515151515,10,0,1.6610611610611612
YJL157C,0.1111111111111111,0.7321289821289823,0.0,3.333333333333333,9,1,1.7321289821289823
YGR152C,0.5,0.5441558441558441,3.111111111111111,0.0,4,0,1.4630102594303072
YLR078C,0.2761904761904762,5.793478260869566,47.83333333333333,53.08333333333333,21,1,6.793478260869566
YIL004C,0.4380952380952381,6.2660714285714265,43.83333333333333,36.37301587301587,15,1,7.2660714285714265
YPL218W,0.4393939393939394,4.892689663277898,31.520833333333332,9.813492063492063,12,1,5.892689663277898
YPR181C,0.3516483516483517,4.750137362637363,34.104166666666664,9.813492063492063,14,1,5.750137362637363
YIL109C,0.48484848484848486,5.337549950049949,34.104166666666664,9.813492063492063,12,1,6.337549950049949
YLR268W,0.3006535947712418,5.268487394957983,48.833333333333336,53.73809523809525,18,0,6.268487394957983
YNR003C,0.8461538461538461,7.827217616691302,76.5,44.0,13,1,8.827217616691302
YBR123C,0.4666666666666667,2.666666666666667,13.5,4.023809523809524,6,1,3.666666666666667
YML111W,0.0,0.0,0.0,0.0,1,0,0.0
YER125W,0.09523809523809523,0.2661904761904762,8.125,4.918128654970761,7,1,1.2661904761904763
YBR160W,0.005847953216374269,0.1111111111111111,0.0,0.0,19,1,0.16374269005847952
YFL029C,0.0,0.0,0.0,0.0,2,1,0.0
YJR060W,0.16666666666666666,0.3666666666666667,1.5,0.0,4,0,0.8212121212121212
YDR318W,0.0,0.0,0.0,0.0,2,0,0.0
YLR293C,0.08791208791208792,1.2197802197802199,40.33333333333333,21.195454545454545,14,1,2.21978021978022
YIL063C,0.3333333333333333,0.20192307692307693,2.0,15.916666666666666,3,1,1.2019230769230769
YER009W,0.1111111111111111,0.7061410811410811,25.166666666666664,18.83333333333333,9,1,1.706141081141081
YPR017C,0.0,0.0,0.0,6.333333333333333,1,0,1.0
YGR172C,0.0,0.0,0.0,0.0,4,1,0.0
YFL038C,0.09523809523809523,0.37473262032085564,3.75,4.0,7,1,1.3747326203208556
YKL196C,0.3,0.8958333333333333,4.611111111111111,5.6,5,1,1.8958333333333333
YLR093C,0.2857142857142857,1.7023809523809523,21.066666666666666,15.166666666666668,7,0,2.7023809523809526
YOR106W,0.16666666666666666,1.4107142857142858,20.733333333333334,11.233333333333333,9,1,2.4107142857142856
YGL212W,0.6666666666666666,0.8333333333333333,11.333333333333334,2.833333333333333,3,0,1.8333333333333333
YLR249W,0.0,0.0,0.0,0.0,1,1,0.0
YBR118W,0.3055555555555556,2.6185897435897436,0.0,20.666666666666664,9,0,3.6185897435897436
YAL040C,0.047619047619047616,0.18055555555555555,0.0,0.0,7,0,0.44429181929181927
YNL064C,0.0,0.0,0.0,0.0,5,0,0.0
YLL026W,0.047619047619047616,0.3333333333333333,0.0,0.0,7,0,0.47619047619047616
YAL005C,0.09090909090909091,0.6704079254079255,11.0,6.248626373626374,11,0,1.6704079254079254
YDL229W,0.0,0.0,0.0,0.0,4,0,0.0
YDR507C,0.17857142857142858,1.25,9.5,8.012066365007541,8,0,2.25
YLR310C,0.06060606060606061,0.6787878787878789,9.666666666666668,16.0,12,1,1.678787878787879
YPL240C,0.06666666666666667,1.0476190476190474,17.5,16.81758241758242,16,0,2.0476190476190474
YNL098C,0.16666666666666666,0.4242424242424242,0.0,2.555555555555556,4,0,1.4242424242424243
YLL016W,0.3333333333333333,0.20202020202020202,0.0,0.0,3,0,1.202020202020202
YLL024C,0.09523809523809523,0.260207336523126,3.3333333333333335,4.26419413919414,7,0,1.260207336523126
YBL075C,0.0,0.0,0.0,0.0,1,0,0.0
YJL194W,0.7428571428571429,7.869699941553488,24.0,39.74675324675325,15,1,8.869699941553488
YGR108W,0.0,0.0,0.0,0.0,1,0,0.0
YLR210W,0.0,0.0,0.0,0.0,1,0,0.0
YGL178W,0.3333333333333333,0.5555555555555556,4.0,12.214285714285715,4,0,1.5555555555555556
YER120W,0.0,0.0,0.0,0.0,2,0,0.0
YHR102W,0.0,0.0,0.0,0.0,2,1,0.0
YOR257W,0.0,0.0,0.0,0.0,2,1,0.0
YDR356W,0.3333333333333333,0.3666666666666667,1.5,2.1666666666666665,3,1,1.3666666666666667
YFL009W,0.14285714285714285,0.6785714285714285,10.333333333333334,16.90277777777778,7,1,1.6785714285714284
YAL041W,0.07575757575757576,0.8540626040626041,0.0,2.0075757575757573,12,1,1.8540626040626043
YNL298W,0.16666666666666666,1.9386446886446889,0.0,25.279495504495504,13,0,2.938644688644689
YHR061C,0.24242424242424243,2.36473583887377,17.583333333333332,54.15357142857143,12,0,3.36473583887377
YDR309C,0.17142857142857143,2.4392446633825946,17.583333333333332,40.1724025974026,15,0,3.4392446633825946
YOR127W,0.3,0.46336996336996333,0.0,7.195804195804196,5,0,1.4633699633699633
YHR161C,0.06666666666666667,0.4,1.0,0.0,6,0,0.5666666666666667
YGL206C,0.2,0.95,7.416666666666666,0.0,5,0,1.1605263157894736
YGR167W,0.6666666666666666,1.2,7.416666666666667,0.0,3,0,1.7555555555555555
YIR006C,0.09523809523809523,0.3062547673531655,12.7,0.0,7,1,0.6172314618915039
YBL023C,0.7154150197628458,16.41501976284585,127.0,47.53102642971065,23,1,17.41501976284585
YDR207C,0.06666666666666667,0.3666666666666667,4.5,0.0,6,0,0.5484848484848485
YMR139W,0.0,0.0,0.0,0.0,1,0,0.0
YDR390C,0.3333333333333333,0.75,0.0,2.6545454545454548,3,1,1.75
YKR002W,1.0,0.75,0.0,2.2,2,1,1.75
YGR048W,0.1,0.5,0.0,0.4545454545454545,5,1,1.409090909090909
YDL140C,0.2964426877470356,6.353849853849854,88.0,53.0,23,1,7.353849853849854
YGL130W,1.0,1.0454545454545454,2.0,0.0,2,1,2.0019762845849804
YPL228W,1.0,1.0454545454545454,2.0,0.0,2,1,2.0019762845849804
YCR077C,0.027777777777777776,0.17261904761904762,0.0,17.125,9,0,1.1726190476190477
YNL088W,0.0,0.0,0.0,0.0,2,1,0.0
YGL049C,0.3333333333333333,1.0588235294117647,5.5,2.5,4,0,2.0588235294117645
YER165W,0.0784313725490196,1.3158102578536017,17.958333333333332,13.381959706959709,18,1,2.3158102578536015
YPL256C,0.05555555555555555,0.5,0.0,14.571428571428571,9,0,1.5
YJR090C,0.14285714285714285,0.8809523809523809,10.333333333333334,4.48844537815126,8,0,1.880952380952381
YBR109C,0.001422475106685633,0.05405405405405406,0.0,9.09090909090909,38,1,1.054054054054054
YNR035C,0.6666666666666666,3.3777777777777773,5.0,8.412987012987013,6,1,4.377777777777777
YGL043W,0.0,0.0,0.0,0.0,3,0,0.0
YHR030C,0.09523809523809523,0.5769230769230769,0.0,4.833333333333333,7,0,1.5769230769230769
YJR109C,0.0,0.0,0.0,0.0,2,0,0.0
YLR216C,0.14285714285714285,0.8999999999999999,4.5,30.0,7,0,1.9
YMR186W,0.19047619047619047,1.3333333333333333,1.5,12.846428571428572,7,0,2.333333333333333
YKL117W,0.6666666666666666,1.2000000000000002,0.0,8.628571428571428,4,0,2.2
YNL330C,0.26666666666666666,1.3,2.75,0.3999999999999999,6,0,1.6076923076923078
YJR032W,0.3,1.05,0.0,2.9846153846153847,5,0,2.05
YDR172W,0.0,0.0,0.0,0.0,3,1,0.0
YGR218W,0.010869565217391304,0.24239130434782608,8.277777777777777,2.321428571428571,24,1,1.242391304347826
YGL092W,0.3333333333333333,4.371124299041918,20.508333333333336,26.424908424908427,15,1,5.371124299041918
YOR098C,0.004878048780487805,0.19999999999999998,8.88888888888889,0.0,41,1,0.224390243902439
YIL115C,0.06666666666666667,0.4,2.0,2.033333333333333,6,1,1.4
YGL097W,0.13333333333333333,0.31195652173913047,12.833333333333332,0.5714285714285714,6,1,1.3119565217391305
YDR002W,0.3333333333333333,0.24347826086956523,4.666666666666667,1.75,3,1,1.2434782608695651
YNL286W,0.0,0.0,0.0,0.0,1,0,0.0
YJL005W,0.3333333333333333,0.4242424242424242,0.0,2.6944444444444446,3,1,1.4242424242424243
YBR140C,0.0,0.0,0.0,0.0,1,1,0.0
YDR052C,0.6222222222222222,3.1169740887132193,0.0,11.40909090909091,10,1,4.116974088713219
YMR001C,0.0,0.0,0.0,0.5,3,1,1.0
YPL153C,0.0,0.0,0.0,0.0,6,1,0.0
YOR368W,0.0,0.0,0.0,0.75,3,0,1.0
YPL194W,0.0,0.0,0.0,0.0,3,0,0.0
YHR164C,0.0,0.0,0.0,0.0,2,1,0.0
YKL113C,0.0,0.0,0.0,0.0,1,0,0.0
YJR132W,0.0,0.0,0.0,0.0,7,0,0.0
YMR199W,0.0,0.0,0.0,2.6666666666666665,5,0,1.0
YOR027W,0.26666666666666666,1.2333333333333334,6.5,7.2857142857142865,6,0,2.2333333333333334
YGR186W,0.3333333333333333,0.5227272727272727,2.0,4.25,3,1,1.5227272727272727
YMR277W,0.0,0.0,0.0,0.0,1,1,0.0
YNL135C,0.0,0.0,0.0,0.0,3,0,0.0
YDR174W,0.0,0.0,0.0,0.0,2,0,0.0
YDR464W,0.0,0.0,0.0,0.0,2,1,0.0
YKL203C,0.3333333333333333,0.6428571428571428,0.4,0.0,3,1,1.1613756613756614
YML051W,0.3333333333333333,0.5625,0.0,4.666666666666666,3,0,1.5625
YBR020W,0.0,0.0,0.0,0.0,1,0,0.0
YOL051W,0.7065217391304348,16.496166007905135,23.0,114.02698412698412,24,0,17.496166007905135
YKL028W,1.0,0.5434782608695652,2.0,0.75,2,1,1.5434782608695652
YKR062W,0.3333333333333333,0.5434782608695652,2.0,1.3333333333333333,3,1,1.5434782608695652
YDL159W,0.5333333333333333,1.9935897435897436,0.0,7.271428571428571,6,0,2.9935897435897436
YLR313C,0.1,0.2833333333333333,0.0,0.0,5,0,0.6362745098039215
YFL037W,0.1,0.39285714285714285,4.5,0.3571428571428571,5,1,1.3019480519480517
YCL029C,0.3333333333333333,0.6666666666666666,4.666666666666667,0.5,3,0,1.4166666666666665
YER016W,0.0,0.0,0.0,0.0,2,1,0.0
YER007W,0.0,0.0,0.0,3.333333333333333,2,0,1.0
YNL223W,0.3333333333333333,0.39285714285714285,1.0,3.157142857142857,3,0,1.3928571428571428
YDR283C,0.0,0.0,0.0,0.0,2,0,0.0
YMR311C,0.7333333333333333,3.314285714285714,0.0,21.25,6,0,4.314285714285714
YDL207W,0.3,1.24,4.0,9.075,5,1,2.24
YKL068W,0.02564102564102564,0.6923076923076924,8.791666666666666,10.857142857142858,27,0,1.6923076923076925
YDR192C,0.052307692307692305,1.36,16.9375,20.386904761904763,26,0,2.3600000000000003
YOR046C,0.6666666666666666,1.2,3.0,5.666666666666667,3,1,2.2
YMR255W,0.6666666666666666,1.04,3.0,12.666666666666668,3,0,2.04
YNL229C,0.6666666666666666,0.9285714285714285,25.4,0.0,3,0,1.6465201465201464
YER040W,0.07142857142857142,0.5714285714285714,25.4,0.0,8,0,0.6964285714285714
YHR005C,0.02197802197802198,0.3076923076923077,0.0,5.0,14,1,1.3076923076923077
YLR452C,0.005847953216374269,0.1111111111111111,0.0,10.0,19,0,1.1111111111111112
YLR362W,0.14102564102564102,1.8141025641025639,0.0,22.842857142857135,13,0,2.814102564102564
YGL238W,0.0,0.0,0.0,0.0,2,1,0.0
YOL021C,0.5357142857142857,4.285714285714286,4.5,12.92929292929293,8,1,5.285714285714286
YER110C,0.08333333333333333,0.4750092013249908,8.194444444444443,2.023809523809524,9,0,1.475009201324991
YDR335W,0.21904761904761905,2.794295967190704,0.0,20.7262765012765,15,0,3.794295967190704
YOR160W,0.09523809523809523,0.265,10.583333333333332,1.1428571428571428,7,1,1.2650000000000001
YJL041W,0.2,1.4553306342780028,7.708333333333333,45.0,10,1,2.4553306342780026
YLR335W,0.15384615384615385,1.6385958004843455,15.111111111111112,12.555511155511155,14,0,2.6385958004843455
YMR308C,0.07692307692307693,0.8328031617505302,18.0,12.967532467532468,13,1,1.83280316175053
YJL081C,1.0,0.9852272727272727,4.0,4.023809523809524,4,1,1.9852272727272728
YBR289W,0.5256410256410257,5.91991341991342,90.83333333333334,17.22222222222222,13,0,6.91991341991342
YBL008W,0.6,1.5727272727272728,2.0,0.0,5,0,1.954230162900683
YOR038C,1.0,1.5727272727272728,12.5,0.0,4,0,2.20856542301629
YLR113W,0.06666666666666667,0.2833333333333333,0.0,2.166666666666667,6,0,1.2833333333333332
YMR172W,0.0,0.0,0.0,0.0,1,0,0.0
YJL128C,0.3333333333333333,0.2833333333333333,0.0,2.5,3,0,1.2833333333333332
YOR208W,0.0,0.0,0.0,0.0,2,0,0.0
YER075C,0.0,0.0,0.0,0.0,4,0,0.0
YBL016W,0.38095238095238093,2.0435897435897434,4.25,8.071428571428571,7,0,3.0435897435897434
YOL123W,0.21428571428571427,1.7142857142857142,6.25,2.083333333333333,8,1,2.7142857142857144
YMR080C,0.022222222222222223,0.2222222222222222,1.0,0.0,10,0,0.3222222222222222
YGL073W,0.0,0.0,0.0,0.0,2,1,0.0
YOR178C,0.3055555555555556,2.5833333333333335,0.0,11.061904761904762,9,0,3.5833333333333335
YBR045C,0.3333333333333333,0.26785714285714285,0.0,2.55,3,0,1.2678571428571428
YER054C,0.42857142857142855,3.1011904761904763,0.0,28.25,8,0,4.101190476190476
YER133W,0.1282051282051282,1.6666666666666665,1.0,10.714285714285714,13,1,2.6666666666666665
YLR263W,0.16666666666666666,0.5833333333333333,4.0,2.5,4,0,1.5833333333333333
YIL033C,0.3,1.5,0.0,4.113636363636363,5,0,2.5
YBR050C,0.0,0.0,0.0,0.0,4,0,0.0
YDR168W,0.6666666666666666,0.5833333333333333,2.0,2.3956043956043955,3,1,1.5833333333333333
YOR036W,0.0,0.0,0.0,0.0,5,1,0.0
YCL032W,0.004597701149425287,0.13793103448275862,0.0,3.0,30,0,1.1379310344827587
YER132C,0.0,0.0,0.0,0.0,1,0,0.0
YGR179C,0.0,0.0,0.0,0.0,1,1,0.0
YIL047C,0.0,0.0,0.0,0.0,1,0,0.0
YOR151C,0.7912087912087912,8.226277426277425,79.5,49.66666666666666,14,1,9.226277426277425
YLR384C,0.7142857142857143,1.7256447256447256,10.0,17.0,7,0,2.7256447256447256
YJL140W,0.9102564102564102,8.276976726976729,41.5,58.017857142857146,13,0,9.276976726976729
YBR154C,0.5185185185185185,14.482804232804229,164.0,110.15396825396824,28,1,15.482804232804229
YPR187W,0.4827586206896552,13.999999999999998,75.5,82.32460317460317,29,1,14.999999999999998
YDL088C,0.0,0.0,0.0,0.0,1,0,0.0
YLR347C,0.10606060606060606,0.8626857353173143,15.444444444444446,2.023809523809524,12,1,1.8626857353173143
YIL149C,0.0,0.0,0.0,0.0,2,0,0.0
YMR047C,0.03162055335968379,0.7272727272727272,7.208333333333334,9.35,23,1,1.727272727272727
YER011W,0.0,0.0,0.0,0.0,2,0,0.0
YBR143C,0.0,0.0,0.0,0.0,1,1,0.0
YJL034W,0.0,0.0,0.0,0.0,4,1,0.0
YPL187W,0.5,0.5174825174825175,0.0,0.0,4,0,1.4836987336987337
YMR297W,0.0,0.0,0.0,0.0,3,0,0.0
YMR214W,0.0,0.0,0.0,0.0,1,0,0.0
YOR254C,0.5,2.0,4.333333333333333,4.05,4,1,3.0
YPL253C,0.0,0.0,0.0,0.0,1,0,0.0
YDL108W,0.6545454545454545,6.904195804195805,10.0,17.76904761904762,11,1,7.904195804195805
YGR040W,0.38095238095238093,2.1055555555555556,4.25,15.6,7,0,3.1055555555555556
YDL056W,0.0,0.0,0.0,0.0,2,0,0.0
YHR206W,0.1,0.30000000000000004,0.0,6.181818181818182,5,0,1.3
YMR042W,0.6666666666666666,1.7,12.5,7.119047619047619,4,0,2.7
YML099C,0.19047619047619047,1.3333333333333333,2.0,8.666666666666666,7,0,2.333333333333333
YIL150C,0.4,0.6100478468899522,12.5,8.0,6,1,1.6100478468899522
YEL032W,0.8842105263157894,17.01579393146899,127.0,41.65440305308727,20,1,18.01579393146899
YBR202W,0.8842105263157894,17.01579393146899,64.25,41.65440305308727,20,1,18.01579393146899
YPR019W,0.8842105263157894,17.01579393146899,127.0,50.983874458874446,20,1,18.01579393146899
YIL046W,0.10714285714285714,0.6309523809523809,5.166666666666667,2.5955882352941178,8,1,1.630952380952381
YJL187C,0.0,0.0,0.0,1.4545454545454546,4,0,1.0
YBL105C,0.10606060606060606,1.1899429073342116,0.0,2.378787878787879,12,1,2.1899429073342116
YPL140C,0.0,0.0,0.0,0.0,2,0,0.0
YMR167W,0.1,0.34090909090909094,2.0,3.720238095238095,5,0,1.3409090909090908
YLR035C,1.0,0.34090909090909094,2.0,3.4285714285714284,2,0,1.3409090909090908
YPL164C,0.0,0.0,0.0,0.0,2,0,0.0
YBR088C,0.16666666666666666,2.0,7.0,8.458333333333334,12,1,3.0
YOL090W,0.16666666666666666,1.2727272727272727,7.0,4.289473684210527,9,0,2.2727272727272725
YOR033C,0.0,0.0,0.0,0.0,2,0,0.0
YML095C,1.0,0.625,3.0,11.5,3,0,1.625
YMR201C,0.16666666666666666,1.1439393939393938,9.5,37.8,9,0,2.1439393939393936
YPL022W,0.022058823529411766,0.375,3.0,8.68421052631579,17,0,1.375
YER171W,0.5757575757575758,6.909090909090911,10.0,25.25016278441201,12,1,7.909090909090911
YHR165C,0.1111111111111111,0.71243961352657,13.0,3.333333333333333,10,1,1.71243961352657
YKR082W,0.3333333333333333,0.576431989063568,2.0,2.023809523809524,6,0,1.5764319890635679
YML103C,0.3333333333333333,0.626984126984127,1.8958333333333333,2.017857142857143,4,0,1.626984126984127
YDL116W,0.31868131868131866,3.8025285241074718,14.591666666666667,33.430952380952384,14,0,4.802528524107472
YMR228W,0.0,0.0,0.0,0.0,1,0,0.0
YFL036W,0.0,0.0,0.0,0.0,1,0,0.0
YKL013C,0.6190476190476191,3.6588235294117646,7.0,9.122077922077922,7,1,4.658823529411764
YBR234C,0.0,0.0,0.0,0.0,2,1,0.0
YOR047C,0.0,0.0,0.0,0.0,3,0,0.0
YDR043C,0.0,0.0,0.0,0.0,2,0,0.0
YNL112W,0.0,0.0,0.0,0.0,1,1,0.0
YHR170W,0.0,0.0,0.0,0.0,1,1,0.0
YLR363C,0.0,0.0,0.0,0.0,1,0,0.0
YJL039C,0.0,0.0,0.0,0.0,1,1,0.0
YMR129W,1.0,0.4444444444444444,2.6666666666666665,1.1428571428571428,2,0,1.4444444444444444
YHR077C,0.047619047619047616,0.2777777777777778,4.5,0.0,7,0,0.44920634920634916
YNR023W,0.6545454545454545,5.547186147186147,72.33333333333334,17.22222222222222,11,0,6.547186147186147
YKL023W,0.0,0.0,0.0,0.0,2,0,0.0
YDR159W,0.0,0.0,0.0,0.0,2,0,0.0
YDR395W,0.047619047619047616,0.1611111111111111,2.6666666666666665,3.333333333333333,7,1,1.161111111111111
YOR185C,0.0,0.0,0.0,0.0,2,0,0.0
YNL189W,0.03636363636363636,0.24263157894736842,5.333333333333333,8.641666666666666,11,1,1.2426315789473685
YPL124W,0.14285714285714285,0.8999999999999999,6.527777777777778,16.583333333333336,7,1,1.9
YKL042W,0.26666666666666666,1.1254901960784314,8.805555555555555,21.25,6,1,2.1254901960784314
YNL225C,0.6666666666666666,1.3666666666666667,4.5,1.0,3,1,2.0983739837398376
YOR373W,1.0,0.8333333333333333,1.9444444444444444,0.0,2,1,1.8333333333333333
YBR017C,0.0,0.0,0.0,0.0,6,0,0.0
YGL016W,0.09523809523809523,0.45571095571095566,11.583333333333332,8.0,7,0,1.4557109557109555
YPL174C,0.14285714285714285,0.7452380952380951,10.066666666666666,52.66666666666667,7,0,1.7452380952380953
YBL079W,0.3333333333333333,0.225,1.8958333333333333,0.0,3,0,1.225
YOR194C,0.6666666666666666,1.4484848484848485,6.25,14.25,4,1,2.4484848484848483
YKL058W,0.6666666666666666,1.4484848484848485,6.25,16.5,4,1,2.4484848484848483
YJL143W,0.3333333333333333,0.575,4.0,3.666666666666667,4,1,1.575
YNR017W,0.1388888888888889,1.1776315789473684,5.0,3.4000000000000004,9,1,2.177631578947368
YER107C,1.0,0.14,1.8958333333333333,2.571428571428571,2,0,1.1400000000000001
YDR392W,0.7714285714285715,9.200538401339315,14.0,50.59114116877274,15,0,10.200538401339315
YHR166C,0.5769230769230769,7.5,25.416666666666668,28.4,13,1,8.5
YER161C,0.0,0.0,0.0,1.1111111111111112,2,0,1.0
YER047C,0.0,0.0,0.0,0.0,5,0,0.0
YML065W,0.6485507246376812,15.565217391304353,123.0,113.412987012987,24,1,16.56521739130435
YKR101W,0.3333333333333333,0.2637163561076604,0.0,2.1022727272727275,4,0,1.2637163561076603
YML109W,0.06493506493506493,1.4244306418219463,0.0,37.90714285714286,22,0,2.4244306418219463
YLR045C,0.0,0.0,0.0,0.0,1,1,0.0
YER149C,0.16666666666666666,0.4242424242424242,0.0,0.1666666666666666,4,0,0.8170995670995671
YPR159W,0.0,0.0,0.0,0.0,4,0,0.0
YGR178C,0.0,0.0,0.0,0.0,2,0,0.0
YMR061W,0.5333333333333333,2.6128851540616247,6.5,2.083333333333333,6,1,3.4102157715573362
YGL044C,0.8,2.7628851540616246,14.0,2.083333333333333,5,1,3.516927836679357
YAL059W,0.0,0.0,0.0,0.0,1,0,0.0
YGL094C,0.0,0.0,0.0,0.0,1,0,0.0
YER118C,0.029239766081871343,0.501256038647343,5.0,20.545454545454547,19,0,1.501256038647343
YGL153W,0.6,2.3,5.0,9.0,5,0,3.3
YLR191W,0.10909090909090909,1.2,6.75,2.0,11,0,2.2
YNL214W,1.0,2.55,5.0,2.0,4,0,3.334313725490196
YDR244W,0.2857142857142857,1.8,5.0,2.0,7,0,2.8
YDR142C,1.0,2.55,6.75,5.0,4,0,3.55
YDL065C,0.0,0.0,0.0,0.0,2,0,0.0
YML042W,0.0,0.0,0.0,5.0,2,0,1.0
YGR077C,0.0,0.0,0.0,0.0,2,0,0.0
YOL001W,0.0,0.0,0.0,0.0,3,0,0.0
YPL089C,0.0,0.0,0.0,0.0,2,0,0.0
YNL233W,0.0,0.0,0.0,0.0,2,0,0.0
YBL061C,0.0,0.0,0.0,0.0,4,0,0.0
YBR023C,0.0,0.0,0.0,0.0,1,0,0.0
YMR284W,0.0,0.0,0.0,0.0,2,0,0.0
YJR052W,0.0,0.0,0.0,7.25,4,0,1.0
YDR169C,0.0,0.0,0.0,0.0,1,0,0.0
YMR019W,0.0,0.0,0.0,0.0,1,0,0.0
YKL072W,0.0,0.0,0.0,0.0,1,0,0.0
YLR026C,0.11029411764705882,1.78718487394958,31.166666666666668,17.36111111111111,17,1,2.78718487394958
YHL031C,1.0,0.1875,2.9166666666666665,2.0,2,0,1.1875
YFL005W,0.16666666666666666,0.19090909090909092,3.0,0.0,4,1,1.063924963924964
YNL272C,0.0,0.0,0.0,0.0,2,1,0.0
YGR009C,0.05555555555555555,0.3445378151260504,0.0,5.5,9,1,1.3445378151260505
YPL232W,0.16666666666666666,0.4583333333333333,0.0,0.4285714285714285,4,0,1.3933982683982682
YAL030W,0.0,0.0,0.0,0.0,2,0,0.0
YBL050W,0.007389162561576354,0.21428571428571425,9.833333333333332,6.211111111111111,29,1,1.2142857142857142
YBR080C,0.0,0.0,0.0,0.0,2,1,0.0
YDR164C,0.3333333333333333,0.4583333333333333,0.0,2.761904761904762,3,1,1.4583333333333333
YNR049C,0.0,0.0,0.0,0.0,1,0,0.0
YJL025W,0.6666666666666666,1.7333333333333334,7.666666666666667,16.25,4,1,2.7333333333333334
YMR270C,0.2,0.8,4.25,7.25,5,1,1.8
YLR075W,0.9753086419753086,78.89344368280273,146.0,19.066666666666663,81,1,79.13511987003224
YIR012W,0.0,0.0,0.0,0.0,1,1,0.0
YLR119W,0.0,0.0,0.0,0.0,2,0,0.0
YMR235C,0.0,0.0,0.0,1.3333333333333333,2,1,1.0
YBR126C,0.3,1.5,3.0,2.033333333333333,5,0,2.5
YFL033C,0.0,0.0,0.0,0.0,2,0,0.0
YGR032W,0.6666666666666666,1.5666666666666667,24.7,0.0,3,0,1.9921985815602836
YDL135C,0.0,0.0,0.0,0.0,1,0,0.0
YPL075W,0.0,0.0,0.0,0.0,2,1,0.0
YDR171W,0.0,0.0,0.0,0.0,1,0,0.0
YDR217C,0.0,0.0,0.0,2.4,3,0,1.0
YGR184C,0.2,0.15167310167310166,0.0,10.666666666666666,6,0,1.1516731016731017
YMR153W,0.0,0.0,0.0,0.5333333333333333,2,0,1.0
YKR072C,0.0,0.0,0.0,0.0,1,0,0.0
YJR043C,0.8105263157894737,15.580905326557502,67.0,33.85051834130782,20,0,16.580905326557502
YNL102W,0.16666666666666666,1.2026315789473685,2.0,2.761904761904762,9,1,2.2026315789473685
YOR217W,1.0,4.163636363636364,5.0,14.85,5,1,5.163636363636364
YJR068W,1.0,4.163636363636364,5.0,15.125,5,1,5.163636363636364
YNL290W,1.0,4.163636363636364,5.0,22.25,5,1,5.163636363636364
YOL094C,1.0,4.163636363636364,5.0,22.25,5,1,5.163636363636364
YBR087W,0.6666666666666666,3.5636363636363635,5.0,18.375,6,1,4.5636363636363635
YNL262W,0.7476190476190476,15.430905326557498,67.0,36.61242310321258,21,1,16.4309053265575
YIR008C,0.8333333333333334,1.8916666666666666,0.0,7.0,4,1,2.8916666666666666
YKL045W,0.5,1.725,0.0,1.2857142857142856,5,1,2.4703416149068325
YMR203W,0.8055555555555556,7.152777777777778,7.0,34.83333333333333,9,1,8.152777777777779
YNL131W,0.8055555555555556,7.152777777777778,7.0,24.516666666666666,9,1,8.152777777777779
YJL124C,0.0,0.0,0.0,0.0,32,0,0.0
YAL019W,0.0,0.0,0.0,0.0,1,0,0.0
YBR214W,0.0,0.0,0.0,0.0,1,0,0.0
YBR274W,0.0,0.0,0.0,0.0,8,0,0.0
YCR024CA,0.5,2.0,0.0,0.0,4,0,2.25
YDL175C,0.0,0.0,0.0,2.1333333333333333,3,0,1.0
YEL060C,0.0,0.0,0.0,0.0,2,0,0.0
YER028C,0.0,0.0,0.0,0.0,1,0,0.0
YGL207W,0.0,0.0,0.0,0.0,4,1,0.0
YGR158C,0.0,0.0,0.0,0.0,1,1,0.0
YIL042C,0.0,0.0,0.0,0.0,1,0,0.0
YIL048W,0.0,0.0,0.0,0.0,3,1,0.0
YJR143C,0.0,0.0,0.0,0.0,1,0,0.0
YKR026C,0.4,2.4,0.0,3.5,6,0,3.4
YLR003C,0.0,0.0,0.0,0.0,1,0,0.0
YML088W,0.0,0.0,0.0,2.6666666666666665,1,0,1.0
YMR056C,0.0,0.0,0.0,0.0,1,0,0.0
YMR250W,0.0,0.0,0.0,0.0,2,0,0.0
YNL032W,0.0,0.0,0.0,2.6666666666666665,1,0,1.0
YNL163C,0.0,0.0,0.0,0.0,1,1,0.0
YNL276C,0.0,0.0,0.0,0.0,1,0,0.0
YOR109W,0.0,0.0,0.0,0.0,1,0,0.0
YOR147W,0.0,0.0,0.0,0.0,1,0,0.0
YOR320C,0.0,0.0,0.0,0.0,3,0,0.0
YPL152W,0.0,0.0,0.0,0.0,2,0,0.0
YBL026W,0.0031746031746031746,0.11428571428571428,5.25,0.0,36,1,0.14206349206349206
YAR003W,0.0,0.0,0.0,0.0,3,0,0.0
YBL066C,1.0,0.15357142857142858,4.5,0.0,2,0,1.1535714285714285
YCR020CA,0.0,0.0,0.0,0.0,2,0,0.0
YCR066W,0.0,0.0,0.0,0.0,3,0,0.0
YDR440W,0.0,0.0,0.0,0.0,2,0,0.0
YEL015W,0.05555555555555555,0.30714285714285716,10.5,0.0,9,0,0.48802141011443334
YER025W,0.16666666666666666,0.6666666666666666,0.0,2.1818181818181817,4,1,1.6666666666666665
YGL185C,0.0,0.0,0.0,0.0,1,0,0.0
YIL066C,0.4,2.0,15.5,20.133333333333333,5,0,3.0
YIL132C,0.0,0.0,0.0,0.0,1,0,0.0
YLR039C,0.0,0.0,0.0,0.0,1,0,0.0
YLR120C,0.0,0.0,0.0,0.0,1,0,0.0
YLR126C,0.0,0.0,0.0,0.0,1,0,0.0
YMR066W,0.0,0.0,0.0,0.0,1,0,0.0
YMR207C,0.0,0.0,0.0,0.0,1,0,0.0
YMR237W,0.0,0.0,0.0,0.0,1,0,0.0
YOL102C,0.0,0.0,0.0,0.0,1,1,0.0
YOL163W,0.0,0.0,0.0,0.0,1,0,0.0
YOR043W,0.0,0.0,0.0,0.0,1,0,0.0
YPL042C,0.28205128205128205,3.1667582417582416,112.58333333333334,12.402380952380952,13,0,4.166758241758242
YPL115C,0.06666666666666667,0.13095238095238093,0.0,8.149999999999999,6,1,1.130952380952381
YPL119C,0.0,0.0,0.0,0.0,1,0,0.0
YPL249CA,0.8648426812585499,74.37647058823524,0.0,19.066666666666663,86,0,74.63282406287406
YPR184W,0.0,0.0,0.0,0.0,3,0,0.0
YDR166C,0.7142857142857143,4.547619047619048,0.0,1.875,7,1,4.959922712540514
YLR128W,0.0,0.0,0.0,0.0,1,0,0.0
YNL264C,0.0,0.0,0.0,0.0,1,0,0.0
YNL287W,0.42857142857142855,6.1222689075630266,18.1,48.51190476190476,15,1,7.1222689075630266
YPR032W,0.0,0.0,0.0,0.0,3,0,0.0
YER112W,0.0,0.0,0.0,18.0,21,1,1.0
YDL145C,0.8,7.384873949579833,30.5,46.46428571428572,11,1,8.384873949579834
YDR082W,0.0,0.0,0.0,0.0,2,1,0.0
YDR289C,0.0,0.0,0.0,0.0,1,0,0.0
YDR452W,0.0,0.0,0.0,0.0,1,0,0.0
YER124C,0.2,0.31746031746031744,0.0,4.4,5,0,1.3174603174603174
YIL029C,0.0,0.0,0.0,0.0,1,0,0.0
YBR108W,0.0,0.0,0.0,0.0,1,0,0.0
YLR438CA,0.03676470588235294,0.46195652173913043,0.0,6.815789473684211,17,0,1.4619565217391304
YDL240W,0.0,0.0,0.0,0.0,2,0,0.0
YJR138W,0.0,0.0,0.0,0.0,3,0,0.0
YLR281C,0.0,0.0,0.0,0.0,1,0,0.0
YMR142C,0.9753086419753086,78.89344368280273,146.0,19.066666666666663,81,0,79.13511987003224
YOR096W,0.9649122807017544,54.79568284105483,64.5,54.327777777777776,57,0,55.787143754779834
YJL110C,0.3333333333333333,0.6428571428571428,25.2,0.8571428571428571,3,0,1.6428571428571428
YJL155C,0.0,0.0,0.0,0.0,1,0,0.0
YKL209C,0.0,0.0,0.0,0.0,2,0,0.0
YLL032C,0.0,0.0,0.0,0.0,1,0,0.0
YLR386W,0.0,0.0,0.0,0.0,2,0,0.0
YOR195W,0.3333333333333333,0.26785714285714285,3.111111111111111,8.25,3,0,1.2678571428571428
YOR219C,0.0,0.0,0.0,0.0,1,0,0.0
YER146W,0.004329004329004329,0.03571428571428571,9.333333333333334,0.0,22,1,0.15692640692640691
YCR024C,0.0,0.0,0.0,0.0,1,0,0.0
YDL112W,0.0,0.0,0.0,0.0,1,0,0.0
YER131W,0.9655388471177945,54.83139712676912,196.5,54.327777777777776,57,0,55.82221225504632
YFL066C,0.0,0.0,0.0,0.0,2,0,0.0
YGR210C,0.0,0.0,0.0,0.0,1,0,0.0
YHL008C,0.0,0.0,0.0,0.0,1,0,0.0
YIL038C,0.7472527472527473,9.654899267399268,152.475,69.22619047619048,14,0,10.654899267399268
YJL084C,0.0,0.0,0.0,0.0,2,0,0.0
YLR058C,0.0,0.0,0.0,0.0,1,0,0.0
YOR201C,0.0,0.0,0.0,0.0,1,0,0.0
YPR010C,0.7523809523809524,8.824497140286613,29.0,25.261507936507936,15,1,9.824497140286613
YDR378C,0.0,0.0,0.0,0.0,6,1,0.0
YGL251C,0.0,0.0,0.0,0.0,1,0,0.0
YJL139C,0.0,0.0,0.0,0.0,1,0,0.0
YLR053C,0.0,0.0,0.0,0.0,1,0,0.0
YMR221C,0.0,0.0,0.0,0.0,1,0,0.0
YDL077C,0.0,0.0,0.0,0.0,1,0,0.0
YNL147W,0.0,0.0,0.0,0.0,4,1,0.0
YIL112W,0.0,0.0,0.0,0.0,2,0,0.0
YBR034C,0.0,0.0,0.0,0.0,3,0,0.0
YBR044C,0.5,2.0,3.0,7.0,4,0,3.0
YCR107W,0.0,0.0,0.0,0.0,1,0,0.0
YDR127W,0.0,0.0,0.0,0.0,1,0,0.0
YDR135C,0.0,0.0,0.0,0.0,1,0,0.0
YEL023C,0.0,0.0,0.0,0.0,2,0,0.0
YGL028C,0.0,0.0,0.0,0.0,1,0,0.0
YJL004C,0.16666666666666666,0.09903381642512077,0.0,0.0,4,0,1.0990338164251208
YJL021C,0.0,0.0,0.0,0.0,1,0,0.0
YKR021W,0.0,0.0,0.0,0.0,1,0,0.0
YKR104W,0.0,0.0,0.0,0.0,1,0,0.0
YLL015W,0.0,0.0,0.0,0.0,2,0,0.0
YLR133W,0.0,0.0,0.0,0.0,1,0,0.0
YLR143W,0.0,0.0,0.0,0.0,1,0,0.0
YLR430W,0.0,0.0,0.0,0.0,1,1,0.0
YMR205C,0.0,0.0,0.0,0.0,2,0,0.0
YNL242W,0.0,0.0,0.0,0.0,1,0,0.0
YNL329C,0.0,0.0,0.0,0.0,1,0,0.0
YOL031C,0.0,0.0,0.0,0.0,1,0,0.0
YOL140W,0.0,0.0,0.0,0.0,1,0,0.0
YPR178W,0.0,0.0,0.0,0.0,1,1,0.0
YDR141C,0.0,0.0,0.0,0.0,1,1,0.0
YER115C,1.0,0.17261904761904762,0.0,20.0,2,0,1.1726190476190477
YGL143C,0.0,0.0,0.0,0.0,1,0,0.0
YMR002W,0.0,0.0,0.0,0.0,1,0,0.0
YNR027W,0.0,0.0,0.0,0.0,1,0,0.0
YGR116W,0.0,0.0,0.0,0.0,2,1,0.0
YJR140C,0.0,0.0,0.0,0.0,2,0,0.0
YLR082C,0.0,0.0,0.0,0.0,1,0,0.0
YAR009C,0.0,0.0,0.0,0.0,2,0,0.0
YBL034C,0.0,0.0,0.0,0.0,2,1,0.0
YBL037W,0.5,1.833333333333333,3.5,1.6,4,0,2.706060606060606
YBL054W,0.0,0.0,0.0,0.0,1,0,0.0
YCR076C,0.0,0.0,0.0,0.0,2,0,0.0
YGL014W,0.0,0.0,0.0,0.0,1,1,0.0
YHR186C,0.0,0.0,0.0,0.0,1,1,0.0
YIR014W,0.0,0.0,0.0,0.0,2,0,0.0
YIR024C,0.0,0.0,0.0,0.0,1,0,0.0
YJR023C,0.0,0.0,0.0,0.0,1,1,0.0
YKL133C,0.0,0.0,0.0,0.0,1,0,0.0
YKR031C,0.0,0.0,0.0,0.0,1,0,0.0
YKR054C,0.06666666666666667,0.1588235294117647,4.0,0.0,6,0,0.5785766158315178
YLR451W,0.0,0.0,0.0,0.0,1,0,0.0
YML112W,0.3333333333333333,1.0,1.9444444444444444,8.833333333333332,3,0,2.0
YOL151W,0.0,0.0,0.0,0.0,1,0,0.0
YOR093C,0.0,0.0,0.0,0.0,1,0,0.0
YOR124C,0.0,0.0,0.0,0.0,1,0,0.0
YJR065C,0.6666666666666666,3.7299999999999995,6.0,10.889754689754689,7,1,4.7299999999999995
YPL090C,0.9655388471177945,54.83139712676912,64.83333333333333,54.327777777777776,57,0,55.82221225504632
YBR217W,0.0,0.0,0.0,2.4,3,0,1.0
YDR022C,0.0,0.0,0.0,0.0,1,0,0.0
YGL078C,0.0,0.0,0.0,0.0,1,0,0.0
YLR424W,0.0,0.0,0.0,0.0,1,1,0.0
YHR171W,0.0,0.0,0.0,2.6666666666666665,3,0,1.0
YNL255C,0.0,0.0,0.0,0.0,1,0,0.0
YKL134C,0.0,0.0,0.0,0.0,1,0,0.0
YDL137W,0.0,0.0,0.0,0.0,1,0,0.0
YDR007W,0.0,0.0,0.0,0.0,1,0,0.0
YPL051W,0.0,0.0,0.0,2.0,3,0,1.0
YER044C,0.0,0.0,0.0,0.0,1,0,0.0
YGL183C,0.0,0.0,0.0,0.0,1,0,0.0
YGR242W,0.0,0.0,0.0,0.0,1,0,0.0
YJL115W,0.2,0.9538461538461539,8.5,3.825,6,0,1.953846153846154
YMR200W,0.0,0.0,0.0,0.0,2,1,0.0
YLR399C,0.0,0.0,0.0,0.0,4,0,0.0
YIL002C,0.0,0.0,0.0,0.0,1,0,0.0
YDR410C,0.0,0.0,0.0,0.0,1,0,0.0
YNL244C,0.32967032967032966,3.088538654328128,0.0,54.595238095238095,14,1,4.0885386543281275
YOR338W,0.0,0.0,0.0,0.0,1,0,0.0
YGL233W,0.3090909090909091,3.381818181818182,10.38888888888889,3.0416666666666665,11,1,4.2812357445421965
YEL043W,0.14285714285714285,0.8103896103896104,0.0,5.041666666666666,8,0,1.8103896103896104
YGR134W,0.0,0.0,0.0,0.0,1,0,0.0
YGR261C,0.4,1.875,5.277777777777778,0.0,5,0,2.0883333333333334
YPL161C,0.05714285714285714,0.857142857142857,0.0,32.666666666666664,15,0,1.857142857142857
YJR076C,0.07272727272727272,0.7428571428571428,6.666666666666667,3.705882352941176,11,1,1.7428571428571429
YLL038C,0.0,0.0,0.0,0.0,2,0,0.0
YDR218C,0.0,0.0,0.0,0.8571428571428571,1,0,1.0
YDL064W,0.3333333333333333,0.5214285714285714,5.833333333333333,5.843137254901961,4,1,1.5214285714285714
YER158C,0.0,0.0,0.0,0.0,3,0,0.0
YER114C,0.08888888888888889,0.6101953601953602,6.0,27.25,10,0,1.6101953601953602
YOR370C,0.16666666666666666,0.6666666666666666,0.0,0.6,4,1,1.5666666666666667
YOR188W,0.0,0.0,0.0,0.0,2,0,0.0
YIR039C,0.0,0.0,0.0,0.0,2,0,0.0
YKL092C,0.0,0.0,0.0,0.0,4,0,0.0
YIL117C,0.0,0.0,0.0,0.0,1,0,0.0
YPL095C,0.0,0.0,0.0,0.0,1,0,0.0
YOR299W,0.0,0.0,0.0,0.0,4,0,0.0
YGL095C,0.0,0.0,0.0,0.0,1,0,0.0
YKL082C,0.3,0.4199134199134199,2.0,4.688636363636364,5,1,1.4199134199134198
YMR293C,0.0,0.0,0.0,0.0,1,0,0.0
YKL007W,0.0,0.0,0.0,0.0,2,0,0.0
YOR284W,0.3333333333333333,0.7712313112770779,54.45,0.0,7,0,1.203440595909685
YBR130C,0.0,0.0,0.0,0.0,2,0,0.0
YJL008C,0.75,5.999999999999999,7.0,7.0,8,1,6.999999999999999
YLR206W,0.0,0.0,0.0,0.0,2,0,0.0
YGR221C,0.0,0.0,0.0,0.0,2,0,0.0
YIL079C,0.0,0.0,0.0,0.0,2,0,0.0
YER059W,0.0,0.0,0.0,33.0,1,0,1.0
YIL050W,0.0,0.0,0.0,0.0,1,0,0.0
YNL309W,0.3,1.1,2.25,25.04,5,0,2.1
YKL014C,0.0,0.0,0.0,0.0,1,1,0.0
YKR077W,0.0,0.0,0.0,0.0,2,0,0.0
YBL103C,0.1,0.41666666666666663,2.0,0.0,5,0,0.6566666666666667
YDL126C,0.0,0.0,0.0,0.0,2,1,0.0
YDR274C,0.0,0.0,0.0,0.0,1,0,0.0
YIL084C,0.0,0.0,0.0,0.0,2,0,0.0
YJL036W,0.0,0.0,0.0,0.0,1,0,0.0
YNL234W,0.0,0.0,0.0,0.0,2,0,0.0
YNL087W,0.0,0.0,0.0,0.0,1,0,0.0
YPR120C,0.01282051282051282,0.16666666666666666,0.0,1.625,13,1,1.1666666666666667
YMR232W,0.0,0.0,0.0,0.0,1,0,0.0
YPL269W,0.0,0.0,0.0,0.0,2,0,0.0
YDR122W,0.0,0.0,0.0,0.0,1,0,0.0
YMR036C,0.0,0.0,0.0,0.0,1,0,0.0
YDR130C,0.1,0.20833333333333331,0.0,6.461538461538462,5,1,1.2083333333333333
YJL048C,0.0,0.0,0.0,0.0,1,0,0.0
YOR066W,0.0,0.0,0.0,0.0,1,0,0.0
YOR264W,0.0,0.0,0.0,0.0,1,0,0.0
YOR269W,0.06666666666666667,0.3666666666666667,0.0,0.0,6,0,0.5484848484848485
YPL014W,0.0,0.0,0.0,0.0,1,0,0.0
YML095CA,0.0,0.0,0.0,0.0,1,0,0.0
YMR111C,0.0,0.0,0.0,0.0,1,0,0.0
YDL186W,0.0,0.0,0.0,0.0,2,0,0.0
YHR182W,0.0,0.0,0.0,0.0,1,0,0.0
YOR324C,0.0,0.0,0.0,0.0,3,0,0.0
YHR039CA,0.8666666666666667,12.5343487394958,0.0,61.35194805194806,15,0,13.5343487394958
YKL057C,0.5111111111111111,3.529693814956973,13.591666666666667,24.1510989010989,10,0,4.529693814956973
YLR429W,0.0,0.0,0.0,0.0,3,0,0.0
YPL032C,0.0,0.0,0.0,0.0,2,0,0.0
YNL094W,0.022058823529411766,0.27531586770717204,17.25,0.0,17,0,0.35543774267615746
YNL027W,0.06666666666666667,0.30000000000000004,0.0,0.0,6,0,0.5222222222222223
YHR207C,0.0,0.0,0.0,0.0,1,0,0.0
YNR018W,0.0,0.0,0.0,0.0,1,0,0.0
YGR005C,0.3333333333333333,0.5227272727272727,2.0,0.25,3,1,1.1604084321475625
YHR191C,0.0,0.0,0.0,0.0,2,0,0.0
YCR054C,0.0,0.0,0.0,0.0,2,1,0.0
YMR032W,0.0641025641025641,0.6130555555555555,1.0,2.0404040404040407,13,1,1.6130555555555555
YDL097C,0.9444444444444444,32.76096847175153,0.0,270.85,36,1,33.76096847175153
YCR027C,0.0,0.0,0.0,0.0,1,0,0.0
YNL013C,0.0,0.0,0.0,0.0,1,0,0.0
YDL101C,0.0,0.0,0.0,6.0,5,0,1.0
YBR205W,0.1,0.09903381642512077,0.0,0.0,5,0,1.0990338164251208
YDR051C,0.0,0.0,0.0,6.0,1,0,1.0
YJR113C,0.0,0.0,0.0,0.0,1,0,0.0
YKL048C,0.0,0.0,0.0,0.6153846153846154,1,0,1.0
YBR102C,0.0,0.0,0.0,0.0,5,1,0.0
YNR046W,0.0,0.0,0.0,0.0,1,1,0.0
YMR052W,0.0,0.0,0.0,0.0,1,0,0.0
YJL184W,0.0,0.0,0.0,0.0,1,1,0.0
YDR373W,0.0,0.0,0.0,0.0,1,1,0.0
YML058W,0.3333333333333333,0.5833333333333333,1.0,16.75,3,0,1.5833333333333333
YFL034CB,0.0,0.0,0.0,0.0,2,0,0.0
YCL011C,0.0,0.0,0.0,0.0,1,0,0.0
YMR238W,1.0,0.16233766233766234,2.0,3.5,2,0,1.1623376623376624
YCR086W,0.3,0.4199134199134199,1.3333333333333333,6.428571428571429,5,0,1.4199134199134198
YMR055C,0.2,0.9166666666666666,6.65,15.2,5,0,1.9166666666666665
YJL030W,0.0,0.0,0.0,0.0,2,0,0.0
YER122C,0.0,0.0,0.0,0.0,2,0,0.0
YBR128C,0.0,0.0,0.0,0.0,1,0,0.0
YJL080C,0.0,0.0,0.0,0.0,1,0,0.0
YBR116C,0.0,0.0,0.0,0.0,1,0,0.0
YDR179C,0.0,0.0,0.0,0.0,1,0,0.0
YHL026C,0.0,0.0,0.0,0.0,1,0,0.0
YMR069W,0.0,0.0,0.0,0.0,1,0,0.0
YGL181W,0.04736842105263158,0.8389368069001936,44.78333333333334,0.0,20,0,0.895399249199816
YOR384W,0.0,0.0,0.0,0.0,1,0,0.0
YBR138C,0.0,0.0,0.0,0.0,1,0,0.0
YBR272C,0.0,0.0,0.0,0.0,3,0,0.0
YAR018C,0.0,0.0,0.0,0.0,4,0,0.0
YLL019C,0.0,0.0,0.0,0.0,1,0,0.0
YHR086W,0.0,0.0,0.0,0.0,2,1,0.0
YJL141C,0.0,0.0,0.0,2.8,3,0,1.0
YAL004W,0.0,0.0,0.0,0.0,2,0,0.0
YGR241C,0.0,0.0,0.0,0.0,1,0,0.0
YDR511W,0.0,0.0,0.0,0.0,1,0,0.0
YER045C,0.0,0.0,0.0,0.0,2,0,0.0
YFR024C,0.09941520467836257,1.6864454614797868,0.0,2.355555555555556,19,0,2.686445461479787
YPR171W,0.2,0.31893837156995053,2.6666666666666665,2.0075757575757573,6,0,1.3189383715699505
YMR106C,0.0,0.0,0.0,2.1538461538461537,2,0,1.0
YGR118W,0.9649122807017544,54.795682841054834,0.0,54.327777777777776,57,0,55.78714375477984
YMR048W,0.0,0.0,0.0,0.0,1,0,0.0
YDL125C,0.0,0.0,0.0,0.0,1,0,0.0
YJL102W,0.0,0.0,0.0,0.0,1,0,0.0
YGL060W,0.0,0.0,0.0,0.0,1,0,0.0
YBR133C,0.0,0.0,0.0,7.0,4,0,1.0
YGL187C,0.75,5.999999999999999,5.0,9.6,8,0,6.999999999999999
YNL106C,0.0,0.0,0.0,0.0,6,0,0.0
YDL230W,0.0,0.0,0.0,0.0,1,0,0.0
YER104W,0.0,0.0,0.0,0.0,1,1,0.0
YPR173C,0.16666666666666666,0.6666666666666666,0.0,0.0,4,0,0.9166666666666666
YPR188C,0.0,0.0,0.0,0.0,1,0,0.0
YOL065C,0.0,0.0,0.0,0.0,3,0,0.0
YJL117W,0.0,0.0,0.0,0.0,1,0,0.0
YJR010CA,0.3333333333333333,1.0,0.0,0.0,3,0,1.3333333333333333
YPL209C,0.2,0.8333333333333334,3.0,3.2857142857142856,5,1,1.8333333333333335
YOR084W,0.0,0.0,0.0,0.0,2,0,0.0
YLR428C,0.0,0.0,0.0,0.0,1,0,0.0
YAL032C,0.0,0.0,0.0,0.0,1,1,0.0
YHR133C,0.0,0.0,0.0,0.0,1,0,0.0
YJL151C,0.2,0.19458937198067633,0.0,1.8,5,0,1.1945893719806764
YPL246C,0.2,0.19458937198067633,0.0,0.0,5,0,1.1945893719806764
YDR460W,0.7777777777777778,7.026262626262626,8.0,75.4,10,1,8.026262626262625
YIL128W,0.0,0.0,0.0,2.0,4,0,1.0
YNL173C,0.0,0.0,0.0,0.0,1,0,0.0
YER068W,0.8461538461538461,9.68695054945055,150.475,44.142857142857146,13,0,10.68695054945055
YPL064C,0.0,0.0,0.0,0.0,1,0,0.0
YPL191C,0.0,0.0,0.0,0.0,1,0,0.0
YOR207C,0.8461538461538461,7.827217616691301,76.5,19.410714285714285,13,1,8.8272176166913
YDR095C,0.0,0.0,0.0,0.0,1,0,0.0
YNL245C,0.0,0.0,0.0,0.0,1,1,0.0
YOR087W,0.0,0.0,0.0,0.0,1,0,0.0
YGR014W,0.0,0.0,0.0,0.0,2,0,0.0
YNL293W,0.0,0.0,0.0,0.0,2,0,0.0
YOL112W,0.0,0.0,0.0,0.0,1,0,0.0
YPL093W,0.0,0.0,0.0,0.0,7,1,0.0
YOR074C,0.0,0.0,0.0,0.0,1,1,0.0
YLR359W,0.0,0.0,0.0,0.0,1,1,0.0
YMR159C,0.0,0.0,0.0,1.5384615384615383,2,0,1.0
YHR129C,0.0,0.0,0.0,0.0,2,0,0.0
YLL001W,0.0,0.0,0.0,0.0,1,0,0.0
YHR068W,0.0,0.0,0.0,0.0,1,1,0.0
YOR326W,0.0,0.0,0.0,0.0,3,1,0.0
YBL058W,0.0,0.0,0.0,0.0,1,0,0.0
YMR096W,0.0,0.0,0.0,0.0,1,0,0.0
YJR159W,0.0,0.0,0.0,0.0,1,0,0.0
YKL020C,0.0,0.0,0.0,15.6,2,0,1.0
YMR271C,0.0,0.0,0.0,0.0,1,0,0.0
YOR229W,0.0,0.0,0.0,0.0,1,1,0.0
YAL055W,0.0,0.0,0.0,0.0,1,0,0.0
YDR132C,0.0,0.0,0.0,0.0,1,0,0.0
YGL037C,0.0,0.0,0.0,0.0,1,0,0.0
YKL061W,0.0,0.0,0.0,0.0,2,0,0.0
YKR064W,0.0,0.0,0.0,0.0,1,0,0.0
YOL070C,0.0,0.0,0.0,0.0,1,0,0.0
YPR172W,0.0,0.0,0.0,0.0,1,0,0.0
YLL004W,0.7705627705627706,16.826275174101266,123.0,44.82269309637731,22,1,17.826275174101266
YGL169W,0.0,0.0,0.0,0.0,1,1,0.0
YAR020C,0.0,0.0,0.0,0.0,2,0,0.0
YBR222C,0.0,0.0,0.0,0.0,1,0,0.0
YDR455C,0.0,0.0,0.0,0.0,1,0,0.0
YDR113C,0.0,0.0,0.0,16.0,5,1,1.0
YGR060W,0.0,0.0,0.0,0.0,3,1,0.0
YMR257C,0.0,0.0,0.0,0.0,5,0,0.0
YKL143W,0.0,0.0,0.0,0.0,1,0,0.0
YMR233W,0.0,0.0,0.0,0.0,1,0,0.0
YOR197W,0.0,0.0,0.0,0.0,4,0,0.0
YGR123C,0.0,0.0,0.0,0.0,4,0,0.0
YMR008C,0.0,0.0,0.0,0.0,1,0,0.0
YDL134C,0.0,0.0,0.0,2.0,1,0,1.0
YNL011C,0.0,0.0,0.0,0.0,1,0,0.0
YOR362C,0.7692307692307693,30.61956133297598,80.66666666666667,359.99047619047616,40,1,31.61956133297598
YMR154C,0.0,0.0,0.0,0.0,1,0,0.0
YFR026C,0.0,0.0,0.0,0.0,1,0,0.0
YGL165C,0.0,0.0,0.0,0.0,1,0,0.0
YLR076C,0.0,0.0,0.0,0.0,1,1,0.0
YPR103W,0.7730769230769231,30.770934959349603,82.66666666666667,389.2999999999999,40,1,31.770934959349603
YOL145C,0.16666666666666666,0.04945054945054945,4.0,0.2608695652173913,4,0,1.0494505494505495
YDL123W,1.0,0.15842490842490842,0.0,4.0,3,0,1.1584249084249083
YPL066W,0.0,0.0,0.0,0.0,1,0,0.0
YJL001W,0.9444444444444444,32.76096847175153,80.66666666666667,380.1,36,1,33.76096847175153
YPR180W,0.0,0.0,0.0,0.0,2,1,0.0
YFR050C,0.6933797909407665,29.102206736353068,83.41666666666666,357.95714285714286,42,1,30.102206736353068
YGR067C,1.0,0.050706033376123234,0.0,2.023809523809524,2,0,1.0507060333761233
YNL253W,0.0,0.0,0.0,0.0,1,0,0.0
YIL007C,0.1,0.055598455598455596,0.0,29.666666666666668,5,0,1.0555984555984557
YBL041W,0.8506401137980085,31.817222722517982,83.41666666666666,436.4000000000001,38,1,32.81722272251798
YML092C,0.9444444444444444,32.76096847175153,80.66666666666666,380.1,36,1,33.76096847175153
YGR135W,0.9523809523809523,33.031423455364404,80.66666666666666,278.4095238095238,36,0,34.031423455364404
YPR025C,0.6363636363636364,6.781818181818182,0.0,19.21989962651727,11,1,7.781818181818182
YKR086W,0.0,0.0,0.0,0.0,19,1,0.0
YPR082C,0.0,0.0,0.0,0.0,1,1,0.0
YPL023C,0.0,0.0,0.0,0.0,1,0,0.0
YBR173C,0.9444444444444444,32.76096847175153,0.0,367.50000000000006,36,0,33.76096847175153
YBL004W,0.0,0.0,0.0,0.0,1,1,0.0
YGR173W,0.0,0.0,0.0,0.0,1,0,0.0
YHR194W,0.0,0.0,0.0,0.0,1,0,0.0
YJR070C,0.0,0.0,0.0,0.0,1,0,0.0
YKL075C,0.0,0.0,0.0,0.0,1,0,0.0
YLR118C,0.0,0.0,0.0,0.0,1,0,0.0
YLR462W,0.0,0.0,0.0,0.0,1,0,0.0
YOL063C,0.0,0.0,0.0,0.0,1,0,0.0
YPL067C,0.0,0.0,0.0,0.0,1,0,0.0
YPR177C,0.0,0.0,0.0,0.0,1,1,0.0
YJR127C,0.0,0.0,0.0,0.0,1,0,0.0
YDR235W,0.0,0.0,0.0,0.0,4,1,0.0
YJR131W,0.0,0.0,0.0,0.0,1,0,0.0
YER144C,0.0,0.0,0.0,0.0,1,0,0.0
YOR157C,0.8549075391180654,31.97558666136973,87.16666666666666,393.6,38,1,32.97558666136973
YDL103C,0.0,0.0,0.0,0.0,1,1,0.0
YDR288W,0.0,0.0,0.0,0.0,2,1,0.0
YDL105W,0.09523809523809523,0.6666666666666666,8.5,4.117857142857143,7,1,1.6666666666666665
YNR031C,0.0,0.0,0.0,0.0,1,0,0.0
YHR216W,0.0,0.0,0.0,0.0,1,0,0.0
YER168C,0.0,0.0,0.0,0.0,1,1,0.0
YLR289W,0.0,0.0,0.0,0.0,1,0,0.0
YLR207W,0.3333333333333333,1.3333333333333333,3.583333333333333,2.2976190476190474,4,0,2.333333333333333
YOR171C,0.0,0.0,0.0,0.0,1,0,0.0
YDR334W,0.0,0.0,0.0,0.0,1,0,0.0
YBL089W,0.0,0.0,0.0,0.0,1,0,0.0
YDR320C,0.3333333333333333,0.75,1.3333333333333333,0.0,3,0,1.1944444444444444
YER066W,0.0,0.0,0.0,0.0,1,0,0.0
YGL050W,0.0,0.0,0.0,0.0,1,0,0.0
YHR112C,0.0,0.0,0.0,0.0,1,0,0.0
YKL179C,0.0,0.0,0.0,0.0,2,0,0.0
YOR051C,0.0,0.0,0.0,0.0,1,0,0.0
YNR063W,0.0,0.0,0.0,0.0,1,0,0.0
YMR179W,0.0,0.0,0.0,0.0,4,1,0.0
YNL201C,0.0,0.0,0.0,0.0,1,0,0.0
YGL200C,0.75,4.6693306693306695,35.69444444444444,17.0,8,0,5.6693306693306695
YKL153W,0.0,0.0,0.0,0.0,1,1,0.0
YHR031C,0.0,0.0,0.0,0.0,2,0,0.0
YNL204C,0.0,0.0,0.0,0.0,2,0,0.0
YNR052C,0.6761904761904762,9.726190476190474,158.475,77.0309523809524,15,1,10.726190476190474
YLL036C,0.16666666666666666,0.41666666666666663,2.0,2.0,4,1,1.4166666666666665
YBR188C,0.0,0.0,0.0,0.0,1,0,0.0
YDL138W,0.0,0.0,0.0,0.0,12,0,0.0
YMR035W,0.0,0.0,0.0,0.0,2,0,0.0
YPL145C,0.0,0.0,0.0,0.0,1,0,0.0
YJL186W,0.0,0.0,0.0,0.0,1,0,0.0
YBR251W,0.8571428571428571,12.000000000000002,22.555555555555557,35.25,14,0,13.000000000000002
YEL026W,0.0,0.0,0.0,0.0,2,1,0.0
YPR023C,0.0,0.0,0.0,0.0,1,0,0.0
YPR077C,0.0,0.0,0.0,0.0,1,0,0.0
YPR079W,0.0,0.0,0.0,0.0,1,0,0.0
YNL180C,0.0,0.0,0.0,0.0,1,0,0.0
YLL033W,0.0,0.0,0.0,0.0,1,0,0.0
YEL037C,0.15833333333333333,1.2258599508599508,8.5,12.88452380952381,16,0,2.2258599508599506
YHR027C,0.7451219512195122,30.48760162601627,0.0,291.2904761904762,41,1,31.48760162601627
YKL171W,0.0,0.0,0.0,0.0,1,0,0.0
YFR004W,0.8477951635846372,31.71377842456149,0.0,274.789393939394,38,1,32.71377842456149
YER049W,0.0,0.0,0.0,0.0,2,0,0.0
YDL147W,0.8933933933933934,32.22128593206897,0.0,506.9166666666666,37,1,33.22128593206897
YPL026C,0.0,0.0,0.0,1.1428571428571428,1,0,1.0
YPR108W,0.9476190476190476,32.86875235453541,0.0,273.35,36,1,33.86875235453541
YLR264W,0.717948717948718,47.38461538461541,187.5,223.1500000000002,66,0,48.38461538461541
YAL018C,0.0,0.0,0.0,0.0,1,0,0.0
YKL176C,0.0,0.0,0.0,0.0,1,0,0.0
YKL145W,0.6710963455149501,28.857142857142865,90.16666666666666,291.1326949620428,43,1,29.857142857142865
YOR259C,0.767948717948718,30.566447779862425,0.0,275.0402777777778,40,1,31.566447779862425
YMR216C,0.06666666666666667,0.054212454212454214,0.0,0.0,6,0,1.0542124542124542
YGR146C,0.0,0.0,0.0,0.0,1,0,0.0
YOR117W,0.8577524893314367,32.084174008114964,81.66666666666666,368.9809523809524,38,1,33.084174008114964
YOR177C,0.0,0.0,0.0,0.0,2,0,0.0
YKL135C,0.3,1.5,9.15,4.75,5,0,2.5
YBL025W,0.3333333333333333,0.75,2.0,2.0,3,0,1.75
YJL047C,0.0,0.0,0.0,0.0,2,0,0.0
YJR073C,0.0,0.0,0.0,0.0,2,0,0.0
YLR144C,0.3333333333333333,0.09706959706959706,2.0,1.6666666666666667,3,0,1.0970695970695972
YJR083C,0.3333333333333333,0.09706959706959706,0.0,0.0,3,0,1.0970695970695972
YMR192W,0.06666666666666667,0.09706959706959706,1.0,0.7142857142857143,6,0,1.0970695970695972
YNL086W,0.0,0.0,0.0,0.0,2,0,0.0
YMR190C,0.0,0.0,0.0,0.0,2,0,0.0
YER101C,0.0,0.0,0.0,0.0,1,0,0.0
YLL009C,0.0,0.0,0.0,0.0,1,0,0.0
YOL135C,0.8225108225108225,17.15925654056089,20.0,155.0666666666667,22,1,18.15925654056089
YOR158W,0.8571428571428571,12.000000000000002,22.555555555555557,61.5,14,0,13.000000000000002
YBL030C,0.16666666666666666,0.25263157894736843,0.0,0.0,4,1,0.9123538011695906
YLR273C,0.0,0.0,0.0,0.0,2,0,0.0
YOR307C,0.0,0.0,0.0,0.0,1,0,0.0
YKL173W,0.0,0.0,0.0,0.0,2,1,0.0
YDR160W,0.0,0.0,0.0,0.0,1,1,0.0
YAL028W,0.0,0.0,0.0,0.0,1,0,0.0
YCR082W,0.0,0.0,0.0,0.0,2,0,0.0
YDL133W,0.0,0.0,0.0,0.0,1,0,0.0
YDL173W,0.0,0.0,0.0,0.0,1,0,0.0
YKL090W,0.0,0.0,0.0,0.0,1,0,0.0
YOL032W,0.0,0.0,0.0,0.0,1,0,0.0
YOL036W,0.0,0.0,0.0,0.0,2,0,0.0
YOR245C,0.0,0.0,0.0,0.0,1,0,0.0
YPL192C,0.0,0.0,0.0,0.0,1,0,0.0
YLR130C,0.0,0.0,0.0,0.0,1,0,0.0
YGL201C,0.868421052631579,16.707181491277602,123.0,38.946069719753936,20,1,17.707181491277602
YHR087W,0.0,0.0,0.0,0.0,1,0,0.0
YBR098W,0.3333333333333333,0.09903381642512077,0.0,0.0,3,0,1.0990338164251208
YCR009C,0.0,0.0,0.0,3.333333333333333,9,0,1.0
YJR115W,0.0,0.0,0.0,0.0,2,0,0.0
YLR436C,0.0,0.0,0.0,0.0,1,0,0.0
YGR098C,0.0,0.0,0.0,0.0,2,1,0.0
YJL085W,0.7619047619047619,4.739926739926741,12.0,3.0416666666666665,7,1,5.381638486449152
YER127W,0.0,0.0,0.0,0.0,2,1,0.0
YMR287C,0.8571428571428571,11.576633892423368,36.0,35.898809523809526,14,0,12.576633892423368
YPR055W,0.7619047619047619,4.73992673992674,8.61111111111111,3.0416666666666665,7,1,5.381638486449151
YDR515W,0.0,0.0,0.0,0.0,1,0,0.0
YIL147C,0.0,0.0,0.0,0.0,2,1,0.0
YDR189W,0.3,0.5390756302521008,6.75,4.646825396825397,5,1,1.5390756302521007
YNL239W,0.0,0.0,0.0,0.0,3,0,0.0
YOR075W,0.3333333333333333,0.7009803921568627,6.0,4.5,4,1,1.7009803921568627
YPR088C,0.6666666666666666,4.0,63.3,10.533333333333331,6,1,5.0
YNL003C,0.0,0.0,0.0,0.0,1,0,0.0
YOR213C,0.45054945054945056,6.076923076923077,21.5,62.60000000000001,14,0,7.076923076923077
YPL138C,0.0,0.0,0.0,0.0,3,0,0.0
YBL106C,0.01282051282051282,0.16666666666666666,0.0,4.564102564102564,13,0,1.1666666666666667
YCL017C,0.0,0.0,0.0,0.0,1,1,0.0
YHR098C,0.0,0.0,0.0,0.0,2,1,0.0
YKR030W,0.1,0.09903381642512077,0.0,0.0,5,0,1.0990338164251208
YHR070W,0.0,0.0,0.0,0.0,1,1,0.0
YMR183C,0.0,0.0,0.0,0.0,3,0,0.0
YJR093C,0.3333333333333333,0.75,2.0,1.4,3,1,1.75
YDR362C,0.6,2.6,12.5,7.25,5,1,3.6
YPR193C,0.0,0.0,0.0,0.0,1,0,0.0
YCL036W,0.0,0.0,0.0,0.0,1,0,0.0
YPR051W,0.0,0.0,0.0,0.0,1,0,0.0
YOL043C,0.0,0.0,0.0,0.0,2,0,0.0
YDR229W,0.0,0.0,0.0,0.0,1,0,0.0
YPR182W,0.0,0.0,0.0,0.0,1,1,0.0
YDR416W,0.0,0.0,0.0,2.2857142857142856,1,1,1.0
YPL181W,0.4,0.7221804511278195,4.0,12.0,6,0,1.7221804511278194
YEL051W,0.6470588235294118,11.57790012556747,0.0,154.33333333333334,18,0,12.57790012556747
YOR270C,0.6838235294117647,11.545512170385395,36.66666666666667,66.39361471861471,17,0,12.545512170385395
YPL120W,0.0,0.0,0.0,0.0,1,0,0.0
YDL016C,0.0,0.0,0.0,0.0,1,1,0.0
YDL239C,0.3333333333333333,1.2,2.388888888888889,2.0,4,0,2.2
YKR020W,0.0,0.0,0.0,0.0,3,0,0.0
YLL049W,0.0,0.0,0.0,0.0,1,0,0.0
YCR079W,0.0,0.0,0.0,1.7777777777777777,1,0,1.0
YDR146C,0.0,0.0,0.0,0.0,4,0,0.0
YPL121C,0.0,0.0,0.0,0.0,1,0,0.0
YCR087W,0.0,0.0,0.0,0.0,1,0,0.0
YDR212W,0.75,5.999999999999999,7.0,7.0,8,1,6.999999999999999
YML064C,0.047619047619047616,0.3333333333333333,0.0,4.1,7,1,1.3333333333333333
YBL112C,0.0,0.0,0.0,0.0,1,0,0.0
YLR234W,0.0,0.0,0.0,0.0,1,0,0.0
YGL135W,0.9753086419753086,78.89344368280273,0.0,19.066666666666663,81,0,79.13511987003224
YLR306W,0.0,0.0,0.0,0.0,1,0,0.0
YER100W,0.0,0.0,0.0,2.0,1,0,1.0
YBR235W,0.0,0.0,0.0,0.0,1,0,0.0
YDR499W,0.0,0.0,0.0,0.0,1,1,0.0
YHR108W,0.0,0.0,0.0,0.0,1,0,0.0
YHR082C,0.0,0.0,0.0,0.0,1,1,0.0
YJR061W,0.0,0.0,0.0,0.0,1,0,0.0
YLR131C,0.0,0.0,0.0,0.0,3,0,0.0
YMR180C,0.0,0.0,0.0,0.0,1,0,0.0
YML117W,0.0,0.0,0.0,0.0,1,0,0.0
YNL196C,0.0,0.0,0.0,0.0,1,0,0.0
YOR371C,0.3333333333333333,0.6666666666666666,9.333333333333334,12.1,3,0,1.6666666666666665
YDL189W,0.0,0.0,0.0,0.0,1,0,0.0
YLL060C,0.0,0.0,0.0,0.0,1,0,0.0
YOL069W,0.19166666666666668,3.019607843137255,40.25,29.666666666666668,16,1,4.019607843137255
YFL008W,0.13071895424836602,2.352941176470588,37.25,11.475,18,1,3.352941176470588
YFR031C,0.16666666666666666,1.233288770053476,10.055555555555555,2.5,9,1,2.233288770053476
YIR017C,0.26666666666666666,1.2302521008403362,10.666666666666668,0.0,6,0,1.4470098421882414
YGR089W,0.022222222222222223,0.16993464052287582,2.9166666666666665,0.0,10,0,0.30070387129210663
YDL181W,0.5321637426900585,10.111111111111109,22.0,63.66666666666666,19,0,11.111111111111109
YAL011W,0.1,0.3666666666666667,0.0,0.0,5,0,0.6393939393939394
YNL250W,0.25,1.599579831932773,0.0,3.9333333333333336,9,0,2.5995798319327728
YHL010C,0.0,0.0,0.0,0.0,1,0,0.0
YDR201W,0.17857142857142858,0.9378851540616246,8.25,12.666666666666668,8,1,1.9378851540616246
YDR295C,0.25,1.3845238095238095,17.0,5.916666666666666,8,0,2.3845238095238095
YLR190W,0.0,0.0,0.0,0.0,1,0,0.0
YGL075C,0.0,0.0,0.0,0.0,3,1,0.0
YJL074C,0.12121212121212122,1.3575757575757574,14.166666666666666,11.541666666666666,12,1,2.3575757575757574
YNL079C,0.0,0.0,0.0,0.0,3,0,0.0
YDL072C,0.0,0.0,0.0,0.0,1,0,0.0
YIR018W,0.0,0.0,0.0,0.0,1,0,0.0
YHR158C,0.047619047619047616,0.3333333333333333,0.0,2.6666666666666665,7,0,1.3333333333333333
YMR124W,0.3333333333333333,0.4242424242424242,0.0,6.0,3,0,1.4242424242424243
YER018C,0.0,0.0,0.0,0.0,2,1,0.0
YDL074C,0.2857142857142857,1.6034695696460401,23.333333333333332,7.208333333333333,8,0,2.60346956964604
YNL153C,0.4,2.4,0.0,4.023809523809524,6,0,3.4
YNL103W,0.14285714285714285,0.9999999999999999,13.333333333333334,0.0,7,1,1.1428571428571428
YDL099W,0.0,0.0,0.0,0.0,1,0,0.0
YKL050C,0.0,0.0,0.0,0.0,1,0,0.0
YDL087C,0.0,0.0,0.0,0.0,1,1,0.0
YEL061C,0.0,0.0,0.0,1.3333333333333333,4,0,1.0
YLR454W,0.0,0.0,0.0,0.0,2,1,0.0
YGR130C,1.0,0.1588235294117647,0.0,0.0,2,0,1.1588235294117646
YLR086W,0.3333333333333333,0.29567099567099564,2.0,1.0,4,1,1.2956709956709958
YJR035W,0.0,0.0,0.0,0.0,1,0,0.0
YPL018W,0.0,0.0,0.0,0.0,1,0,0.0
YLR254C,0.0,0.0,0.0,0.0,2,0,0.0
YLR314C,0.03571428571428571,0.2857142857142857,2.0,0.3846153846153846,8,1,1.2857142857142856
YGR059W,0.0,0.0,0.0,0.0,2,0,0.0
YBR211C,0.0,0.0,0.0,0.0,1,1,0.0
YPL155C,1.0,0.6666666666666666,5.833333333333333,2.5,2,0,1.6666666666666665
YBR057C,0.0,0.0,0.0,0.0,1,0,0.0
YJR112W,0.12380952380952381,1.7655462184873947,23.583333333333332,8.32777777777778,15,1,2.765546218487395
YDR150W,0.3333333333333333,0.929004329004329,17.0,4.083333333333334,6,0,1.929004329004329
YLR200W,0.6,2.85,0.0,4.761904761904762,5,0,3.85
YGL093W,0.0,0.0,0.0,0.0,1,1,0.0
YKL101W,0.0,0.0,0.0,0.0,4,1,0.0
YBL099W,0.7666666666666667,12.068055555555558,14.0,45.95,16,0,13.068055555555558
YNL315C,1.0,0.1380952380952381,4.0,2.333333333333333,2,0,1.138095238095238
YJL180C,0.0,0.0,0.0,0.0,1,0,0.0
YJR121W,0.8761904761904762,12.753769841269843,14.0,43.12142857142857,15,0,13.753769841269843
YPR163C,0.0,0.0,0.0,0.0,2,0,0.0
YLR155C,0.0,0.0,0.0,0.0,4,0,0.0
YBR048W,0.9316394434361767,53.89969286611752,0.0,54.327777777777776,58,0,54.89969286611752
YAR066W,0.0,0.0,0.0,0.0,2,0,0.0
YCL014W,0.0,0.0,0.0,0.0,2,0,0.0
YGR296W,0.0,0.0,0.0,0.0,1,0,0.0
YKL011C,0.011695906432748537,0.2222222222222222,16.25,45.0,19,0,1.2222222222222223
YNL191W,0.0,0.0,0.0,0.0,1,0,0.0
YOR128C,0.0,0.0,0.0,0.0,1,0,0.0
YMR323W,0.0,0.0,0.0,0.0,1,0,0.0
YOR285W,0.0,0.0,0.0,0.0,1,0,0.0
YLR135W,0.0,0.0,0.0,0.0,1,0,0.0
YLR056W,0.0,0.0,0.0,0.0,1,0,0.0
YKL017C,0.0,0.0,0.0,0.0,1,0,0.0
YBL081W,0.0,0.0,0.0,0.0,1,0,0.0
YOL131W,0.0,0.0,0.0,0.0,1,0,0.0
YNL034W,0.0,0.0,0.0,0.0,1,0,0.0
YHR203C,0.9316394434361767,53.89969286611752,187.5,317.1666666666667,58,0,54.89969286611752
YMR134W,0.0,0.0,0.0,0.0,1,1,0.0
YEL054C,0.9753086419753086,78.89344368280273,146.0,19.066666666666663,81,0,79.13511987003224
YLR295C,0.6691176470588235,11.284722222222221,12.0,49.06666666666666,17,0,12.284722222222221
YAR060C,0.0,0.0,0.0,0.0,2,0,0.0
YPR102C,0.9285924184543051,77.03916786226686,74.0,19.066666666666663,83,0,77.28666101666795
YLR197W,0.3333333333333333,0.8333333333333333,2.0,5.333333333333333,3,1,1.8333333333333333
YER175C,0.0,0.0,0.0,0.0,2,0,0.0
YNL070W,0.6222222222222222,6.222222222222222,6.0,22.9,10,0,7.222222222222222
YLR145W,0.0,0.0,0.0,0.0,1,1,0.0
YKR019C,0.0,0.0,0.0,0.0,1,0,0.0
YBR068C,0.0,0.0,0.0,0.0,1,0,0.0
YDR385W,0.0,0.0,0.0,0.0,6,0,0.0
YOL006C,0.0,0.0,0.0,0.0,3,0,0.0
YJR091C,0.0,0.0,0.0,0.0,6,0,0.0
YDL153C,0.0,0.0,0.0,0.0,1,1,0.0
YDL094C,0.0,0.0,0.0,0.0,1,0,0.0
YER081W,0.0,0.0,0.0,0.0,1,0,0.0
YDR459C,0.0,0.0,0.0,0.0,1,0,0.0
YHR114W,0.014705882352941176,0.2338235294117647,3.0,0.0,17,0,0.296716611172771
YBL087C,0.9753086419753086,78.89344368280273,0.0,19.066666666666663,81,0,79.13511987003224
YDL075W,0.9753086419753086,78.89344368280273,146.0,19.066666666666663,81,0,79.13511987003224
YJR067C,0.0,0.0,0.0,0.0,1,1,0.0
YNL021W,0.0,0.0,0.0,0.0,1,0,0.0
YDL042C,0.0,0.0,0.0,0.0,4,0,0.0
YDR296W,0.0,0.0,0.0,0.0,1,0,0.0
YIL075C,0.8605974395448079,32.187037585978544,0.0,286.75178571428575,38,1,33.187037585978544
YGR092W,0.6666666666666666,9.58333333333333,81.3,44.142857142857146,15,0,10.58333333333333
YAR019C,0.0,0.0,0.0,0.0,1,1,0.0
YCL024W,0.0,0.0,0.0,0.0,4,0,0.0
YCR002C,0.3333333333333333,0.39285714285714285,2.0,0.0,3,0,1.2413419913419914
YKR048C,0.0,0.0,0.0,0.0,2,0,0.0
YLR457C,0.0,0.0,0.0,0.0,2,1,0.0
YDR162C,0.0,0.0,0.0,0.0,2,0,0.0
YOR308C,1.0,0.12173913043478261,4.5,0.0,2,0,1.1217391304347826
YDR088C,0.0,0.0,0.0,0.0,2,1,0.0
YKL012W,0.0,0.0,0.0,0.0,2,1,0.0
YMR213W,0.0,0.0,0.0,0.0,1,1,0.0
YGR129W,0.0,0.0,0.0,0.0,4,0,0.0
YPR185W,0.0,0.0,0.0,0.0,1,0,0.0
YEL013W,0.0,0.0,0.0,0.0,4,0,0.0
YGL180W,0.0,0.0,0.0,0.0,2,1,0.0
YLR423C,0.10714285714285714,0.7214285714285713,10.066666666666666,14.62179487179487,8,0,1.7214285714285713
YPR049C,0.0,0.0,0.0,0.0,1,0,0.0
YBL078C,0.16666666666666666,0.29166666666666663,0.8,2.2666666666666666,4,0,1.2916666666666665
YER177W,0.0,0.0,0.0,0.0,1,0,0.0
YNL314W,1.0,1.1428571428571428,0.0,7.5,2,0,2.142857142857143
YIR023W,1.0,1.1428571428571428,0.0,0.4,2,0,2.017857142857143
YNR001C,0.0,0.0,0.0,0.0,1,0,0.0
YKL085W,0.0,0.0,0.0,0.0,2,0,0.0
YCR005C,0.0,0.0,0.0,0.0,1,0,0.0
YGL162W,0.0,0.0,0.0,0.0,1,0,0.0
YOR358W,0.3,1.5,3.0,2.1142857142857143,5,0,2.5
YEL002C,0.8611111111111112,7.6477272727272725,7.0,4.583333333333334,9,1,8.247033860146788
YMR149W,0.8611111111111112,7.6477272727272725,7.0,4.583333333333334,9,1,8.247033860146788
YGL022W,0.8611111111111112,7.6477272727272725,7.0,4.583333333333334,9,1,8.247033860146788
YJL002C,0.8611111111111112,7.6477272727272725,7.0,9.916666666666666,9,1,8.647727272727273
YPL096W,0.0,0.0,0.0,0.0,1,0,0.0
YLR342W,0.6666666666666666,1.5666666666666667,7.34,0.0,3,0,1.9921985815602836
YLR371W,0.0,0.0,0.0,0.0,3,1,0.0
YOR008C,0.0,0.0,0.0,0.0,1,0,0.0
YLR332W,0.0,0.0,0.0,0.0,1,0,0.0
YNL090W,0.3333333333333333,0.30952380952380953,1.3333333333333333,14.583333333333332,3,0,1.3095238095238095
YIL118W,0.5,1.3333333333333333,0.0,3.625,4,1,2.333333333333333
YBR260C,0.0,0.0,0.0,0.0,3,0,0.0
YAR064W,0.0,0.0,0.0,0.0,1,0,0.0
YBR213W,0.0,0.0,0.0,0.0,1,0,0.0
YBR229C,0.0,0.0,0.0,0.0,1,0,0.0
YDR231C,0.0,0.0,0.0,0.0,1,1,0.0
YDR292C,0.0,0.0,0.0,0.0,2,1,0.0
YER023W,0.0,0.0,0.0,11.0,1,1,1.0
YFL003C,0.0,0.0,0.0,0.0,1,0,0.0
YFL010WA,0.0,0.0,0.0,0.0,1,0,0.0
YFR054C,0.0,0.0,0.0,0.0,1,0,0.0
YGL063W,0.0,0.0,0.0,0.0,1,0,0.0
YGL229C,0.0,0.0,0.0,0.0,1,0,0.0
YGR034W,0.9753086419753086,78.89344368280273,146.0,19.066666666666663,81,0,79.13511987003224
YGR050C,0.0,0.0,0.0,0.0,1,0,0.0
YGR144W,0.0,0.0,0.0,6.285714285714286,1,0,1.0
YGR253C,0.946031746031746,32.81502252580558,80.66666666666666,383.76666666666665,36,1,33.81502252580558
YHR028C,0.0,0.0,0.0,0.0,1,0,0.0
YKL175W,0.0,0.0,0.0,0.0,1,0,0.0
YKR025W,0.0,0.0,0.0,0.0,1,1,0.0
YLL051C,0.0,0.0,0.0,0.0,1,0,0.0
YLR443W,0.0,0.0,0.0,0.0,1,0,0.0
YNL066W,0.0,0.0,0.0,0.0,1,0,0.0
YNL202W,0.0,0.0,0.0,0.0,1,0,0.0
YOR029W,0.0,0.0,0.0,0.0,1,0,0.0
YGR229C,0.0,0.0,0.0,0.0,2,0,0.0
YGR185C,0.0,0.0,0.0,0.0,1,1,0.0
YMR273C,0.16666666666666666,0.16233766233766234,2.0,2.0090909090909093,4,0,1.1623376623376624
YOR156C,0.06666666666666667,0.17142857142857143,0.0,5.843137254901961,6,0,1.1714285714285715
YLR353W,0.0,0.0,0.0,0.0,2,0,0.0
YER096W,0.0,0.0,0.0,0.0,1,0,0.0
YDL020C,0.946031746031746,32.81656692734998,153.33333333333331,350.2666666666667,36,0,33.81656692734998
YGR268C,1.0,0.09903381642512077,0.0,0.0,2,0,1.0990338164251208
YHR149C,0.0,0.0,0.0,0.0,2,0,0.0
YKR034W,1.0,0.6428571428571428,25.2,3.5,2,0,1.6428571428571428
YFL021W,0.0,0.0,0.0,0.0,1,0,0.0
YER143W,0.0,0.0,0.0,0.0,2,0,0.0
YAL014C,0.0,0.0,0.0,0.0,1,0,0.0
YOR329C,0.0,0.0,0.0,0.0,1,1,0.0
YPL074W,0.0,0.0,0.0,0.0,1,0,0.0
YBL052C,0.0,0.0,0.0,0.0,4,0,0.0
YLR258W,0.0,0.0,0.0,4.0,3,0,1.0
YNL167C,0.3333333333333333,0.26785714285714285,2.0,12.6,3,0,1.2678571428571428
YPL083C,1.0,3.0,3.0,2.2666666666666666,3,1,3.7555555555555555
YLR105C,1.0,3.0,3.0,2.2666666666666666,3,1,3.7555555555555555
YAR008W,1.0,3.0,3.0,1.2,3,1,3.4
YMR059W,1.0,3.0,3.0,6.666666666666667,3,1,4.0
YNL289W,0.0,0.0,0.0,0.0,1,0,0.0
YNL025C,0.3888888888888889,2.282142857142857,28.25,13.57142857142857,9,0,3.282142857142857
YHR071W,0.0,0.0,0.0,0.0,1,0,0.0
YEL020WA,0.5333333333333333,2.388157894736842,0.0,2.0,6,0,3.225623459475134
YBR156C,0.6666666666666666,1.0833333333333333,3.0,1.0,3,0,2.0064102564102564
YOR290C,0.6515151515151515,6.529761904761905,91.83333333333334,17.22222222222222,12,0,7.529761904761905
YJL176C,0.7454545454545455,6.495670995670996,90.83333333333334,17.22222222222222,11,0,7.495670995670996
YOR265W,0.0,0.0,0.0,0.0,1,0,0.0
YOR349W,0.0,0.0,0.0,0.0,2,0,0.0
YML054C,1.0,1.125,2.0,2.1142857142857143,2,0,2.125
YGR191W,0.0,0.0,0.0,0.0,1,1,0.0
YIL026C,0.0,0.0,0.0,0.0,2,1,0.0
YDL003W,0.0,0.0,0.0,0.0,2,1,0.0
YER147C,0.0,0.0,0.0,0.0,1,1,0.0
YMR197C,0.2,0.7083333333333333,4.0,3.666666666666667,5,1,1.7083333333333333
YDR468C,0.0,0.0,0.0,0.0,3,1,0.0
YKL006CA,0.0,0.0,0.0,0.0,1,0,0.0
YBL047C,0.0,0.0,0.0,0.0,1,0,0.0
YJR042W,0.5333333333333333,3.652071437334595,14.591666666666667,39.17857142857143,10,1,4.652071437334595
YDR101C,0.0,0.0,0.0,0.0,2,0,0.0
YOR204W,0.0,0.0,0.0,0.0,1,1,0.0
YAR002W,0.10714285714285714,0.47665569724393253,8.194444444444443,0.0,8,0,0.7014360948398641
YNL049C,0.0,0.0,0.0,0.0,3,0,0.0
YPL125W,0.16666666666666666,0.10263157894736842,4.0,2.023809523809524,4,1,1.1026315789473684
YNL273W,0.0,0.0,0.0,0.0,2,0,0.0
YPL169C,0.0,0.0,0.0,0.0,4,1,0.0
YOL144W,0.0,0.0,0.0,0.0,1,1,0.0
YOL149W,0.0,0.0,0.0,0.0,5,1,0.0
YCL008C,0.3,0.8769230769230769,0.0,1.6,5,0,1.876923076923077
YPL065W,1.0,0.35,0.0,1.6666666666666667,2,0,1.35
YJL172W,1.0,0.35,0.0,0.0,2,0,1.35
YDR092W,0.0,0.0,0.0,0.0,1,0,0.0
YLR032W,0.0,0.0,0.0,0.0,2,0,0.0
YHR195W,0.0,0.0,0.0,0.0,1,0,0.0
YEL005C,0.0,0.0,0.0,0.0,1,0,0.0
YDR473C,1.0,0.08423913043478261,0.0,3.0,2,1,1.0842391304347827
YBR055C,0.0,0.0,0.0,4.0,1,1,1.0
YGR091W,0.0,0.0,0.0,0.0,1,1,0.0
YOL113W,0.0,0.0,0.0,6.857142857142857,1,0,1.0
YDR498C,1.0,0.39215686274509803,2.9166666666666665,2.6944444444444446,2,1,1.392156862745098
YGL145W,0.0,0.0,0.0,0.0,1,1,0.0
YBR155W,0.3333333333333333,0.7333333333333334,0.0,2.6,4,1,1.7333333333333334
YHR089C,0.3333333333333333,0.8333333333333333,0.0,1.5,3,1,1.8333333333333333
YHR072WA,0.16666666666666666,0.6666666666666666,0.0,2.1666666666666665,4,0,1.6666666666666665
YCL054W,0.0,0.0,0.0,0.0,1,1,0.0
YOR310C,0.3333333333333333,0.8333333333333333,2.0,3.0416666666666665,3,1,1.8333333333333333
YKL148C,0.8333333333333334,3.333333333333333,4.0,3.7857142857142856,4,0,4.333333333333333
YLL041C,0.8333333333333334,3.333333333333333,4.0,3.7857142857142856,4,0,4.333333333333333
YKL141W,0.8333333333333334,3.333333333333333,4.0,0.5714285714285714,4,1,3.583333333333333
YOR069W,0.5,2.5,4.0625,9.114285714285714,5,0,3.5
YJL154C,0.8333333333333334,3.083333333333333,8.0,4.285714285714286,4,0,4.083333333333333
YOR132W,1.0,1.833333333333333,4.0625,2.0,3,0,2.833333333333333
YHR012W,1.0,1.833333333333333,0.0,4.8,3,0,2.833333333333333
YJL053W,0.8333333333333334,3.083333333333333,0.0,4.257142857142857,4,0,4.083333333333333
YPR135W,0.0,0.0,0.0,0.0,1,0,0.0
YML069W,0.0,0.0,0.0,0.0,1,1,0.0
YMR038C,0.0,0.0,0.0,3.7142857142857135,1,0,1.0
YJR104C,0.0,0.0,0.0,0.0,1,0,0.0
YAL038W,0.0,0.0,0.0,0.0,2,1,0.0
YNL307C,0.0,0.0,0.0,0.0,4,0,0.0
YHR056C,0.0,0.0,0.0,0.0,1,0,0.0
YDR303C,0.0,0.0,0.0,0.0,1,1,0.0
YOR361C,0.7619047619047619,4.634615384615385,17.5,45.833333333333336,7,1,5.634615384615385
YIL071C,1.0,0.29166666666666663,1.0,6.0,2,0,1.2916666666666665
YBR079C,0.4444444444444444,3.7596153846153846,17.5,24.069444444444446,9,1,4.759615384615385
YLR394W,0.06666666666666667,0.4,2.25,4.6,6,0,1.4
YGL249W,0.0,0.0,0.0,0.0,1,0,0.0
YER095W,0.7,3.25,3.75,13.209523809523809,5,0,4.25
YDR004W,0.4666666666666667,2.8000000000000003,16.0,20.22380952380952,6,0,3.8000000000000003
YDL154W,0.0,0.0,0.0,0.0,2,0,0.0
YMR224C,0.3333333333333333,0.625,0.0,0.0,3,0,1.1583333333333332
YJL090C,0.0,0.0,0.0,2.6,2,1,1.0
YKL108W,0.0,0.0,0.0,16.88888888888889,2,1,1.0
YGL236C,0.0,0.0,0.0,0.0,1,1,0.0
YMR023C,0.7428571428571429,10.917293233082708,36.0,35.898809523809526,15,0,11.917293233082708
YGL213C,0.0,0.0,0.0,3.0,2,1,1.0
YIL106W,0.8461538461538461,9.686950549450549,45.66666666666667,60.742857142857154,13,1,10.686950549450549
YDL028C,0.0,0.0,0.0,0.0,1,1,0.0
YOR297C,1.0,1.5,3.0,2.875,3,1,2.5
YJL054W,0.8,3.2578947368421054,3.0,4.675,5,1,4.257894736842106
YBR091C,0.8,3.2578947368421054,3.0,6.4,5,1,4.257894736842106
YOL018C,0.0,0.0,0.0,0.0,2,0,0.0
YOR327C,0.0,0.0,0.0,0.0,3,0,0.0
YMR017W,0.0,0.0,0.0,0.0,3,0,0.0
YDR510W,0.0,0.0,0.0,0.7272727272727273,4,1,1.0
YLR006C,0.0,0.0,0.0,0.0,1,0,0.0
YDL235C,0.0,0.0,0.0,0.0,2,1,0.0
YBL017C,0.0,0.0,0.0,0.0,1,0,0.0
YGL006W,0.0,0.0,0.0,0.0,1,0,0.0
YHR090C,1.0,1.0666666666666667,0.0,0.0,2,0,2.0041666666666664
YOR244W,1.0,1.0666666666666667,0.0,0.0,2,1,2.0041666666666664
YKR010C,0.0,0.0,0.0,0.0,1,0,0.0
YFR037C,0.8444444444444444,7.077758352758353,10.0,29.24836601307189,10,1,8.077758352758353
YHR060W,1.0,1.0625,0.0,1.0,2,0,2.0036764705882355
YKL119C,1.0,1.0625,0.0,1.0,2,0,2.0036764705882355
YLR396C,0.6666666666666666,2.208333333333333,15.0,4.041666666666666,4,0,3.208333333333333
YLR148W,0.4,1.875,5.111111111111111,4.4,5,0,2.875
YDR183W,0.0,0.0,0.0,0.0,1,0,0.0
YOR281C,0.0,0.0,0.0,0.0,1,1,0.0
YGL003C,0.0,0.0,0.0,11.333333333333334,4,1,1.0
YJL035C,0.0,0.0,0.0,0.0,1,1,0.0
YLR316C,0.0,0.0,0.0,0.0,1,1,0.0
YHR172W,0.6666666666666666,1.6,3.4444444444444446,2.0404040404040407,3,1,2.6
YNL126W,0.6666666666666666,1.6,3.4444444444444446,1.2222222222222223,3,1,2.363888888888889
YNL188W,0.0,0.0,0.0,0.0,2,1,0.0
YGL061C,0.02564102564102564,0.2175032175032175,3.0,2.0,13,1,1.2175032175032174
YAL013W,0.0,0.0,0.0,0.0,1,0,0.0
YIR004W,0.0,0.0,0.0,0.0,2,1,0.0
YMR012W,0.0,0.0,0.0,0.0,1,0,0.0
YGR120C,0.1,0.3125,1.9444444444444444,2.5142857142857142,5,1,1.3125
YGL036W,0.0,0.0,0.0,0.0,1,0,0.0
YER069W,0.0,0.0,0.0,0.0,1,0,0.0
YJL071W,0.0,0.0,0.0,0.0,1,0,0.0
YOL115W,1.0,0.18382352941176472,5.833333333333333,0.0,2,0,1.1838235294117647
YDL127W,0.0,0.0,0.0,0.0,1,0,0.0
YDL179W,0.0,0.0,0.0,0.0,1,0,0.0
YLR010C,0.0,0.0,0.0,0.0,2,1,0.0
YDL220C,0.0,0.0,0.0,5.333333333333333,3,1,1.0
YLR233C,0.3333333333333333,1.0,0.0,0.0,3,0,1.3333333333333333
YPL049C,0.0,0.0,0.0,2.0,2,0,1.0
YDR480W,0.0,0.0,0.0,0.0,2,0,0.0
YDR457W,0.0,0.0,0.0,0.0,2,0,0.0
YCL059C,0.0,0.0,0.0,0.0,1,1,0.0
YJL089W,0.5238095238095238,3.0119047619047614,82.03333333333333,17.25,7,0,4.011904761904761
YMR280C,0.0,0.0,0.0,2.2857142857142856,1,0,1.0
YNL068C,0.0,0.0,0.0,0.0,1,0,0.0
YPL126W,0.0,0.0,0.0,2.333333333333333,1,1,1.0
YJL076W,0.3333333333333333,0.14835164835164835,2.0,0.0,3,1,1.1483516483516483
YFL028C,0.9102564102564102,10.435897435897436,158.475,50.84761904761905,13,0,11.435897435897436
YDR443C,0.4727272727272727,3.9228479853479854,63.333333333333336,45.0,11,0,4.922847985347985
YAL021C,0.7619047619047619,10.951190476190476,178.475,54.96666666666667,15,0,11.951190476190476
YKR036C,0.8351648351648352,10.838690476190477,79.66666666666666,110.01666666666668,14,0,11.838690476190477
YCR093W,0.4380952380952381,9.095125164690382,182.475,62.10128205128205,21,1,10.095125164690382
YNL236W,0.8268398268398268,17.252330133634484,21.0,127.79285714285716,22,0,18.252330133634484
YOR140W,0.3333333333333333,0.3180735930735931,4.0,4.321428571428571,4,0,1.3180735930735932
YBL093C,0.7549407114624506,16.715533596837943,21.0,131.82380952380953,23,0,17.715533596837943
YFR021W,0.0,0.0,0.0,0.0,8,0,0.0
YHR103W,0.0,0.0,0.0,0.0,1,0,0.0
YCL063W,0.0,0.0,0.0,0.0,1,0,0.0
YML059C,0.0,0.0,0.0,0.0,1,0,0.0
YNR058W,0.0,0.0,0.0,0.0,1,0,0.0
YLR094C,0.0,0.0,0.0,0.0,1,0,0.0
YGR097W,0.0,0.0,0.0,0.0,1,0,0.0
YPR115W,0.0,0.0,0.0,0.0,2,0,0.0
YIL129C,0.0,0.0,0.0,0.0,1,1,0.0
YLR228C,0.0,0.0,0.0,0.0,1,0,0.0
YDR259C,0.0,0.0,0.0,0.0,1,0,0.0
YOR250C,0.6,2.2785714285714285,12.0,4.0,5,1,3.2785714285714285
YOR341W,0.8681318681318682,9.15966197545145,29.0,25.261507936507936,14,1,10.15966197545145
YPR072W,0.6,9.245238095238093,155.475,81.1984126984127,16,0,10.245238095238093
YGR140W,0.4,1.3928571428571428,2.583333333333333,2.5955882352941178,5,1,2.392857142857143
YLR175W,0.0,0.0,0.0,0.0,2,1,0.0
YMR168C,0.5,1.2619047619047619,7.791666666666666,0.0,4,1,1.6581311769991016
YBR066C,0.0,0.0,0.0,0.0,1,0,0.0
YGR233C,0.0,0.0,0.0,0.0,1,0,0.0
YCR073C,1.0,0.05202702702702703,0.0,0.0,2,0,1.052027027027027
YDR394W,0.946031746031746,32.81518092596398,80.66666666666666,345.94047619047626,36,1,33.81518092596398
YDR073W,0.8,5.636075036075036,72.33333333333334,17.22222222222222,10,0,6.636075036075036
YDR427W,0.815114709851552,31.473270065407434,0.0,389.0499999999999,39,1,32.47327006540743
YMR314W,0.9444444444444444,32.760968471751525,80.66666666666667,380.1,36,1,33.760968471751525
YDL084W,0.0,0.0,0.0,0.0,1,1,0.0
YER008C,0.5357142857142857,4.071428571428572,0.0,3.0416666666666665,8,1,4.818504594820385
YJR048W,0.0,0.0,0.0,0.0,1,0,0.0
YKR066C,0.16666666666666666,0.6666666666666666,2.0,1.6,4,0,1.6666666666666665
YPR154W,0.005263157894736842,0.02411038489469862,0.0,0.0,20,0,0.2424046144444767
YCL034W,0.0,0.0,0.0,0.0,2,0,0.0
YKL152C,0.0,0.0,0.0,0.0,3,1,0.0
YGR021W,0.0,0.0,0.0,0.0,1,0,0.0
YDR213W,0.0,0.0,0.0,0.0,1,0,0.0
YMR131C,0.0,0.0,0.0,0.0,1,1,0.0
YOR063W,0.9518217404396266,77.991010857821,146.0,19.066666666666663,82,1,78.23548347661325
YAL017W,0.0,0.0,0.0,0.0,1,0,0.0
YAL031C,0.0,0.0,0.0,0.0,1,0,0.0
YAR044W,0.0,0.0,0.0,0.0,1,0,0.0
YGL234W,0.0,0.0,0.0,0.0,1,0,0.0
YGR070W,0.0,0.0,0.0,0.0,1,0,0.0
YIL156W,0.5,0.3607466063348416,11.333333333333334,0.0,4,0,1.3607466063348417
YKL105C,0.0,0.0,0.0,0.0,1,0,0.0
YHL002W,0.04395604395604396,0.5188034188034187,7.666666666666666,2.6666666666666665,14,0,1.5188034188034187
YKL213C,0.0,0.0,0.0,0.0,1,0,0.0
YKR023W,0.0,0.0,0.0,0.0,1,0,0.0
YLR096W,0.0,0.0,0.0,0.0,1,0,0.0
YLR450W,0.16666666666666666,0.6666666666666666,1.3333333333333333,1.7142857142857142,4,0,1.6666666666666665
YNR033W,0.0,0.0,0.0,0.0,1,0,0.0
YJL020C,0.07352941176470588,1.1114705882352942,6.5,0.0,17,0,1.177625655713463
YOR081C,0.0,0.0,0.0,0.0,1,0,0.0
YPR112C,0.0,0.0,0.0,0.0,1,1,0.0
YNL020C,0.0,0.0,0.0,0.0,1,1,0.0
YDL129W,0.0,0.0,0.0,0.0,1,0,0.0
YIR003W,0.0,0.0,0.0,0.0,2,0,0.0
YJR056C,0.0,0.0,0.0,0.0,1,0,0.0
YNL078W,0.0,0.0,0.0,0.0,2,0,0.0
YLR064W,0.0,0.0,0.0,0.0,3,0,0.0
YGL104C,0.3333333333333333,0.09903381642512077,0.0,0.0,3,0,1.0990338164251208
YDL146W,0.0,0.0,0.0,0.0,1,0,0.0
YMR253C,0.3333333333333333,0.09903381642512077,0.0,0.0,3,0,1.0990338164251208
YNR037C,0.0,0.0,0.0,0.0,1,0,0.0
YNL054W,0.0,0.0,0.0,0.0,1,0,0.0
YPR008W,0.0,0.0,0.0,0.0,1,0,0.0
YNL058C,0.0,0.0,0.0,0.0,1,0,0.0
YNL075W,0.0,0.0,0.0,0.0,1,1,0.0
YBL071C,0.0,0.0,0.0,0.0,1,0,0.0
YHL027W,0.0,0.0,0.0,0.0,2,0,0.0
YHR156C,0.0,0.0,0.0,0.0,1,0,0.0
YKR069W,0.0,0.0,0.0,0.0,2,0,0.0
YOR247W,0.0,0.0,0.0,0.0,2,0,0.0
YGR192C,0.0,0.0,0.0,0.0,1,0,0.0
YML035C,0.0,0.0,0.0,0.0,1,0,0.0
YOR057W,0.0,0.0,0.0,0.0,1,1,0.0
YLR025W,0.3333333333333333,0.8333333333333333,0.0,0.0,3,0,1.2333333333333334
YER082C,0.0,0.0,0.0,0.0,1,1,0.0
YNL139C,0.0,0.0,0.0,0.0,1,0,0.0
YNL152W,0.0,0.0,0.0,0.0,1,1,0.0
YAR014C,0.0,0.0,0.0,0.0,6,0,0.0
YIL045W,0.0,0.0,0.0,0.0,2,0,0.0
YMR071C,0.0,0.0,0.0,0.0,1,1,0.0
YNL333W,0.0,0.0,0.0,0.0,1,0,0.0
YGR136W,0.0,0.0,0.0,0.0,1,0,0.0
YMR275C,0.0,0.0,0.0,0.0,1,0,0.0
YIL108W,0.0,0.0,0.0,0.0,1,0,0.0
YPL112C,0.0,0.0,0.0,0.0,1,0,0.0
YBR101C,0.0,0.0,0.0,0.0,2,0,0.0
YOL038W,0.9444444444444444,32.760968471751525,80.66666666666667,331.2404761904762,36,1,33.760968471751525
YKL150W,0.0,0.0,0.0,0.0,1,0,0.0
YDR369C,0.3333333333333333,0.625,0.0,0.6666666666666666,3,0,1.625
YGL090W,0.0,0.0,0.0,6.0,2,0,1.0
YMR127C,0.8333333333333334,2.2974358974358973,2.0,16.40833333333333,4,0,3.2974358974358973
YDR181C,0.8333333333333334,2.2974358974358973,12.5,22.2,4,0,3.2974358974358973
YPR105C,1.0,0.1875,1.9444444444444444,2.0,2,1,1.1875
YER157W,0.2222222222222222,1.3728991596638656,12.183333333333332,15.335714285714287,9,1,2.3728991596638656
YNL007C,0.0,0.0,0.0,0.0,1,1,0.0
YIL095W,1.0,0.21014492753623187,9.45,0.0,2,0,1.210144927536232
YNL039W,0.6666666666666666,0.7166666666666667,3.0,2.288235294117647,3,1,1.7166666666666668
YNL258C,0.0,0.0,0.0,0.0,1,1,0.0
YFR051C,0.8,7.384873949579833,30.5,41.32539682539682,11,1,8.384873949579834
YNL288W,0.0,0.0,0.0,0.0,2,0,0.0
YJR134C,0.0,0.0,0.0,0.0,1,0,0.0
YLR262C,0.03571428571428571,0.19090909090909092,3.0,1.818181818181818,8,0,1.190909090909091
YGR100W,0.0,0.0,0.0,0.0,1,0,0.0
YJL029C,0.0,0.0,0.0,0.0,1,0,0.0
YDR027C,0.0,0.0,0.0,0.0,2,0,0.0
YDR484W,0.0,0.0,0.0,0.0,1,0,0.0
YLR109W,0.0,0.0,0.0,1.6,1,0,1.0
YHR183W,0.0,0.0,0.0,1.6,1,0,1.0
YNL014W,0.0,0.0,0.0,0.0,1,0,0.0
YKL073W,0.0,0.0,0.0,0.0,1,0,0.0
YEL024W,0.7777777777777778,7.0,6.0,20.666666666666668,9,0,8.0
YGL137W,0.8181818181818182,7.523762838468722,34.0,46.3095238095238,11,1,8.523762838468722
YLL011W,0.0,0.0,0.0,0.0,1,1,0.0
YDR214W,0.0,0.0,0.0,0.0,1,0,0.0
YGL121C,0.3333333333333333,1.3333333333333333,14.833333333333334,34.0,4,0,2.333333333333333
YHR033W,0.0,0.0,0.0,0.0,1,0,0.0
YKL056C,0.0,0.0,0.0,0.0,1,0,0.0
YDR155C,0.0,0.0,0.0,0.0,2,0,0.0
YER164W,0.0,0.0,0.0,0.0,1,0,0.0
YFL024C,0.0,0.0,0.0,0.0,1,1,0.0
YAR002CA,0.0,0.0,0.0,0.0,1,0,0.0
YHR174W,0.0,0.0,0.0,0.0,1,0,0.0
YNL006W,0.0,0.0,0.0,2.0,2,1,1.0
YCR012W,0.0,0.0,0.0,0.0,1,1,0.0
YGR292W,0.0,0.0,0.0,0.0,1,0,0.0
YBR299W,0.0,0.0,0.0,0.0,1,0,0.0
YJL138C,0.0,0.0,0.0,0.0,4,0,0.0
YDR097C,0.0,0.0,0.0,0.0,3,0,0.0
YHL024W,0.0,0.0,0.0,0.0,3,0,0.0
YHR047C,0.0,0.0,0.0,0.0,1,0,0.0
YCR057C,0.0,0.0,0.0,0.0,1,1,0.0
YLR176C,0.0,0.0,0.0,0.0,1,0,0.0
YMR234W,0.0,0.0,0.0,0.0,1,0,0.0
YBR169C,0.0,0.0,0.0,0.0,1,0,0.0
YBL032W,0.0,0.0,0.0,0.0,1,0,0.0
YBL051C,0.0,0.0,0.0,0.0,1,0,0.0
YOR210W,0.5052910052910053,14.113756613756612,82.0,106.49444444444444,28,1,15.113756613756612
YHL021C,0.0,0.0,0.0,0.0,1,0,0.0
YAL035W,0.0,0.0,0.0,0.0,1,1,0.0
YPL178W,0.0,0.0,0.0,0.0,2,0,0.0
YER173W,0.0,0.0,0.0,5.428571428571429,5,0,1.0
YHR079CA,0.0,0.0,0.0,0.0,1,0,0.0
YHR119W,0.0,0.0,0.0,1.181818181818182,3,0,1.0
YBR258C,0.0,0.0,0.0,0.0,6,0,0.0
YKL018W,0.04395604395604396,0.6153846153846154,2.0,5.314285714285714,14,1,1.6153846153846154
YLR015W,0.0,0.0,0.0,0.0,2,0,0.0
YBR175W,0.0,0.0,0.0,0.0,2,0,0.0
YDR469W,0.0,0.0,0.0,0.0,1,0,0.0
YDR301W,1.0,1.6538461538461537,8.5,6.6,3,1,2.6538461538461537
YLR115W,1.0,1.6538461538461537,8.5,7.75,3,1,2.6538461538461537
YLR277C,0.5,1.9807692307692308,13.5,7.035714285714286,5,1,2.980769230769231
YAL043C,0.6666666666666666,1.0769230769230769,5.5,3.971428571428572,3,1,2.0769230769230766
YKL059C,0.0,0.0,0.0,0.0,1,1,0.0
YNL317W,0.0,0.0,0.0,0.0,1,1,0.0
YOR179C,0.0,0.0,0.0,0.0,1,0,0.0
YJR050W,0.0,0.0,0.0,0.0,1,0,0.0
YMR312W,0.0,0.0,0.0,0.0,4,0,0.0
YGR200C,0.0,0.0,0.0,0.0,2,0,0.0
YPL086C,0.0,0.0,0.0,0.0,2,0,0.0
YPL101W,0.0,0.0,0.0,0.0,1,0,0.0
YJR053W,0.3333333333333333,0.75,6.65,0.0,3,0,1.1944444444444444
YDR016C,0.0,0.0,0.0,0.0,3,1,0.0
YKL052C,0.0,0.0,0.0,0.0,1,1,0.0
YKR083C,0.0,0.0,0.0,0.0,1,1,0.0
YCR033W,0.0,0.0,0.0,0.0,1,0,0.0
YOL068C,0.047619047619047616,0.3333333333333333,1.0,2.571428571428571,7,0,1.3333333333333333
YGL194C,0.0,0.0,0.0,0.0,1,0,0.0
YKR029C,0.0,0.0,0.0,0.0,1,0,0.0
YDR310C,1.0,1.1666666666666667,4.5,2.321428571428571,2,0,2.166666666666667
YOR279C,1.0,1.1666666666666667,4.5,3.75,2,0,2.166666666666667
YOL108C,0.047619047619047616,0.3333333333333333,2.0,0.0,7,0,0.47619047619047616
YOL067C,1.0,0.41666666666666663,2.0,0.0,2,0,1.4166666666666665
YOR344C,0.0,0.0,0.0,0.0,1,0,0.0
YLR422W,0.0,0.0,0.0,0.0,1,0,0.0
YNR064C,0.0,0.0,0.0,0.0,1,0,0.0
YER167W,0.0,0.0,0.0,0.0,2,0,0.0
YOR298CA,0.0,0.0,0.0,0.0,1,0,0.0
YCL051W,0.0,0.0,0.0,0.0,1,0,0.0
YGR214W,0.9649122807017544,54.795682841054834,187.5,54.327777777777776,57,0,55.78714375477984
YLR177W,0.0,0.0,0.0,0.0,2,0,0.0
YDL180W,0.0,0.0,0.0,0.0,1,0,0.0
YDR319C,0.0,0.0,0.0,0.0,1,0,0.0
YER188W,0.0,0.0,0.0,0.0,1,0,0.0
YGR018C,0.0,0.0,0.0,0.0,1,0,0.0
YJL057C,0.0,0.0,0.0,0.0,1,0,0.0
YLR417W,0.0,0.0,0.0,0.0,1,0,0.0
YML038C,0.0,0.0,0.0,0.0,1,0,0.0
YMR004W,0.0,0.0,0.0,0.0,1,0,0.0
YDR311W,0.6545454545454545,6.9727272727272736,9.0,19.21989962651727,11,1,7.9727272727272736
YNL312W,0.3333333333333333,1.0,2.0,2.056140350877193,3,1,2.0
YGR104C,0.8441558441558441,17.598132881611146,22.0,126.90000000000002,22,0,18.598132881611146
YML010W,0.0,0.0,0.0,0.0,5,1,0.0
YDR138W,1.0,0.2121212121212121,2.0,0.0,2,0,1.2121212121212122
YJR094C,0.0,0.0,0.0,0.0,2,0,0.0
YJL106W,0.0,0.0,0.0,0.0,1,0,0.0
YFR028C,0.6666666666666666,1.1666666666666665,0.8,2.5,3,1,2.1666666666666665
YER070W,0.6666666666666666,2.4166666666666665,15.5,87.0,4,1,3.4166666666666665
YHR144C,0.0,0.0,0.0,0.0,1,0,0.0
YDR238C,0.9777777777777777,7.5848739495798325,30.5,51.66666666666666,10,1,8.584873949579833
YIL076W,0.9777777777777777,7.5848739495798325,30.5,41.32539682539682,10,0,8.584873949579833
YPL010W,0.9777777777777777,7.5848739495798325,30.5,62.0,10,1,8.584873949579833
YGL205W,0.0,0.0,0.0,0.0,1,0,0.0
YOR294W,0.0,0.0,0.0,0.0,2,1,0.0
YKL172W,0.0,0.0,0.0,0.0,1,1,0.0
YPL085W,0.75,4.6693306693306695,22.104166666666664,7.75,8,1,5.6693306693306695
YDR328C,0.1038961038961039,2.2857142857142856,21.833333333333336,33.40158942364824,22,1,3.2857142857142856
YJL204C,0.0,0.0,0.0,0.0,1,0,0.0
YGL149W,0.0,0.0,0.0,0.0,1,0,0.0
YBR280C,0.0,0.0,0.0,0.0,1,0,0.0
YMR258C,0.0,0.0,0.0,0.0,1,0,0.0
YDR202C,0.7333333333333333,1.4733893557422968,10.833333333333334,50.333333333333336,6,0,2.473389355742297
YDL185W,0.8166666666666667,12.818662464985998,51.75,85.90476190476191,16,0,13.818662464985998
YBR127C,0.8166666666666667,12.818662464985998,0.0,81.34826839826837,16,0,13.818662464985998
YOR332W,0.8166666666666667,12.818662464985998,51.74999999999999,156.99999999999997,16,0,13.818662464985998
YDL225W,0.0,0.0,0.0,0.0,1,0,0.0
YNL166C,0.4,1.1476190476190475,5.0,5.0,5,0,2.1476190476190475
YGL223C,0.6666666666666666,0.5,2.388888888888889,5.6,3,0,1.5
YNL041C,1.0,0.1875,2.9166666666666665,4.5,2,0,1.1875
YMR094W,0.6666666666666666,1.3761904761904762,12.291666666666666,2.0723981900452486,4,1,2.376190476190476
YOR064C,0.0,0.0,0.0,0.0,1,0,0.0
YBR049C,0.0,0.0,0.0,0.0,1,1,0.0
YHR134W,0.0,0.0,0.0,0.0,1,0,0.0
YBR193C,0.8268398268398268,17.23465336595772,24.0,115.92738095238094,22,1,18.23465336595772
YER012W,0.9024024024024024,32.54562098140402,83.66666666666667,386.0142857142857,37,1,33.54562098140402
YOR123C,0.0,0.0,0.0,0.0,2,0,0.0
YFR027W,0.0,0.0,0.0,1.5714285714285714,3,1,1.0
YMR076C,0.0,0.0,0.0,0.0,1,1,0.0
YKL022C,0.6818181818181818,8.113636363636365,79.5,21.6,12,1,9.113636363636365
YGR225W,0.0,0.0,0.0,0.0,1,0,0.0
YDL155W,0.0,0.0,0.0,0.0,1,1,0.0
YJR089W,1.0,0.2976190476190476,0.0,2.125,2,1,1.2976190476190477
YLR079W,1.0,0.17261904761904762,2.9166666666666665,5.0,2,0,1.1726190476190477
YML001W,0.16666666666666666,0.19090909090909092,9.0,0.0,4,0,1.063924963924964
YGL198W,0.18181818181818182,1.909090909090909,38.79166666666667,0.0,11,0,2.004329004329004
YKR014C,0.3333333333333333,0.19090909090909092,2.25,0.0,3,0,1.190909090909091
YNL093W,0.3333333333333333,0.19090909090909092,3.0,1.1428571428571428,3,0,1.190909090909091
YGL210W,0.3333333333333333,0.19090909090909092,4.5,0.0,3,0,1.190909090909091
YBR264C,0.3333333333333333,0.19090909090909092,3.0,2.6666666666666665,3,0,1.190909090909091
YNL304W,0.16666666666666666,0.19090909090909092,2.25,0.0,4,0,1.063924963924964
YNL263C,0.15151515151515152,1.818181818181818,10.208333333333334,0.0,12,1,1.9015151515151512
YOR089C,0.0,0.0,0.0,0.0,2,0,0.0
YGL161C,0.0,0.0,0.0,0.0,10,0,0.0
YPL255W,0.0,0.0,0.0,7.5,3,1,1.0
YGL244W,0.0,0.0,0.0,0.0,1,0,0.0
YKL110C,0.0,0.0,0.0,0.0,3,0,0.0
YHR187W,0.0,0.0,0.0,0.0,1,0,0.0
YIR011C,0.0,0.0,0.0,0.0,2,1,0.0
YKL214C,0.0,0.0,0.0,0.0,1,0,0.0
YDR381W,0.0,0.0,0.0,0.0,1,1,0.0
YOL127W,0.9515206263173743,77.9669004729263,146.0,123.79999999999998,82,1,78.9669004729263
YHL020C,0.0,0.0,0.0,0.0,2,0,0.0
YDR123C,0.0,0.0,0.0,0.0,1,1,0.0
YCR092C,0.3333333333333333,0.625,2.0,0.0,3,0,1.1583333333333332
YML021C,0.0,0.0,0.0,0.0,1,0,0.0
YCR014C,0.0,0.0,0.0,0.0,1,0,0.0
YOR005C,0.0,0.0,0.0,0.0,2,0,0.0
YLR246W,0.0,0.0,0.0,0.0,1,0,0.0
YOL110W,0.0,0.0,0.0,0.0,1,0,0.0
YGR181W,1.0,1.125,0.0,0.8333333333333334,2,0,2.013888888888889
YJR135WA,1.0,1.125,0.0,2.033333333333333,2,0,2.125
YMR276W,1.0,0.3161095305832148,0.0,9.25,4,1,1.3161095305832147
YPL122C,0.5757575757575758,6.778787878787881,16.0,25.533053221288515,12,1,7.778787878787881
YFR022W,0.0,0.0,0.0,0.0,1,0,0.0
YOR018W,0.0,0.0,0.0,0.0,1,0,0.0
YPL177C,0.0,0.0,0.0,0.0,1,0,0.0
YHR005CA,0.45263157894736844,9.05263157894737,0.0,37.898809523809526,20,0,10.05263157894737
YGR082W,0.7777777777777778,6.902777777777778,6.0,19.542857142857144,9,1,7.902777777777778
YOL034W,0.0,0.0,0.0,0.0,2,1,0.0
YLR007W,0.0,0.0,0.0,0.0,2,1,0.0
YLR383W,0.0,0.0,0.0,0.0,1,1,0.0
YBR060C,0.7705627705627706,16.826275174101266,123.0,113.20129870129868,22,1,17.826275174101266
YPL063W,1.0,1.125,2.0,0.7142857142857143,2,1,2.013888888888889
YPL011C,0.8939393939393939,7.092330133634482,23.5,61.66666666666666,12,1,8.092330133634482
YML015C,0.8939393939393939,7.092330133634482,23.5,62.16666666666666,12,1,8.092330133634482
YIL065C,0.0,0.0,0.0,0.0,1,0,0.0
YJL112W,0.0,0.0,0.0,0.0,1,0,0.0
YDR363W,0.0,0.0,0.0,0.0,1,0,0.0
YOL017W,0.0,0.0,0.0,0.0,2,0,0.0
YGR101W,0.0,0.0,0.0,0.0,1,0,0.0
YER017C,1.0,1.3333333333333333,2.0,2.225,2,0,2.333333333333333
YMR089C,1.0,1.3333333333333333,2.0,0.625,2,0,2.083333333333333
YMR239C,0.0,0.0,0.0,0.0,1,1,0.0
YLR378C,0.1,0.5,0.0,0.0,5,1,0.7
YIL162W,0.0,0.0,0.0,0.0,3,0,0.0
YBR283C,0.0,0.0,0.0,0.0,1,0,0.0
YER020W,0.3333333333333333,1.3333333333333333,1.8333333333333333,11.90952380952381,4,0,2.333333333333333
YDL035C,0.0,0.0,0.0,0.0,1,0,0.0
YAL056W,1.0,0.6666666666666666,4.666666666666667,12.142857142857142,2,0,1.6666666666666665
YNR006W,0.0,0.0,0.0,0.0,1,0,0.0
YPR161C,0.0,0.0,0.0,0.0,1,1,0.0
YHR160C,0.0,0.0,0.0,0.0,2,0,0.0
YGR239C,0.0,0.0,0.0,0.0,2,0,0.0
YIL160C,0.0,0.0,0.0,0.0,2,0,0.0
YMR219W,0.0,0.0,0.0,0.0,1,0,0.0
YBR024W,0.0,0.0,0.0,0.0,1,1,0.0
YBR037C,0.0,0.0,0.0,0.0,1,0,0.0
YDL201W,0.0,0.0,0.0,0.0,1,0,0.0
YDR165W,0.0,0.0,0.0,0.0,1,0,0.0
YDL014W,0.16666666666666666,0.6666666666666666,2.0,3.0416666666666665,4,1,1.6666666666666665
YGR159C,0.0,0.0,0.0,0.0,1,1,0.0
YNL124W,1.0,0.8333333333333333,0.0,0.6666666666666666,2,1,1.8333333333333333
YIR026C,0.0,0.0,0.0,0.0,1,0,0.0
YGR103W,0.0,0.0,0.0,0.0,1,1,0.0
YDL217C,0.8,3.2578947368421054,3.0,6.6,5,1,4.257894736842106
YGR284C,0.0,0.0,0.0,0.0,1,0,0.0
YPL195W,0.4,1.875,5.277777777777778,0.0,5,0,2.0883333333333334
YDR080W,0.0,0.0,0.0,0.0,1,0,0.0
YGR113W,1.0,0.75,2.0,1.1428571428571428,2,1,1.75
YLR256W,0.0,0.0,0.0,0.0,3,0,0.0
YCL037C,0.0,0.0,0.0,0.0,1,0,0.0
YPR018W,1.0,1.4871794871794872,8.5,6.699999999999999,3,0,2.4871794871794872
YBR131W,0.0,0.0,0.0,0.0,1,0,0.0
YMR022W,0.0,0.0,0.0,2.0,1,0,1.0
YOL013C,0.6666666666666666,1.5,3.583333333333333,0.5833333333333334,3,0,1.9444444444444444
YML075C,1.0,0.8333333333333333,1.3333333333333333,0.0,2,0,1.8333333333333333
YLR453C,0.0,0.0,0.0,0.0,1,0,0.0
YBR103W,0.0,0.0,0.0,0.0,1,0,0.0
YGR222W,0.7428571428571429,10.917293233082706,19.0,44.23452380952381,15,0,11.917293233082706
YER153C,0.0,0.0,0.0,0.0,1,0,0.0
YNR045W,0.0,0.0,0.0,0.0,1,0,0.0
YHR069C,0.7142857142857143,4.8809523809523805,9.63888888888889,15.062626262626262,7,1,5.8809523809523805
YGL001C,0.0,0.0,0.0,0.0,1,1,0.0
YLR100W,0.0,0.0,0.0,0.0,1,1,0.0
YOR020C,0.0,0.0,0.0,5.333333333333333,1,1,1.0
YLR259C,0.0,0.0,0.0,0.0,1,1,0.0
YHR015W,0.0,0.0,0.0,0.0,1,0,0.0
YCL052C,0.0,0.0,0.0,0.0,1,1,0.0
MEL1,0.0,0.0,0.0,0.0,1,0,0.0
YFL035C,0.0,0.0,0.0,0.0,4,1,0.0
YDR490C,0.0,0.0,0.0,0.0,1,0,0.0
YLR466W,0.0,0.0,0.0,0.0,1,0,0.0
YDR326C,0.0,0.0,0.0,0.0,1,0,0.0
YER007C,0.0,0.0,0.0,0.0,1,0,0.0
YCRX16C,0.0,0.0,0.0,0.0,5,0,0.0
YER150W,0.0,0.0,0.0,0.0,1,0,0.0
YCL062W,0.0,0.0,0.0,0.0,7,0,0.0
YIR016W,0.0,0.0,0.0,0.0,1,0,0.0
YJL043W,0.0,0.0,0.0,0.0,1,0,0.0
YJL173C,0.3333333333333333,1.0,2.0,3.8,3,1,2.0
YCL012W,0.0,0.0,0.0,0.0,2,0,0.0
YIL104C,0.0,0.0,0.0,0.0,1,1,0.0
YJR092W,0.0,0.0,0.0,0.0,1,0,0.0
YCR048W,0.0,0.0,0.0,0.0,1,0,0.0
YCLX08C,0.0,0.0,0.0,0.0,5,0,0.0
YCL067C,0.0,0.0,0.0,0.0,1,1,0.0
YCR059C,0.0,0.0,0.0,0.0,2,0,0.0
YHRS03C,0.0,0.0,0.0,0.0,1,0,0.0
YKL002W,0.0,0.0,0.0,0.0,1,0,0.0
YHR055C,0.0,0.0,0.0,0.0,1,0,0.0
YKR092C,0.0,0.0,0.0,0.0,1,0,0.0
YLR160C,0.0,0.0,0.0,0.0,4,0,0.0
YLR265C,0.0,0.0,0.0,0.0,1,0,0.0
YLR373C,0.0,0.0,0.0,0.0,1,0,0.0
SSR1,0.0,0.0,0.0,0.0,2,0,0.0
YPL149W,0.0,0.0,0.0,0.0,1,0,0.0
YOL117W,0.0,0.0,0.0,0.0,1,0,0.0
YOL132W,0.0,0.0,0.0,0.0,1,0,0.0
YPL005W,0.0,0.0,0.0,0.0,1,0,0.0
YLR337W,0.42857142857142855,0.954419306184012,0.0,0.0,7,0,1.4034582409525842
YPL249C,0.0,0.0,0.0,0.0,1,0,0.0
YKL190W,1.0,1.1,0.0,1.6666666666666667,2,0,2.1
YML057W,1.0,1.1,0.0,5.4,2,0,2.1
YJL164C,1.0,2.5,0.0,12.5,3,1,3.5
YKL166C,1.0,2.5,0.0,11.145454545454545,3,1,3.5
YPL203W,1.0,2.5,0.0,5.940909090909091,3,1,3.5
YER123W,1.0,2.6666666666666665,5.866666666666667,3.333333333333333,3,0,3.6666666666666665
YHR135C,1.0,2.6666666666666665,10.444444444444445,2.4,3,0,3.5666666666666664
YNL154C,1.0,2.6666666666666665,15.6,2.2666666666666666,3,0,3.5166666666666666
YDL143W,1.0,6.571428571428571,7.0,4.0,7,1,7.180124223602484
YDR188W,1.0,6.571428571428571,7.0,4.0,7,1,7.180124223602484
YIL142W,1.0,6.571428571428571,7.0,9.0,7,1,7.571428571428571
YJL014W,1.0,6.571428571428571,7.0,7.0,7,1,7.571428571428571
YJL111W,1.0,6.571428571428571,7.0,4.0,7,1,7.180124223602484
YJL006C,1.0,1.5,3.0,2.433333333333333,2,0,2.5
YKL139W,1.0,1.5,1.9444444444444444,2.2666666666666666,2,1,2.5
YIL068C,1.0,4.714285714285715,15.166666666666664,3.0416666666666665,6,1,5.359487734487735
YLR166C,1.0,4.714285714285715,0.0,13.333333333333332,6,1,5.714285714285715
YKL182W,0.0,0.0,0.0,0.0,1,1,0.0
YPL231W,0.0,0.0,0.0,0.0,1,1,0.0
YEL003W,1.0,3.35,0.0,3.619047619047619,4,0,4.35
YGR078C,1.0,3.35,0.0,5.166666666666667,4,0,4.35
YML094W,1.0,3.35,0.0,3.619047619047619,4,0,4.35
YDL090C,0.0,0.0,0.0,0.0,1,0,0.0
YKL019W,0.0,0.0,0.0,0.0,2,1,0.0
YGL155W,0.0,0.0,0.0,0.0,1,1,0.0
YJL031C,1.0,0.8333333333333333,0.0,1.6666666666666667,2,1,1.8333333333333333
YCR034W,1.0,1.0,12.6,0.0,2,0,2.0
YGR143W,0.0,0.0,0.0,0.0,1,0,0.0
YAL044C,1.0,2.333333333333333,0.0,0.0,3,0,2.761904761904762
YDR019C,1.0,2.333333333333333,0.0,0.0,3,0,2.761904761904762
YFL018C,0.42857142857142855,3.0,4.0,2.638888888888889,7,0,3.8796296296296298
YMR189W,1.0,2.3333333333333335,0.0,0.0,3,0,2.761904761904762
YEL017CA,1.0,2.6666666666666665,0.0,0.0,3,0,3.0416666666666665
YGL008C,1.0,2.6666666666666665,0.0,0.0,3,1,3.0416666666666665
YPL036W,1.0,2.6666666666666665,0.0,0.0,3,0,3.0416666666666665
YDL184WB,1.0,13.0343487394958,0.0,61.35194805194806,14,0,14.0343487394958
YEL027W,1.0,13.0343487394958,36.66666666666667,61.35194805194806,14,0,14.0343487394958
YHR026W,1.0,13.0343487394958,65.33333333333334,61.35194805194806,14,0,14.0343487394958
YKL080W,1.0,13.0343487394958,36.66666666666667,172.5,14,0,14.0343487394958
YLR447C,1.0,13.0343487394958,36.66666666666667,61.35194805194806,14,0,14.0343487394958
YMR054W,1.0,13.0343487394958,6.666666666666668,69.2904761904762,14,0,14.0343487394958
YPL234C,1.0,13.0343487394958,36.666666666666664,81.85000000000001,14,0,14.0343487394958
YPR036W,1.0,13.0343487394958,36.666666666666664,104.0,14,0,14.0343487394958
YEL056W,0.0,0.0,0.0,0.0,1,0,0.0
YPL001W,0.0,0.0,0.0,0.0,1,0,0.0
YOL148C,1.0,9.245525870010995,13.0,111.2,13,0,10.245525870010995
YPL254W,1.0,9.245525870010995,13.0,111.16666666666669,13,0,10.245525870010995
YBR081C,1.0,9.245525870010995,13.0,45.76175520386047,13,0,10.245525870010995
YLR055C,1.0,9.245525870010995,13.0,91.93333333333332,13,0,10.245525870010995
YMR263W,1.0,0.30000000000000004,4.5,3.125,2,0,1.3
YNL037C,0.0,0.0,0.0,0.0,1,0,0.0
YOR136W,0.0,0.0,0.0,0.0,1,0,0.0
YLR170C,1.0,2.5,4.016666666666667,5.333333333333333,3,0,3.5
YPL259C,1.0,2.5,13.0,9.333333333333334,3,0,3.5
YPR029C,1.0,2.5,7.033333333333333,3.416666666666666,3,0,3.5
YJR058C,1.0,2.1666666666666665,3.5,2.5,3,0,3.1666666666666665
YOL062C,1.0,2.1666666666666665,4.5,2.05,3,0,3.1128205128205124
YBR288C,1.0,2.0,3.0,0.0,3,0,2.5
YJL024C,1.0,2.0,3.0,0.0,3,0,2.5
YDL195W,1.0,4.812187812187812,35.69444444444444,7.75,7,1,5.812187812187812
YLR208W,0.4696969696969697,5.418581418581418,12.658333333333333,15.63690476190476,12,1,6.418581418581418
YML012W,1.0,4.812187812187812,35.69444444444444,27.0,7,0,5.812187812187812
YBR254C,1.0,9.0,21.25,38.6,9,1,10.0
YDR108W,1.0,9.0,0.0,19.93015873015873,9,0,10.0
YDR246W,1.0,9.0,21.25,29.923809523809524,9,1,10.0
YDR407C,1.0,9.0,38.0,21.97460317460317,9,1,10.0
YDR472W,1.0,9.0,21.25,34.266666666666666,9,1,10.0
YGR166W,1.0,9.0,10.0,21.97460317460317,9,0,10.0
YKR068C,1.0,9.0,21.25,25.387301587301582,9,1,10.0
YML077W,1.0,9.0,21.25,34.266666666666666,9,1,10.0
YMR218C,1.0,9.0,38.0,21.03809523809524,9,1,10.0
YOR115C,1.0,9.0,21.25,21.97460317460317,9,0,10.0
YKL041W,1.0,0.8333333333333333,0.0,0.0,2,0,1.8333333333333333
YMR231W,1.0,2.1666666666666665,4.944444444444445,2.0041666666666664,3,0,3.0916666666666663
YPL045W,1.0,2.1666666666666665,7.5,2.0041666666666664,3,1,3.0916666666666663
YIL062C,1.0,3.5777777777777775,5.0,14.0,5,1,4.5777777777777775
YLR370C,1.0,3.5777777777777775,5.0,10.014285714285714,5,0,4.5777777777777775
YGR238C,0.0,0.0,0.0,0.0,1,0,0.0
YBR115C,0.0,0.0,0.0,0.0,1,0,0.0
YGL154C,0.0,0.0,0.0,0.0,1,0,0.0
YHR117W,1.0,7.402777777777778,6.0,42.5,8,0,8.402777777777779
YMR060C,1.0,7.402777777777778,0.0,19.93809523809524,8,0,8.402777777777779
YNL121C,1.0,7.402777777777778,6.0,18.500000000000004,8,0,8.402777777777779
YOR045W,1.0,7.402777777777778,6.0,22.9,8,0,8.402777777777779
YPR133WA,1.0,7.402777777777778,0.0,19.93809523809524,8,0,8.402777777777779
YAL009W,0.0,0.0,0.0,0.0,1,0,0.0
YHR004C,0.0,0.0,0.0,0.0,1,0,0.0
YCL009C,0.0,0.0,0.0,0.0,1,0,0.0
YMR108W,0.0,0.0,0.0,0.0,1,1,0.0
YGR072W,1.0,0.2777777777777778,4.5,0.0,2,0,1.2777777777777777
YGL100W,1.0,1.8459318459318457,7.733333333333333,24.142857142857142,5,0,2.8459318459318457
YBL002W,1.0,4.970454545454546,3.0,4.357142857142858,7,0,5.847063076384064
YBL003C,1.0,4.970454545454546,3.0,12.6,7,1,5.970454545454546
YNL030W,1.0,4.970454545454546,0.0,4.357142857142858,7,0,5.847063076384064
YNL031C,1.0,4.970454545454546,0.0,4.357142857142858,7,0,5.847063076384064
YFL022C,1.0,2.0,2.0,0.0,2,1,2.5
YLR060W,1.0,2.0,2.0,0.0,2,1,2.5
YPR047W,1.0,2.0,2.0,0.0,2,0,2.5
YGR240C,0.0,0.0,0.0,0.0,1,0,0.0
YMR150C,0.0,0.0,0.0,0.0,1,0,0.0
YHR024C,0.0,0.0,0.0,0.0,1,1,0.0
YLR163C,0.0,0.0,0.0,0.0,1,1,0.0
YDL007W,1.0,33.018111328894385,80.66666666666667,270.85,35,1,34.018111328894385
YDR069C,1.0,33.018111328894385,13.999999999999996,272.252380952381,35,0,34.018111328894385
YER021W,1.0,33.018111328894385,0.0,663.3333333333334,35,1,34.018111328894385
YER094C,1.0,33.018111328894385,80.66666666666667,379.9333333333333,35,1,34.018111328894385
YFR052W,1.0,33.018111328894385,0.0,425.6333333333336,35,1,34.018111328894385
YGL011C,1.0,33.018111328894385,80.66666666666667,433.0000000000001,35,1,34.018111328894385
YGR232W,1.0,33.018111328894385,0.0,506.9166666666666,35,0,34.018111328894385
YGR270W,1.0,33.018111328894385,0.0,270.85,35,0,34.018111328894385
YHR200W,1.0,33.018111328894385,0.0,425.8333333333335,35,0,34.018111328894385
YOR261C,1.0,33.018111328894385,0.0,674.6666666666666,35,1,34.018111328894385
YDL040C,0.0,0.0,0.0,0.0,1,0,0.0
YHR013C,0.0,0.0,0.0,0.0,1,0,0.0
YOR347C,0.0,0.0,0.0,0.0,1,0,0.0
YBR221C,1.0,3.5,4.0,12.27777777777778,4,0,4.5
YER178W,1.0,3.5,4.0,12.27777777777778,4,0,4.5
YGR193C,1.0,3.5,4.0,16.75,4,0,4.5
YNL071W,1.0,3.5,4.0,21.333333333333336,4,0,4.5
YGL032C,0.0,0.0,0.0,0.0,1,0,0.0
YNR044W,0.0,0.0,0.0,0.0,1,0,0.0
YCR052W,1.0,6.993162393162393,9.0,47.8,9,1,7.993162393162393
YIL126W,1.0,6.993162393162393,9.0,23.32843137254902,9,1,7.993162393162393
YKR008W,1.0,6.993162393162393,9.0,49.16666666666666,9,1,7.993162393162393
YMR033W,0.5367647058823529,8.806818181818182,80.33333333333333,46.248366013071895,17,1,9.806818181818182
YPR034W,0.5367647058823529,8.806818181818182,80.33333333333333,51.45000000000002,17,1,9.806818181818182
YHR118C,0.8476190476190476,17.48341803124412,123.0,44.82269309637731,21,1,18.48341803124412
YNL261W,0.8476190476190476,17.48341803124412,123.0,44.82269309637731,21,1,18.48341803124412
YPR162C,0.8476190476190476,17.48341803124412,123.0,173.7142857142857,21,1,18.48341803124412
YLR103C,0.9649122807017544,16.99373119887994,123.0,38.946069719753936,19,1,17.99373119887994
YLR274W,0.9649122807017544,16.99373119887994,63.75,66.50396445659604,19,1,17.99373119887994
YBR278W,1.0,15.893478425972704,66.0,85.22857142857144,18,0,16.893478425972702
YDL102W,1.0,15.893478425972704,66.0,33.85051834130782,18,1,16.893478425972702
YJR006W,1.0,15.893478425972704,66.0,121.28571428571428,18,1,16.893478425972702
YPR175W,1.0,15.893478425972704,34.0,33.85051834130782,18,1,16.893478425972702
YPL167C,0.0,0.0,0.0,0.0,1,0,0.0
YAR007C,1.0,1.0,2.0,0.7894736842105263,2,1,2.0
YER176W,0.0,0.0,0.0,0.0,1,0,0.0
YBL035C,1.0,1.4166666666666665,0.0,2.761904761904762,3,1,2.4166666666666665
YIL009CA,1.0,1.5,0.0,0.0,2,0,2.1666666666666665
YLR318W,1.0,1.5,0.0,0.0,2,0,2.1666666666666665
YDR178W,1.0,2.0,3.0,0.0,3,0,2.5
YBL045C,1.0,7.875,6.0,15.514285714285714,8,0,8.875
YDR529C,1.0,7.875,6.0,20.666666666666668,8,0,8.875
YFR033C,1.0,7.875,6.0,17.6,8,0,8.875
YGR183C,1.0,7.875,0.0,15.514285714285714,8,0,8.875
YHR001WA,1.0,7.875,0.0,15.514285714285714,8,0,8.875
YJL166W,1.0,7.875,6.0,20.666666666666668,8,0,8.875
YOR065W,1.0,7.875,6.0,29.33333333333333,8,0,8.875
YPR191W,1.0,7.875,6.0,16.409523809523808,8,0,8.875
YDL067C,1.0,6.857142857142858,5.0,8.533333333333333,7,1,7.857142857142858
YGL191W,1.0,6.857142857142858,0.0,8.533333333333333,7,0,7.857142857142858
YHR051W,1.0,6.857142857142858,5.0,15.66666666666667,7,0,7.857142857142858
YLR038C,1.0,6.857142857142858,5.0,10.5,7,0,7.857142857142858
YLR395C,1.0,6.857142857142858,5.0,12.083333333333334,7,0,7.857142857142858
YMR256C,1.0,6.857142857142858,0.0,8.533333333333333,7,0,7.857142857142858
YNL052W,1.0,6.857142857142858,5.0,12.083333333333334,7,0,7.857142857142858
YBR039W,1.0,13.329960317460317,12.0,54.95,14,0,14.329960317460317
YDL004W,1.0,13.329960317460317,12.0,61.5,14,1,14.329960317460317
YDR298C,1.0,13.329960317460317,12.0,76.66666666666667,14,0,14.329960317460317
YDR322CA,1.0,13.329960317460317,0.0,43.47380952380952,14,0,14.329960317460317
YDR377W,1.0,13.329960317460317,12.0,61.5,14,0,14.329960317460317
YKL016C,1.0,13.329960317460317,12.0,76.66666666666667,14,0,14.329960317460317
YML081CA,1.0,13.329960317460317,0.0,43.47380952380952,14,0,14.329960317460317
YOL077WA,1.0,13.329960317460317,0.0,43.47380952380952,14,0,14.329960317460317
YPL078C,1.0,13.329960317460317,12.0,54.75000000000001,14,0,14.329960317460317
YPL271W,1.0,13.329960317460317,12.0,61.5,14,0,14.329960317460317
YPR020W,1.0,13.329960317460317,12.0,54.55,14,0,14.329960317460317
YGR180C,1.0,2.1666666666666665,6.111111111111111,16.6,3,0,3.1666666666666665
YJL026W,1.0,2.1666666666666665,6.111111111111111,18.8,3,1,3.1666666666666665
YCR035C,1.0,5.5476190476190474,9.63888888888889,16.155555555555555,6,1,6.5476190476190474
YDL111C,1.0,5.5476190476190474,9.63888888888889,15.707892107892109,6,1,6.5476190476190474
YDR280W,1.0,5.5476190476190474,9.63888888888889,17.944444444444443,6,1,6.5476190476190474
YGR095C,1.0,5.5476190476190474,9.63888888888889,24.833333333333336,6,1,6.5476190476190474
YGR195W,1.0,5.5476190476190474,9.63888888888889,13.044488844488844,6,1,6.5476190476190474
YAL033W,1.0,8.0,12.25,7.870707070707071,8,1,8.983838383838384
YBL018C,1.0,8.0,24.0,7.870707070707071,8,1,8.983838383838384
YBR167C,1.0,8.0,24.0,10.588888888888889,8,1,9.0
YBR257W,1.0,8.0,24.0,11.333333333333334,8,1,9.0
YGR030C,1.0,8.0,24.0,10.123232323232322,8,1,9.0
YHR062C,1.0,8.0,24.0,10.58888888888889,8,1,9.0
YNL221C,1.0,8.0,12.25,9.866666666666664,8,1,9.0
YNL282W,1.0,8.0,24.0,11.444444444444445,8,1,9.0
YIR015W,1.0,8.0,0.0,7.870707070707071,8,1,8.983838383838384
YPR101W,1.0,0.41666666666666663,2.0,1.0,2,1,1.4166666666666665
YBR120C,1.0,12.268941584731058,36.0,59.083333333333336,13,0,13.268941584731058
YDL044C,1.0,12.268941584731058,36.0,35.898809523809526,13,0,13.268941584731058
YDR194C,1.0,12.268941584731058,36.0,35.898809523809526,13,0,13.268941584731058
YIR021W,1.0,12.268941584731058,36.0,61.91666666666666,13,0,13.268941584731058
YJL133W,1.0,12.268941584731058,19.0,81.16666666666667,13,0,13.268941584731058
YKR052C,1.0,12.268941584731058,19.0,78.08333333333333,13,0,13.268941584731058
YLR382C,1.0,12.268941584731058,0.0,35.898809523809526,13,0,13.268941584731058
YOR334W,1.0,12.268941584731058,19.0,35.898809523809526,13,0,13.268941584731058
YPL029W,1.0,12.268941584731058,36.0,45.1595238095238,13,0,13.268941584731058
YPR134W,1.0,12.268941584731058,36.0,106.0,13,0,13.268941584731058
YDR054C,0.7,1.5952380952380951,16.75,5.625816993464053,5,1,2.595238095238095
YDR028C,1.0,3.204761904761905,4.5,10.714285714285714,5,0,4.204761904761905
YKL193C,1.0,3.204761904761905,4.5,10.083333333333334,5,1,4.204761904761905
YER027C,1.0,3.5238095238095237,32.9,8.85,5,0,4.523809523809524
YGL115W,1.0,3.5238095238095237,45.266666666666666,5.9071428571428575,5,0,4.523809523809524
YGL208W,1.0,3.5238095238095237,15.7,5.885714285714286,5,0,4.523809523809524
YLR212C,1.0,1.0,3.0,0.8181818181818182,2,1,2.0
YGR244C,0.0,0.0,0.0,0.0,1,1,0.0
YOR142W,0.0,0.0,0.0,0.0,1,0,0.0
YIL072W,1.0,0.5833333333333333,2.25,6.0,2,0,1.5833333333333333
YDR074W,1.0,2.5,3.0,2.033333333333333,3,0,3.3133333333333335
YML100W,1.0,2.5,3.0,2.4,3,0,3.46
YMR261C,1.0,2.5,3.0,1.6666666666666667,3,0,3.166666666666667
YEL034W,0.0,0.0,0.0,0.0,1,1,0.0
YJR047C,0.0,0.0,0.0,0.0,1,0,0.0
YGR162W,0.5,1.4509803921568627,5.5,1.25,4,0,2.3124668786433493
YOL139C,1.0,0.39215686274509803,0.0,1.3333333333333333,2,1,1.392156862745098
YJR007W,1.0,1.3333333333333333,0.0,4.125,2,1,2.333333333333333
YPL237W,1.0,1.3333333333333333,0.0,2.1022727272727275,2,1,2.333333333333333
YDR211W,1.0,3.35,0.0,3.416666666666666,4,1,4.35
YGR083C,1.0,3.35,0.0,7.666666666666666,4,1,4.35
YLR291C,1.0,3.35,0.0,7.666666666666666,4,1,4.35
YDR429C,1.0,4.842948717948718,17.0,21.58055555555556,6,1,5.842948717948718
YMR146C,1.0,4.842948717948718,17.0,25.17651515151515,6,1,5.842948717948718
YMR309C,1.0,4.842948717948718,17.0,22.694444444444443,6,1,5.842948717948718
YNL062C,1.0,4.842948717948718,5.0,35.666666666666664,6,1,5.842948717948718
YKR059W,0.0,0.0,0.0,0.0,1,0,0.0
YOR276W,1.0,0.6666666666666666,2.0,6.0,2,0,1.6666666666666665
YAL003W,1.0,4.3,0.0,7.833333333333334,5,1,5.3
YKL081W,1.0,4.3,4.5,16.333333333333336,5,0,5.3
YPL048W,1.0,4.3,1.0,3.5,5,0,5.1139534883720925
YPR080W,1.0,4.3,0.0,7.833333333333334,5,0,5.3
YOR133W,0.0,0.0,0.0,0.0,1,0,0.0
YBL027W,1.0,79.74344368280285,146.0,19.066666666666663,80,0,79.98254379920249
YBL092W,1.0,79.74344368280285,146.0,291.9999999999999,80,1,80.74344368280285
YBR031W,1.0,79.74344368280285,0.0,19.066666666666663,80,0,79.98254379920249
YBR084CA,1.0,79.74344368280285,0.0,19.066666666666663,80,0,79.98254379920249
YBR191W,1.0,79.74344368280285,0.0,19.066666666666663,80,0,79.98254379920249
YDL081C,1.0,79.74344368280285,146.0,177.56666666666655,80,0,80.74344368280285
YDL082W,1.0,79.74344368280285,146.0,19.066666666666663,80,0,79.98254379920249
YDL130W,1.0,79.74344368280285,146.0,19.066666666666663,80,0,79.98254379920249
YDL133CA,1.0,79.74344368280285,0.0,19.066666666666663,80,0,79.98254379920249
YDL136W,1.0,79.74344368280285,0.0,19.066666666666663,80,0,79.98254379920249
YDL184C,1.0,79.74344368280285,0.0,19.066666666666663,80,0,79.98254379920249
YDL191W,1.0,79.74344368280285,146.0,19.066666666666663,80,0,79.98254379920249
YDR012W,1.0,79.74344368280285,74.0,19.066666666666663,80,0,79.98254379920249
YDR418W,1.0,79.74344368280285,0.0,19.066666666666663,80,0,79.98254379920249
YDR471W,1.0,79.74344368280285,0.0,19.066666666666663,80,0,79.98254379920249
YDR500C,1.0,79.74344368280285,146.0,19.066666666666663,80,0,79.98254379920249
YER056CA,1.0,79.74344368280285,0.0,19.066666666666663,80,0,79.98254379920249
YER117W,1.0,79.74344368280285,146.0,19.066666666666663,80,0,79.98254379920249
YFL034CA,1.0,79.74344368280285,0.0,19.066666666666663,80,0,79.98254379920249
YFR031CA,1.0,79.74344368280285,0.0,19.066666666666663,80,0,79.98254379920249
YFR032CA,1.0,79.74344368280285,0.0,19.066666666666663,80,0,79.98254379920249
YGL030W,1.0,79.74344368280285,146.0,19.066666666666663,80,1,79.98254379920249
YGL031C,1.0,79.74344368280285,0.0,19.066666666666663,80,0,79.98254379920249
YGL076C,1.0,79.74344368280285,0.0,19.066666666666663,80,0,79.98254379920249
YGL103W,1.0,79.74344368280285,0.0,19.066666666666663,80,1,79.98254379920249
YGL147C,1.0,79.74344368280285,146.0,19.066666666666663,80,0,79.98254379920249
YGR085C,1.0,79.74344368280285,74.0,219.91666666666663,80,0,80.74344368280285
YGR148C,1.0,79.74344368280285,146.0,19.066666666666663,80,0,79.98254379920249
YHL001W,1.0,79.74344368280285,146.0,19.066666666666663,80,0,79.98254379920249
YHL033C,1.0,79.74344368280285,146.0,19.066666666666663,80,0,79.98254379920249
YHR010W,1.0,79.74344368280285,0.0,19.066666666666663,80,0,79.98254379920249
YHR141C,1.0,79.74344368280285,0.0,19.066666666666663,80,0,79.98254379920249
YIL018W,1.0,79.74344368280285,146.0,19.066666666666663,80,0,79.98254379920249
YIL052C,1.0,79.74344368280285,146.0,19.066666666666663,80,0,79.98254379920249
YIL133C,1.0,79.74344368280285,0.0,19.066666666666663,80,0,79.98254379920249
YIL148W,1.0,79.74344368280285,74.0,19.066666666666663,80,0,79.98254379920249
YJL177W,1.0,79.74344368280285,0.0,19.066666666666663,80,0,79.98254379920249
YJL189W,1.0,79.74344368280285,146.0,19.066666666666663,80,0,79.98254379920249
YJR094WA,1.0,79.74344368280285,0.0,19.066666666666663,80,0,79.98254379920249
YKL006W,1.0,79.74344368280285,0.0,19.066666666666663,80,0,79.98254379920249
YKL180W,1.0,79.74344368280285,146.0,19.066666666666663,80,1,79.98254379920249
YKR094C,1.0,79.74344368280285,0.0,19.066666666666663,80,0,79.98254379920249
YLL045C,1.0,79.74344368280285,0.0,19.066666666666663,80,0,79.98254379920249
YLR029C,1.0,79.74344368280285,0.0,19.066666666666663,80,1,79.98254379920249
YLR061W,1.0,79.74344368280285,0.0,19.066666666666663,80,0,79.98254379920249
YLR185W,1.0,79.74344368280285,146.0,19.066666666666663,80,0,79.98254379920249
YLR325C,1.0,79.74344368280285,146.0,19.066666666666663,80,0,79.98254379920249
YLR340W,1.0,79.74344368280285,146.0,165.73333333333335,80,1,80.74344368280285
YLR344W,1.0,79.74344368280285,146.0,19.066666666666663,80,0,79.98254379920249
YLR406C,1.0,79.74344368280285,146.0,19.066666666666663,80,0,79.98254379920249
YLR448W,1.0,79.74344368280285,146.0,19.066666666666663,80,0,79.98254379920249
YML073C,1.0,79.74344368280285,0.0,19.066666666666663,80,0,79.98254379920249
YMR121C,1.0,79.74344368280285,0.0,19.066666666666663,80,0,79.98254379920249
YMR194W,1.0,79.74344368280285,0.0,19.066666666666663,80,0,79.98254379920249
YMR242C,1.0,79.74344368280285,0.0,19.066666666666663,80,0,79.98254379920249
YNL067W,1.0,79.74344368280285,0.0,19.066666666666663,80,0,79.98254379920249
YNL069C,1.0,79.74344368280285,0.0,19.066666666666663,80,0,79.98254379920249
YNL162W,1.0,79.74344368280285,0.0,19.066666666666663,80,1,79.98254379920249
YNL301C,1.0,79.74344368280285,146.0,19.066666666666663,80,0,79.98254379920249
YOL039W,1.0,79.74344368280285,146.0,219.91666666666663,80,0,80.74344368280285
YOL120C,1.0,79.74344368280285,0.0,19.066666666666663,80,1,79.98254379920249
YOR234C,1.0,79.74344368280285,0.0,19.066666666666663,80,0,79.98254379920249
YOR312C,1.0,79.74344368280285,146.0,19.066666666666663,80,0,79.98254379920249
YPL079W,1.0,79.74344368280285,0.0,19.066666666666663,80,0,79.98254379920249
YPL131W,1.0,79.74344368280285,74.0,165.73333333333332,80,1,80.74344368280285
YPL143W,1.0,79.74344368280285,0.0,19.066666666666663,80,1,79.98254379920249
YPL198W,1.0,79.74344368280285,0.0,19.066666666666663,80,0,79.98254379920249
YPL220W,1.0,79.74344368280285,146.0,19.066666666666663,80,0,79.98254379920249
YPR043W,1.0,79.74344368280285,0.0,19.066666666666663,80,0,79.98254379920249
YBR181C,1.0,55.634968555340606,0.0,54.327777777777776,56,0,56.6114727071087
YBR189W,1.0,55.634968555340606,0.0,54.327777777777776,56,0,56.6114727071087
YCR031C,1.0,55.634968555340606,0.0,54.327777777777776,56,0,56.6114727071087
YDL061C,1.0,55.634968555340606,187.5,230.0,56,0,56.634968555340606
YDL083C,1.0,55.634968555340606,0.0,54.327777777777776,56,0,56.6114727071087
YDR025W,1.0,55.634968555340606,0.0,54.327777777777776,56,0,56.6114727071087
YDR064W,1.0,55.634968555340606,0.0,54.327777777777776,56,1,56.6114727071087
YDR447C,1.0,55.634968555340606,0.0,54.327777777777776,56,0,56.6114727071087
YDR450W,1.0,55.634968555340606,187.5,54.327777777777776,56,0,56.6114727071087
YER074W,1.0,55.634968555340606,0.0,54.327777777777776,56,0,56.6114727071087
YER102W,1.0,55.634968555340606,0.0,54.327777777777776,56,0,56.6114727071087
YGL123W,1.0,55.634968555340606,0.0,54.327777777777776,56,1,56.6114727071087
YGL189C,1.0,55.634968555340606,187.5,190.34999999999985,56,1,56.634968555340606
YGR027C,1.0,55.634968555340606,0.0,54.327777777777776,56,0,56.6114727071087
YHL015W,1.0,55.634968555340606,187.5,201.90000000000012,56,1,56.634968555340606
YHR021C,1.0,55.634968555340606,0.0,54.327777777777776,56,0,56.6114727071087
YIL069C,1.0,55.634968555340606,0.0,54.327777777777776,56,0,56.6114727071087
YJL136C,1.0,55.634968555340606,0.0,54.327777777777776,56,0,56.6114727071087
YJL190C,1.0,55.634968555340606,187.5,317.1666666666667,56,0,56.634968555340606
YJL191W,1.0,55.634968555340606,64.5,54.327777777777776,56,0,56.6114727071087
YJR123W,1.0,55.634968555340606,187.5,202.15000000000012,56,1,56.634968555340606
YJR145C,1.0,55.634968555340606,0.0,54.327777777777776,56,0,56.6114727071087
YKL156W,1.0,55.634968555340606,0.0,54.327777777777776,56,0,56.6114727071087
YKR057W,1.0,55.634968555340606,0.0,54.327777777777776,56,0,56.6114727071087
YLR048W,1.0,55.634968555340606,0.0,54.327777777777776,56,0,56.6114727071087
YLR167W,1.0,55.634968555340606,96.0,145.88333333333333,56,1,56.634968555340606
YLR287CA,1.0,55.634968555340606,0.0,54.327777777777776,56,0,56.6114727071087
YLR333C,1.0,55.634968555340606,187.5,471.5,56,0,56.634968555340606
YLR367W,1.0,55.634968555340606,0.0,54.327777777777776,56,0,56.6114727071087
YLR388W,1.0,55.634968555340606,187.5,54.327777777777776,56,0,56.6114727071087
YLR441C,1.0,55.634968555340606,187.5,244.0,56,0,56.634968555340606
YML024W,1.0,55.634968555340606,0.0,54.327777777777776,56,0,56.6114727071087
YML026C,1.0,55.634968555340606,0.0,54.327777777777776,56,0,56.6114727071087
YML063W,1.0,55.634968555340606,0.0,54.327777777777776,56,0,56.6114727071087
YMR116C,1.0,55.634968555340606,187.5,54.327777777777776,56,0,56.6114727071087
YMR143W,1.0,55.634968555340606,0.0,54.327777777777776,56,0,56.6114727071087
YMR230W,1.0,55.634968555340606,187.5,54.327777777777776,56,0,56.6114727071087
YNL096C,1.0,55.634968555340606,64.5,54.327777777777776,56,0,56.6114727071087
YNL178W,1.0,55.634968555340606,187.5,103.77222222222215,56,1,56.634968555340606
YNL302C,1.0,55.634968555340606,0.0,54.327777777777776,56,0,56.6114727071087
YOL040C,1.0,55.634968555340606,0.0,54.327777777777776,56,1,56.6114727071087
YOL121C,1.0,55.634968555340606,0.0,54.327777777777776,56,0,56.6114727071087
YOR167C,1.0,55.634968555340606,187.5,201.95000000000016,56,0,56.634968555340606
YOR182C,1.0,55.634968555340606,0.0,54.327777777777776,56,0,56.6114727071087
YOR293W,1.0,55.634968555340606,187.5,54.327777777777776,56,1,56.6114727071087
YOR369C,1.0,55.634968555340606,0.0,54.327777777777776,56,0,56.6114727071087
YPL081W,1.0,55.634968555340606,0.0,54.327777777777776,56,0,56.6114727071087
YPR132W,1.0,55.634968555340606,187.5,54.327777777777776,56,0,56.6114727071087
YGL023C,0.0,0.0,0.0,0.0,1,0,0.0
YBL038W,1.0,31.0,27.0,69.83333333333333,31,0,32.0
YBR122C,1.0,31.0,27.0,78.66666666666667,31,0,32.0
YBR268W,1.0,31.0,0.0,50.83333333333333,31,0,32.0
YBR282W,1.0,31.0,27.0,107.5,31,0,32.0
YCR003W,1.0,31.0,27.0,60.25,31,0,32.0
YDL202W,1.0,31.0,27.0,50.83333333333333,31,0,32.0
YDR237W,1.0,31.0,27.0,78.66666666666667,31,0,32.0
YDR322W,1.0,31.0,27.0,50.83333333333333,31,0,32.0
YDR405W,1.0,31.0,27.0,78.66666666666667,31,0,32.0
YDR462W,1.0,31.0,27.0,50.83333333333333,31,0,32.0
YGR076C,1.0,31.0,27.0,107.5,31,0,32.0
YGR220C,1.0,31.0,27.0,78.66666666666667,31,0,32.0
YHR147C,1.0,31.0,27.0,69.83333333333333,31,0,32.0
YJL063C,1.0,31.0,27.0,78.66666666666667,31,0,32.0
YJL096W,1.0,31.0,27.0,50.83333333333333,31,0,32.0
YKL138C,1.0,31.0,27.0,78.66666666666667,31,0,32.0
YKL167C,1.0,31.0,27.0,78.66666666666667,31,0,32.0
YKL170W,1.0,31.0,27.0,78.66666666666667,31,0,32.0
YKR006C,1.0,31.0,27.0,107.5,31,0,32.0
YKR085C,1.0,31.0,27.0,107.5,31,0,32.0
YLR312WA,1.0,31.0,0.0,50.83333333333333,31,0,32.0
YLR439W,1.0,31.0,27.0,50.83333333333333,31,0,32.0
YMR024W,1.0,31.0,27.0,50.83333333333333,31,0,32.0
YMR193W,1.0,31.0,27.0,107.5,31,0,32.0
YMR225C,1.0,31.0,27.0,50.83333333333333,31,0,32.0
YMR286W,1.0,31.0,0.0,50.83333333333333,31,0,32.0
YNL005C,1.0,31.0,27.0,78.66666666666667,31,0,32.0
YNL185C,1.0,31.0,27.0,50.83333333333333,31,0,32.0
YNL252C,1.0,31.0,27.0,107.5,31,0,32.0
YNL284C,1.0,31.0,27.0,78.66666666666667,31,0,32.0
YOR150W,1.0,31.0,27.0,60.25,31,0,32.0
YPL173W,1.0,31.0,0.0,50.83333333333333,31,0,32.0
YBR146W,1.0,12.846153846153847,22.555555555555557,44.333333333333336,13,0,13.846153846153847
YDL045WA,1.0,12.846153846153847,0.0,28.666666666666668,13,0,13.846153846153847
YDR337W,1.0,12.846153846153847,22.555555555555557,44.333333333333336,13,0,13.846153846153847
YDR347W,1.0,12.846153846153847,22.555555555555557,28.666666666666668,13,0,13.846153846153847
YFR049W,1.0,12.846153846153847,57.0,17.833333333333332,13,0,13.846153846153847
YGR084C,1.0,12.846153846153847,22.555555555555557,61.5,13,0,13.846153846153847
YHL004W,1.0,12.846153846153847,22.555555555555557,44.33333333333334,13,0,13.846153846153847
YHR075C,1.0,12.846153846153847,0.0,28.666666666666668,13,0,13.846153846153847
YKL003C,1.0,12.846153846153847,22.555555555555557,35.25,13,0,13.846153846153847
YKL142W,1.0,12.846153846153847,36.0,28.666666666666668,13,0,13.846153846153847
YNL306W,1.0,12.846153846153847,22.555555555555557,44.33333333333334,13,1,13.846153846153847
YPR166C,1.0,12.846153846153847,0.0,28.666666666666668,13,0,13.846153846153847
YDR156W,1.0,9.319002634792108,28.0,80.0,13,0,10.319002634792108
YHR143WA,0.5441595441595442,14.546805046805048,0.0,76.75555555555556,27,0,15.546805046805048
YJL148W,1.0,9.319002634792108,0.0,25.261507936507936,13,0,10.319002634792108
YJR063W,1.0,9.319002634792108,28.0,26.93055555555556,13,0,10.319002634792108
YNL248C,1.0,9.319002634792108,28.0,25.261507936507936,13,0,10.319002634792108
YOR224C,0.5441595441595442,14.546805046805048,162.0,121.66666666666669,27,1,15.546805046805048
YOR340C,1.0,9.319002634792108,28.0,80.0,13,1,10.319002634792108
YPR110C,0.7543859649122807,12.641507615191822,54.0,53.6904761904762,19,1,13.641507615191822
YLR005W,0.9722222222222222,7.220707070707071,8.0,35.092063492063495,9,1,8.220707070707071
YPR056W,1.0,5.661868686868687,7.0,39.28571428571429,8,1,6.661868686868687
YKL144C,1.0,7.993884283357968,76.5,31.5,12,1,8.993884283357968
YNL151C,1.0,7.993884283357968,76.5,46.5,12,1,8.993884283357968
YPR190C,1.0,7.993884283357968,39.25,19.410714285714285,12,1,8.993884283357968
YAL001C,1.0,2.85,2.0,4.750000000000001,4,1,3.85
YOR110W,1.0,2.85,12.5,3.880952380952381,4,1,3.85
YBL021C,1.0,2.5,3.0,2.857142857142857,3,0,3.5
YGL237C,1.0,2.5,3.0,5.6,3,0,3.5
YKL109W,1.0,2.5,3.0,2.1142857142857143,3,0,3.3457142857142856
YGR258C,1.0,5.661868686868687,7.0,13.644607843137257,8,0,6.661868686868687
YDR076W,1.0,3.35,12.5,29.5,4,0,4.35
YGL163C,1.0,3.35,12.5,21.101190476190474,4,0,4.35
YML032C,1.0,3.35,12.5,14.089285714285715,4,0,4.35
YNL082W,1.0,0.625,2.0,0.0,2,0,1.625
YAL051W,0.0,0.0,0.0,0.0,1,0,0.0
YDL160C,1.0,9.770283882783882,276.45,42.72619047619048,12,0,10.770283882783882
YJR122W,1.0,9.770283882783882,272.7833333333333,139.33333333333334,12,0,10.770283882783882
YMR053C,1.0,1.1,0.0,50.0,3,0,2.1
YPL038W,1.0,0.3666666666666667,2.25,0.0,2,0,1.3666666666666667
YDR253C,1.0,0.3666666666666667,2.25,0.0,2,0,1.3666666666666667
YDR397C,0.0,0.0,0.0,0.0,1,1,0.0
YER159C,0.0,0.0,0.0,0.0,1,1,0.0
YHR193C,0.0,0.0,0.0,0.0,1,0,0.0
YPL037C,0.0,0.0,0.0,0.0,1,0,0.0
YHL025W,1.0,5.636075036075036,72.33333333333334,16.88888888888889,9,0,6.636075036075036
YER001W,0.0,0.0,0.0,0.0,1,0,0.0
YDR009W,1.0,0.5625,0.0,2.011111111111111,2,0,1.5625
YBL014C,1.0,1.7666666666666666,2.6666666666666665,11.5,3,1,2.7666666666666666
YML043C,1.0,1.7666666666666666,7.416666666666667,10.95,3,1,2.7666666666666666
YLR141W,1.0,0.75,2.0,2.0,2,1,1.75
YDR404C,1.0,7.681847781847783,40.5,51.64285714285714,12,1,8.681847781847782
YOL005C,1.0,7.681847781847783,76.5,90.83333333333331,12,1,8.681847781847782
YDL005C,1.0,17.921161302465652,20.0,124.53809523809524,20,0,18.921161302465652
YGL025C,1.0,17.921161302465652,20.0,121.99246031746031,20,0,18.921161302465652
YGL151W,1.0,17.921161302465652,20.0,107.66865079365078,20,0,18.921161302465652
YHR058C,1.0,17.921161302465652,20.0,155.0666666666667,20,1,18.921161302465652
YLR071C,1.0,17.921161302465652,20.0,107.66865079365078,20,1,18.921161302465652
YMR112C,1.0,17.921161302465652,20.0,227.66666666666663,20,1,18.921161302465652
YNR010W,1.0,17.921161302465652,20.0,128.41785714285714,20,0,18.921161302465652
YOR174W,1.0,17.921161302465652,20.0,145.31666666666666,20,1,18.921161302465652
YPR168W,1.0,17.921161302465652,20.0,139.63333333333335,20,1,18.921161302465652
YCR042C,1.0,6.84279126670431,11.0,36.36480186480186,11,1,7.84279126670431
YML098W,1.0,6.84279126670431,11.0,71.0,11,1,7.84279126670431
YMR227C,1.0,6.84279126670431,11.0,36.36480186480186,11,1,7.84279126670431
YDR086C,1.0,1.25,0.0,0.0,2,1,2.05
YER087CA,1.0,1.25,0.0,0.0,2,0,2.05
YBR171W,1.0,2.6666666666666665,10.0,4.633333333333334,3,0,3.6666666666666665
YLR292C,1.0,2.6666666666666665,10.333333333333332,6.666666666666668,3,0,3.6666666666666665
YPL094C,1.0,2.6666666666666665,10.0,5.083333333333334,3,1,3.6666666666666665
YDL232W,1.0,7.5,7.0,4.583333333333334,8,1,8.11111111111111
YGL226CA,1.0,7.5,0.0,4.583333333333334,8,0,8.11111111111111
YML019W,1.0,7.5,7.0,8.083333333333334,8,0,8.5
YOR085W,1.0,7.5,7.0,4.583333333333334,8,0,8.11111111111111
YOR103C,1.0,7.5,7.0,17.0,8,1,8.5
YIR022W,1.0,1.5,0.0,0.0,2,1,2.1666666666666665
YML055W,1.0,1.5,0.0,0.0,2,0,2.1666666666666665
YDL092W,1.0,4.8,37.9,12.0,5,1,5.8
YKL122C,1.0,4.8,37.9,20.0,5,1,5.8
YML105C,1.0,4.8,63.3,13.333333333333334,5,1,5.8
YPL210C,1.0,4.8,2.8000000000000003,14.833333333333332,5,1,5.8
YPL243W,1.0,4.8,37.9,11.7,5,1,5.8
YKL154W,0.0,0.0,0.0,0.0,1,1,0.0
YBL084C,1.0,9.386363636363637,43.75,16.795238095238098,10,1,10.386363636363637
YDL008W,1.0,9.386363636363637,0.0,16.795238095238098,10,1,10.386363636363637
YDR118W,1.0,9.386363636363637,43.75,24.6,10,1,10.386363636363637
YFR036W,1.0,9.386363636363637,79.5,16.795238095238098,10,0,10.386363636363637
YGL240W,1.0,9.386363636363637,43.75,16.795238095238098,10,0,10.386363636363637
YLR102C,1.0,9.386363636363637,43.75,26.666666666666668,10,0,10.386363636363637
YNL172W,1.0,9.386363636363637,17.166666666666664,2.4,10,1,9.642053709002862
YOR249C,1.0,9.386363636363637,79.5,17.0,10,1,10.386363636363637
YER090W,0.0,0.0,0.0,0.0,1,0,0.0
YKL211C,0.0,0.0,0.0,0.0,1,0,0.0
YOR303W,0.0,0.0,0.0,0.0,1,0,0.0
