protein,CC,ECC,SL_Nb,GO_Nb,degree,essential,MEM_FET
Q0045,0.0,0.0,0.0,0.0,1,0,0.0
YGL187C,0.0,0.0,0.0,0.0,4,0,0.0
Q0085,0.0,0.0,0.0,0.0,1,0,0.0
YPL078C,0.0,0.0,0.0,0.0,3,0,0.0
Q0250,0.0,0.0,0.0,0.0,2,0,0.0
YER154W,0.0,0.0,0.0,0.0,5,0,0.0
Q0275,0.0,0.0,0.0,0.0,2,0,0.0
YAL001C,0.16666666666666666,0.3269230769230769,1.0,4.5,4,1,1.3269230769230769
YDR362C,0.0,0.0,0.0,0.0,2,1,0.0
YER148W,0.15384615384615385,1.5685809031010272,20.5,12.652614379084968,14,1,2.568580903101027
YGR246C,0.1,0.3269230769230769,4.5,3.4333333333333336,5,1,1.3269230769230769
YAL002W,0.28888888888888886,0.46812035817521463,41.833333333333336,13.55768398268398,10,0,1.4681203581752147
YOR089C,0.16176470588235295,1.1205975784948254,41.38888888888889,17.52012987012987,17,0,2.1205975784948254
YAL003W,0.0,0.0,0.0,0.0,3,1,0.0
YBR118W,0.0,0.0,0.0,0.0,2,0,0.0
YKL081W,0.0,0.0,0.0,0.0,3,0,0.0
YPR080W,0.0,0.0,0.0,0.0,2,0,0.0
YAL004W,0.0,0.0,0.0,0.0,1,0,0.0
YML109W,0.09473684210526316,1.5602016698577326,0.0,45.75833333333333,20,0,2.5602016698577326
YAL005C,0.10714285714285714,0.5719548425430778,3.5,4.3127828054298645,8,0,1.5719548425430778
YAL040C,0.12418300653594772,2.1428571428571432,0.0,46.243500127323664,18,0,3.1428571428571432
YER151C,0.09523809523809523,0.14313407181054238,0.0,0.0,7,0,0.8085109037094905
YJL061W,0.1111111111111111,0.648713795364264,8.3125,16.94102564102564,9,1,1.648713795364264
YLR310C,0.06060606060606061,0.6993006993006993,13.333333333333334,7.446428571428571,12,1,1.6993006993006992
YNL064C,0.09090909090909091,0.7009537297561801,13.083333333333334,7.769796380090497,11,0,1.70095372975618
YNL189W,0.003544061302681992,0.5138888888888882,46.0,31.03333333333333,145,1,1.5138888888888882
YPL240C,0.13333333333333333,1.2324295587453482,30.0,10.521703296703295,10,0,2.2324295587453484
YAL009W,0.2,0.47204968944099374,3.2777777777777777,3.892857142857143,5,0,1.4720496894409938
YDL116W,0.0036231884057971015,0.08695652173913043,1.5,2.017857142857143,24,0,1.0869565217391304
YGL100W,0.0,0.0,0.0,0.0,2,0,0.0
YHR004C,0.14285714285714285,0.5242790531749068,9.055555555555555,12.285714285714286,8,0,1.5242790531749066
YKL057C,0.03571428571428571,0.2857142857142857,1.5,2.017857142857143,8,0,1.2857142857142856
YML103C,0.16666666666666666,0.47619047619047616,1.8958333333333333,2.017857142857143,4,0,1.4761904761904763
YAL011W,0.2222222222222222,1.2988952309631483,65.66666666666667,21.627006327006328,18,0,2.298895230963148
YDL181W,0.0,0.0,0.0,0.0,6,0,0.0
YHR158C,0.051470588235294115,0.5678466620762017,0.0,8.69047619047619,17,0,1.5678466620762017
YIR018W,0.0,0.0,0.0,0.0,4,0,0.0
YOR127W,0.16666666666666666,0.5687183648354626,0.0,17.014485514485518,13,0,1.5687183648354626
YOR269W,0.21937321937321938,2.7476055427242874,113.16666666666667,45.99441391941392,27,0,3.7476055427242874
YAL013W,0.03460764587525151,2.2383633320253034,151.16666666666666,89.89943545017076,71,0,3.2383633320253034
YBL008W,0.13333333333333333,0.2543928462360666,1.0,0.0,6,0,0.7785165993450877
YBL027W,0.0,0.0,0.0,0.0,4,0,0.0
YBR103W,0.12121212121212122,0.8837272792443363,48.333333333333336,44.2,22,0,1.8837272792443363
YBR171W,0.26373626373626374,0.5698864749869885,9.5,46.4,14,0,1.5698864749869885
YCR033W,0.2,0.053702461297398,4.0,2.023809523809524,5,0,1.053702461297398
YDL002C,0.19047619047619047,0.5688311688311688,7.5,8.5,7,0,1.568831168831169
YDL074C,0.1368421052631579,1.6093494211091495,61.166666666666664,18.09105339105339,20,0,2.6093494211091492
YDL080C,0.0,0.0,0.0,0.0,3,0,0.0
YDR146C,0.03571428571428571,0.15734989648033126,0.0,2.5,8,0,1.1573498964803313
YDR181C,0.0,0.0,0.0,0.0,1,0,0.0
YDR334W,0.2692307692307692,0.5589719557158044,47.833333333333336,14.75887445887446,13,0,1.5589719557158044
YDR363W-A,0.09090909090909091,0.5987734487734487,0.0,0.0,11,0,0.7505989699205748
YDR392W,0.45789473684210524,8.509454786699367,30.0,60.955872850919285,20,0,9.509454786699367
YDR485C,0.24242424242424243,0.3703776595903855,9.5,28.5,12,0,1.3703776595903854
YER016W,0.11824668705402651,12.159188710468818,1447.4999999999998,811.3438977688977,109,1,13.159188710468818
YER111C,0.2943722943722944,2.3443993542375328,0.0,42.39455266955267,22,0,3.3443993542375328
YER139C,0.6666666666666666,0.050649350649350645,2.75,6.333333333333333,3,0,1.0506493506493506
YFR010W,0.14285714285714285,0.12710825721130659,0.0,4.666666666666666,8,0,1.1271082572113067
YGL127C,0.009737098344693282,0.7224982027318475,50.0,64.9595238095238,79,0,1.7224982027318476
YGL133W,1.0,0.025396825396825397,0.0,0.0,2,0,1.0253968253968253
YGL149W,0.0,0.0,0.0,0.0,3,0,0.0
YGL161C,0.15151515151515152,1.5938040287885489,48.25,18.75,12,0,2.593804028788549
YGL167C,0.21428571428571427,0.3749422502038228,18.416666666666668,14.726190476190474,8,0,1.3749422502038229
YGL194C,0.26666666666666666,0.11043344840813195,0.0,4.773809523809524,6,0,1.110433448408132
YGL244W,0.22857142857142856,0.8454574222572739,100.66666666666666,27.83051948051948,15,0,1.845457422257274
YGR105W,0.25,0.2256602413229718,2.8333333333333335,18.6,8,0,1.2256602413229718
YGR181W,0.0,0.0,0.0,0.0,4,0,0.0
YGR182C,0.06666666666666667,0.021690590111642743,0.0,0.0,6,0,1.0216905901116426
YGR200C,0.38095238095238093,0.23296616412900473,9.75,4.303113553113553,7,0,1.2329661641290048
YGR270W,0.5714285714285714,0.19482109581152965,0.0,6.115384615384615,7,0,1.1948210958115297
YHR041C,0.021739130434782608,0.49254658385093164,23.333333333333332,4.063157894736842,24,0,1.4925465838509315
YHR060W,0.07692307692307693,0.5391239286265969,0.0,23.0,14,0,1.539123928626597
YHR178W,0.04329004329004329,0.1974108220152524,0.0,5.869047619047619,22,0,1.1974108220152524
YHR200W,0.16666666666666666,0.5412756371854448,0.0,27.4,12,0,1.5412756371854448
YJL115W,0.2777777777777778,0.4273782177429499,42.66666666666667,4.55672268907563,9,0,1.42737821774295
YJR073C,0.21818181818181817,0.43135052821584696,13.972222222222221,27.714285714285715,11,0,1.431350528215847
YJR140C,0.19047619047619047,0.1538821740047849,4.5,3.939393939393939,7,0,1.1538821740047849
YKL118W,0.2222222222222222,0.18159052227899983,0.0,4.067857142857143,9,0,1.1815905222789997
YKR029C,0.3333333333333333,0.08652158652158654,0.0,0.0,4,0,1.0865215865215865
YLR055C,0.5359477124183006,8.3178273791067,24.0,96.5333333333333,18,0,9.3178273791067
YLR085C,0.10621468926553672,4.788468895442562,228.58333333333334,395.3166666666667,60,0,5.788468895442562
YLR087C,0.15384615384615385,0.45923271004132904,81.08333333333333,17.687229437229437,14,0,1.459232710041329
YLR111W,0.5111111111111111,0.8642730960179883,0.0,21.458297258297257,10,0,1.8642730960179883
YLR268W,0.09359605911330049,1.5970778049869787,44.38888888888889,65.21626984126985,29,0,2.597077804986979
YLR384C,0.26666666666666666,0.1039081289081289,9.75,7.285714285714286,6,0,1.103908128908129
YLR418C,0.020147420147420148,2.1700791987511505,592.5,121.46600066600068,111,0,3.1700791987511505
YML041C,0.17647058823529413,0.6924473479286524,67.33333333333334,46.75,17,0,1.6924473479286524
YML047C,0.0,0.0,0.0,0.0,3,0,0.0
YMR060C,0.05454545454545454,0.12706661375194755,0.0,0.0,11,0,0.5563332238776819
YMR312W,0.358974358974359,0.5358457534706448,16.333333333333332,23.806135531135528,13,0,1.5358457534706447
YNL140C,0.2857142857142857,0.12970661573425124,0.0,4.432142857142857,8,0,1.1297066157342512
YNL215W,0.23809523809523808,0.12332599174704437,14.0,40.0,7,0,1.1233259917470444
YNL298W,0.09523809523809523,8.046642015704219,0.0,454.3016872016872,91,0,9.046642015704219
YOL012C,0.3253968253968254,3.8346881458261137,92.16666666666667,149.6883116883117,28,0,4.834688145826114
YOR123C,0.13186813186813187,0.5204762581735113,35.0,17.299999999999997,14,0,1.5204762581735114
YOR213C,0.0,0.0,0.0,0.0,4,0,0.0
YOR304W,0.0,0.0,0.0,0.0,2,0,0.0
YPL055C,0.19230769230769232,0.48844413556680727,76.0,25.73333333333333,13,0,1.4884441355668072
YPL086C,0.19047619047619047,0.1278898082695551,10.25,7.25,7,0,1.127889808269555
YPL101W,0.2,0.10654952173939515,8.666666666666666,2.8166666666666664,6,0,1.1065495217393952
YPL102C,0.1,0.023544973544973542,0.0,0.0,5,0,1.0235449735449735
YPL144W,0.0,0.0,0.0,0.0,3,0,0.0
YPL174C,0.14612244897959184,5.245175496635571,215.7333333333333,485.0,50,0,6.245175496635571
YPR023C,0.6666666666666666,0.13617891754909822,2.0,5.619047619047619,6,0,1.1361789175490982
YAL014C,0.16666666666666666,0.19642857142857142,2.25,2.013888888888889,4,0,1.1964285714285714
YAL030W,0.19047619047619047,0.8345959595959597,4.666666666666667,8.344871794871795,7,0,1.8345959595959598
YMR197C,0.25,1.814033189033189,22.416666666666668,12.90277777777778,9,1,2.8140331890331893
YOR036W,0.06666666666666667,0.995238095238095,31.833333333333332,15.166666666666668,15,1,1.995238095238095
YAL016W,0.16666666666666666,0.30000000000000004,0.0,2.840336134453781,4,0,1.3
YCR066W,0.047619047619047616,0.0696078431372549,4.0,1.3333333333333333,7,0,1.0696078431372549
YDL134C,0.13333333333333333,0.6111111111111112,0.0,5.328571428571428,6,0,1.6111111111111112
YNL127W,0.1,0.3611111111111111,0.0,2.083333333333333,5,0,1.3611111111111112
YOR014W,0.05454545454545454,0.2693457943925234,9.166666666666668,3.284313725490196,11,0,1.2693457943925233
YAL020C,0.0,0.0,0.0,0.0,2,0,0.0
YML085C,0.2833333333333333,2.0716921070065086,114.08333333333333,100.0,16,1,3.0716921070065086
YAL021C,0.08333333333333333,0.5261904761904762,12.5,2.2976190476190474,9,0,1.526190476190476
YDL160C,0.08571428571428572,0.8650385565507049,29.0,5.880952380952381,15,0,1.8650385565507048
YGL178W,0.08333333333333333,0.5327380952380952,10.5,10.1,9,0,1.5327380952380953
YGR092W,0.09166666666666666,1.3975810738968633,9.758333333333333,11.411111111111111,16,0,2.3975810738968635
YGR116W,0.25,1.7936974789915965,2.0,0.0,8,1,1.9330743822476284
YJL127C,0.0,0.0,0.0,0.0,1,0,0.0
YJR060W,0.09166666666666666,1.0632001280838461,20.277777777777775,7.784632034632034,16,0,2.063200128083846
YLR150W,0.0,0.0,0.0,0.0,6,0,0.0
YML032C,0.23809523809523808,5.354100384744382,460.6666666666667,251.2760989010989,36,0,6.354100384744382
YNR052C,0.16666666666666666,0.8399230660643705,17.725,6.857142857142857,9,1,1.8399230660643706
YAL023C,0.3333333333333333,1.6316895139754317,3.0,2.063492063492064,6,0,2.6316895139754317
YDL095W,0.6666666666666666,2.1333333333333333,3.0,0.0,4,0,2.4458333333333333
YJR143C,0.5,1.7333333333333334,3.0,0.0,4,0,2.0217948717948717
YOR321W,0.5,1.7333333333333334,3.0,0.0,4,0,2.0217948717948717
YAL024C,0.10526315789473684,1.15185736610244,47.733333333333334,94.0,19,0,2.15185736610244
YAR019C,0.16666666666666666,1.7889338731443996,19.761111111111113,31.563492063492067,13,1,2.7889338731443996
YBR140C,0.0,0.0,0.0,0.0,2,1,0.0
YGR152C,0.2777777777777778,1.046067821067821,8.166666666666666,27.26388888888889,9,0,2.0460678210678207
YHR152W,0.021052631578947368,0.29465214761040526,0.0,10.25,20,0,1.2946521476104054
YIL106W,0.09090909090909091,0.9525252525252526,4.366666666666667,14.785714285714288,12,1,1.9525252525252526
YIR009W,0.0,0.0,0.0,0.0,25,0,0.0
YML064C,0.007177033492822967,0.5526315789473683,0.0,41.43650793650794,77,1,1.5526315789473681
YNL098C,0.06593406593406594,0.8803418803418803,14.916666666666666,13.311507936507937,14,0,1.8803418803418803
YOR101W,0.2857142857142857,1.1006216006216005,14.916666666666666,24.78571428571429,7,0,2.1006216006216007
YAL025C,0.3333333333333333,0.09347826086956522,4.0,0.0,3,1,1.0934782608695652
YJR044C,0.0,0.0,0.0,0.0,1,0,0.0
YAL026C,0.1111111111111111,0.21424645511996698,0.0,2.063492063492064,10,0,1.214246455119967
YPL048W,0.0,0.0,0.0,0.0,1,0,0.0
YPL146C,0.0,0.0,0.0,0.0,3,1,0.0
YAL028W,0.0,0.0,0.0,0.0,2,0,0.0
YLR233C,0.0,0.0,0.0,0.0,8,0,0.0
YAL029C,0.0,0.0,0.0,0.0,1,0,0.0
YFL039C,0.054187192118226604,1.2458501295459756,52.333333333333336,15.07200956937799,29,1,2.2458501295459756
YBL050W,0.15151515151515152,1.6794733044733043,38.5,17.18888888888889,12,1,2.679473304473304
YDR164C,0.0,0.0,0.0,0.0,4,1,0.0
YDR468C,0.2222222222222222,1.5403170359052714,11.500000000000002,14.875,9,1,2.5403170359052716
YGR009C,0.0641025641025641,0.7005649717514124,0.0,11.833333333333332,13,1,1.7005649717514124
YOR327C,0.08888888888888889,0.3794975300449753,7.75,9.266666666666666,10,0,1.3794975300449752
YPL232W,0.16666666666666666,0.25,0.0,2.628205128205128,4,0,1.25
YAL032C,0.09523809523809523,0.4117063492063492,13.833333333333332,6.916666666666666,7,1,1.4117063492063493
YDR416W,0.0,0.0,0.0,0.0,11,1,0.0
YLR345W,0.047619047619047616,0.1736111111111111,9.333333333333334,3.5,7,0,1.1736111111111112
YLR423C,0.013608428446005268,0.9155235965919394,86.44166666666668,61.26410256410258,68,0,1.9155235965919393
YPL151C,0.16666666666666666,0.23809523809523808,1.0,4.0,4,1,1.2380952380952381
YAL033W,0.0,0.0,0.0,0.0,1,1,0.0
YJR115W,0.0,0.0,0.0,0.0,1,0,0.0
YAL034W-A,0.0,0.0,0.0,0.0,4,1,0.0
YGL172W,0.1388888888888889,0.7981997677119629,8.333333333333332,12.69047619047619,9,1,1.7981997677119628
YGR120C,0.075,0.8800098884459688,20.16666666666666,27.857142857142858,16,1,1.8800098884459688
YKL103C,0.06666666666666667,0.3380044046604149,5.166666666666667,1.4285714285714286,10,0,1.338004404660415
YAL035W,0.0,0.0,0.0,0.0,3,1,0.0
YDL220C,0.16666666666666666,0.6666666666666666,4.0,9.0,4,1,1.6666666666666665
YLR241W,0.0,0.0,0.0,0.0,3,0,0.0
YAL036C,0.1,0.27692307692307694,13.3,5.4,5,0,1.2769230769230768
YDL065C,0.04395604395604396,0.4204834497703768,4.116666666666666,6.7,14,0,1.4204834497703769
YDR152W,0.0,0.0,0.0,0.0,3,0,0.0
YNR022C,0.0,0.0,0.0,0.0,2,0,0.0
YAL038W,0.0,0.0,0.0,0.0,3,1,0.0
YNL307C,0.1111111111111111,0.1305838858645211,0.0,29.75,10,0,1.1305838858645212
YOR347C,0.0,0.0,0.0,0.0,1,0,0.0
YBL016W,0.0989010989010989,1.293641343176947,1.5,4.357142857142857,14,0,2.293641343176947
YBR160W,0.04187192118226601,1.174299049022704,0.0,19.80725108225108,29,1,2.174299049022704
YDL047W,0.19696969696969696,2.0561242678889737,8.5,5.0,12,0,3.0561242678889737
YDL132W,0.19047619047619047,2.644045776205219,23.416666666666664,30.152380952380952,15,1,3.644045776205219
YER167W,0.0,0.0,0.0,0.0,2,0,0.0
YFR040W,0.5,2.675814449948494,8.5,7.935064935064935,8,0,3.675814449948494
YJL013C,0.48484848484848486,3.9908524216228076,165.33333333333334,192.46666666666667,22,0,4.990852421622808
YJL098W,0.8,2.573873185637891,0.0,4.090909090909091,6,0,3.573873185637891
YJL157C,0.17857142857142858,0.47730504789328315,0.0,3.333333333333333,8,1,1.4773050478932832
YKL092C,0.3333333333333333,0.16993464052287582,0.0,0.0,3,0,1.1699346405228759
YKR028W,0.42857142857142855,2.5738731856378916,8.5,4.090909090909091,8,0,3.5738731856378916
YLL024C,0.0,0.0,0.0,0.0,6,0,0.0
YLR079W,0.24358974358974358,2.593784092584402,13.458333333333332,83.8,13,0,3.593784092584402
YMR199W,0.2777777777777778,1.4567226890756302,0.0,47.766666666666666,9,0,2.4567226890756304
YOL145C,0.0,0.0,0.0,0.0,4,0,0.0
YPL256C,0.3111111111111111,2.053244631185808,0.0,57.21904761904762,10,0,3.053244631185808
YAL041W,0.09523809523809523,1.5727272727272728,0.0,63.73409090909091,21,1,2.5727272727272728
YBR200W,0.15151515151515152,3.6193142364854114,207.83333333333334,162.27380952380952,34,1,4.619314236485412
YDR264C,0.14545454545454545,1.1976874003189792,11.416666666666666,14.0,11,0,2.197687400318979
YER155C,0.21587301587301588,4.648937277378327,0.0,147.13582251082252,36,0,5.648937277378327
YGL233W,0.32142857142857145,1.290169246948908,8.555555555555554,5.208333333333334,8,1,2.290169246948908
YGR221C,0.0,0.0,0.0,0.0,2,0,0.0
YHL007C,0.3111111111111111,1.0548800872330284,6.111111111111111,33.33116883116883,10,0,2.0548800872330286
YIL079C,0.0,0.0,0.0,0.0,2,0,0.0
YJL187C,0.10909090909090909,0.5304560195222071,14.666666666666666,3.6363636363636367,11,0,1.530456019522207
YKL080W,0.0,0.0,0.0,0.0,3,0,0.0
YLR206W,0.0,0.0,0.0,0.0,3,0,0.0
YLR229C,0.06976744186046512,2.6709143880029953,31.222222222222225,83.06111388611389,43,1,3.6709143880029953
YOR188W,0.7,0.5174306086070792,0.0,116.0,5,0,1.5174306086070792
YOR212W,0.14102564102564102,1.643859649122807,0.0,13.129761904761905,13,0,2.643859649122807
YPL161C,0.1010752688172043,1.9071621801045646,0.0,252.66666666666669,31,0,2.9071621801045646
YAL042W,0.0,0.0,0.0,0.0,2,0,0.0
YDL239C,0.017204301075268817,0.4597014925373134,11.777777777777779,18.35,31,0,1.4597014925373135
YML067C,0.0,0.0,0.0,0.0,1,0,0.0
YAL043C,0.4166666666666667,3.4027777777777777,6.0,16.616666666666667,9,1,4.402777777777778
YDR301W,0.9047619047619048,4.81547619047619,7.0,22.25,7,1,5.81547619047619
YJR093C,0.4888888888888889,4.65,17.0,23.2,10,1,5.65
YKR002W,0.2948717948717949,3.8,17.5,14.492857142857142,13,1,4.8
YLR115W,1.0,3.700396825396826,6.0,22.75,6,1,4.700396825396826
YLR277C,0.4222222222222222,4.055555555555556,7.0,16.00952380952381,10,1,5.055555555555556
YPR107C,0.6785714285714286,4.601190476190476,7.0,19.200000000000003,8,1,5.601190476190476
YAL047C,0.03636363636363636,0.4,3.0,0.0,11,0,0.4909090909090909
YGL212W,0.0196078431372549,0.1678012212079076,25.5,6.111111111111112,18,0,1.1678012212079076
YHR172W,0.2,1.042857142857143,5.527777777777778,3.858585858585859,6,1,2.0428571428571427
YIL061C,0.0,0.0,0.0,0.0,30,1,0.0
YJL113W,0.6666666666666666,0.8333333333333333,0.0,0.0,3,0,1.6333333333333333
YJL114W,0.3333333333333333,0.8333333333333333,0.0,0.0,4,0,1.2333333333333334
YLR045C,0.2,0.19880021938845469,6.277777777777779,6.404761904761905,6,1,1.1988002193884546
YLR429W,0.0,0.0,0.0,0.0,4,0,0.0
YNL126W,0.26666666666666666,1.1917748917748918,6.861111111111111,4.571428571428571,6,1,2.191774891774892
YAL049C,0.0,0.0,0.0,0.0,1,0,0.0
YNL094W,0.08088235294117647,0.8812412486615601,137.95,2.0090909090909093,17,0,1.88124124866156
YAL051W,0.0,0.0,0.0,0.0,1,0,0.0
YOR363C,0.0,0.0,0.0,0.0,1,0,0.0
YAL054C,0.0,0.0,0.0,0.0,4,0,0.0
YLR153C,0.0,0.0,0.0,0.0,3,1,0.0
YAL058W,0.03571428571428571,0.08840579710144927,0.0,0.0,8,0,0.4923870617384516
YGL084C,0.16666666666666666,0.892909514731425,58.583333333333336,11.283333333333331,16,1,1.892909514731425
YKL194C,0.0,0.0,0.0,0.0,5,0,0.0
YKL197C,0.0,0.0,0.0,0.0,2,0,0.0
YNL171C,0.08571428571428572,0.2596298259990001,0.0,3.333333333333333,15,0,1.2596298259990002
YNR036C,0.0,0.0,0.0,0.0,2,0,0.0
YAL064W,0.0,0.0,0.0,0.0,3,0,0.0
YKR011C,0.0,0.0,0.0,0.0,2,0,0.0
YAL067C,0.0,0.0,0.0,0.0,1,0,0.0
YGR055W,0.0,0.0,0.0,0.0,1,0,0.0
YAR003W,0.14285714285714285,0.20055703066008002,0.0,3.8,7,0,1.2005570306600801
YBR175W,0.06666666666666667,0.20541408806613193,2.0,4.0,10,0,1.205414088066132
YDR140W,0.0,0.0,0.0,0.0,3,0,0.0
YAR007C,0.3,1.0571428571428572,3.0,3.4784461152882207,5,1,2.057142857142857
YJL173C,0.3,1.0571428571428572,3.0,4.423809523809524,5,1,2.057142857142857
YNL312W,1.0,1.0571428571428572,3.0,4.9641604010025056,3,1,2.057142857142857
YPL022W,0.0,0.0,0.0,0.0,3,0,0.0
YAR008W,0.3,1.4,3.0,1.2,5,1,2.257142857142857
YBL051C,0.15555555555555556,0.09777609899360794,10.333333333333334,9.0,10,0,1.0977760989936078
YLR105C,0.2,1.2000000000000002,3.0,2.2666666666666666,6,1,2.2
YMR059W,1.0,1.5666666666666667,3.0,3.333333333333333,3,1,2.5666666666666664
YPL083C,0.5,1.5666666666666667,3.0,2.2666666666666666,4,1,2.5666666666666664
YAR014C,0.02564102564102564,0.15171064002846832,0.0,1.6666666666666667,13,0,1.1517106400284682
YDR195W,0.3333333333333333,0.13333333333333333,0.0,0.0,3,0,1.1333333333333333
YER054C,0.0,0.0,0.0,0.0,2,0,0.0
YER133W,0.03333333333333333,0.6633333333333334,4.791666666666666,2.1142857142857143,21,1,1.6633333333333336
YER158C,0.0,0.0,0.0,0.0,4,0,0.0
YIL045W,0.06666666666666667,0.34285714285714286,0.0,2.1142857142857143,6,0,1.342857142857143
YMR071C,0.0,0.0,0.0,0.0,3,1,0.0
YNL333W,0.25,1.774801587301587,0.0,11.3,8,0,2.774801587301587
YAR018C,0.0,0.0,0.0,0.0,5,0,0.0
YBL106C,0.0641025641025641,0.3715145304263876,0.0,4.564102564102564,13,0,1.3715145304263876
YFR028C,0.0,0.0,0.0,0.0,3,1,0.0
YGL116W,0.16666666666666666,0.035555555555555556,9.333333333333334,2.414285714285714,4,1,1.0355555555555556
YMR001C,0.047619047619047616,0.17424242424242425,0.0,2.063492063492064,7,1,1.1742424242424243
YPR111W,0.26666666666666666,0.6393939393939395,0.0,2.063492063492064,6,1,1.6393939393939396
YAR027W,0.0,0.0,0.0,0.0,2,0,0.0
YAR030C,0.0,0.0,0.0,0.0,2,0,0.0
YBR135W,0.1111111111111111,0.5984126984126983,0.0,43.72987012987013,10,1,1.5984126984126983
YAR031W,0.0,0.0,0.0,0.0,3,0,0.0
YBR217W,0.09090909090909091,0.8155038759689922,19.5,12.033333333333337,11,0,1.815503875968992
YCR030C,0.0,0.0,0.0,0.0,5,0,0.0
YAR033W,0.0,0.0,0.0,0.0,2,0,0.0
YGL051W,0.0,0.0,0.0,0.0,1,0,0.0
YAR035W,0.0,0.0,0.0,0.0,4,0,0.0
YGR069W,0.0,0.0,0.0,0.0,2,0,0.0
YAR066W,0.0,0.0,0.0,0.0,2,0,0.0
YDR074W,0.10714285714285714,0.8571428571428571,3.0,2.033333333333333,8,0,1.8571428571428572
YBL001C,0.1,0.054563492063492064,0.0,2.0090909090909093,5,0,1.054563492063492
YDR510W,0.021645021645021644,0.26675360882827226,0.0,6.0,22,1,1.2667536088282723
YER067W,0.0,0.0,0.0,0.0,2,0,0.0
YBL002W,0.0,0.0,0.0,0.0,2,0,0.0
YCL066W,0.0,0.0,0.0,0.0,3,0,0.0
YCR040W,0.0,0.0,0.0,0.0,3,0,0.0
YBL006C,0.0,0.0,0.0,0.0,1,0,0.0
YDR489W,0.0,0.0,0.0,0.0,7,1,0.0
YBL007C,0.13630229419703105,3.3085929502616156,97.59000000000003,53.447222222222216,39,0,4.308592950261616
YBR205W,0.027777777777777776,0.07631578947368421,25.2,1.25,9,0,1.0763157894736841
YCR088W,0.25757575757575757,1.5913311001246508,134.45,21.5,12,1,2.591331100124651
YDR388W,0.12832550860719874,8.43681173039928,1194.4499999999998,289.82351274456533,72,0,9.43681173039928
YGL104C,0.0,0.0,0.0,0.0,4,0,0.0
YGR268C,0.045454545454545456,0.18080059303187546,50.2,10.0,12,0,1.1808005930318755
YHR016C,0.11428571428571428,1.7494916869638888,230.11666666666667,10.6,21,0,2.749491686963889
YIR006C,0.0,0.0,0.0,0.0,11,1,0.0
YJL004C,0.23809523809523808,0.21527349331510623,28.35,12.666666666666666,7,0,1.2152734933151061
YJL151C,0.1,0.07631578947368421,6.3,1.0,5,0,1.0763157894736841
YKR030W,0.10714285714285714,0.15330930415099348,14.011111111111111,3.74512987012987,8,0,1.1533093041509934
YLR064W,0.16666666666666666,0.07631578947368421,6.3,0.0,4,0,1.0763157894736841
YLR078C,0.05555555555555555,0.22738095238095238,3.444444444444444,6.880952380952381,9,1,1.2273809523809525
YMR253C,0.0,0.0,0.0,0.0,3,0,0.0
YNL138W,0.25,0.7442357494247783,53.2,7.791666666666666,8,1,1.7442357494247784
YNL152W,0.0,0.0,0.0,0.0,2,1,0.0
YOR181W,0.12121212121212122,1.9795399314198123,0.0,26.56349206349206,22,1,2.9795399314198123
YOR284W,0.12087912087912088,0.9422179075153181,117.78333333333333,4.533333333333333,14,0,1.942217907515318
YPL246C,0.19047619047619047,0.30466303373111675,12.6,4.196825396825397,7,0,1.3046630337311167
YPR171W,0.16666666666666666,0.44039481572744255,18.733333333333334,4.0313852813852815,9,0,1.4403948157274424
YGR063C,0.0,0.0,0.0,0.0,2,0,0.0
YOR038C,0.16666666666666666,0.21041666666666667,4.5,0.0,4,0,1.0024958745874586
YBL010C,0.0,0.0,0.0,0.0,1,0,0.0
YKR022C,0.0,0.0,0.0,0.0,4,1,0.0
YBL014C,0.16666666666666666,0.6666666666666666,1.3333333333333333,2.25,4,1,1.6666666666666665
YJL025W,1.0,0.8333333333333333,2.9166666666666665,2.25,2,1,1.8333333333333333
YML043C,0.3333333333333333,0.8333333333333333,2.9166666666666665,2.0,3,1,1.8333333333333333
YDL159W,0.38095238095238093,1.4445255466927294,0.0,5.771428571428571,7,0,2.4445255466927294
YDR103W,0.15151515151515152,1.5154888970678444,9.333333333333334,14.213095238095235,12,0,2.5154888970678444
YDR469W,0.06666666666666667,0.15202702702702703,4.0,1.2,6,0,1.152027027027027
YDR480W,0.26666666666666666,1.1252747252747253,9.0,3.871428571428571,6,0,2.1252747252747253
YHR168W,0.0,0.0,0.0,0.0,4,0,0.0
YIL169C,0.0,0.0,0.0,0.0,3,0,0.0
YLR313C,0.26666666666666666,0.7284075573549258,0.0,2.0047619047619047,6,0,1.7284075573549258
YLR362W,0.1,1.9726978615955182,0.0,19.08681318681319,20,0,2.972697861595518
YPL049C,0.14285714285714285,1.010989010989011,9.0,4.25,8,0,2.010989010989011
YBL018C,0.0,0.0,0.0,0.0,1,1,0.0
YBL019W,0.0,0.0,0.0,0.0,1,0,0.0
YEL009C,0.0,0.0,0.0,0.0,4,0,0.0
YBL021C,0.5,1.1454545454545455,4.0,4.542857142857143,5,0,2.1454545454545455
YGL237C,0.15555555555555556,1.2121212121212122,12.333333333333334,8.799999999999999,10,0,2.212121212121212
YKL109W,1.0,0.9222222222222223,3.0,2.1142857142857143,3,0,1.9222222222222223
YOR358W,0.18181818181818182,1.1882275485328921,16.333333333333332,12.387698412698413,11,0,2.1882275485328924
YBL022C,0.0,0.0,0.0,0.0,1,0,0.0
YDR086C,0.0,0.0,0.0,0.0,2,1,0.0
YBL023C,0.1,0.043976179569399906,0.0,0.0,5,1,1.0439761795693998
YDL017W,0.03502824858757062,2.045454308257493,0.0,81.49036796536798,60,1,3.045454308257493
YDR052C,0.09388335704125178,2.381526596111035,0.0,84.72291334396597,38,1,3.381526596111035
YIL150C,0.0,0.0,0.0,0.0,3,1,0.0
YLR103C,0.048539518900343644,4.529548554889196,546.8333333333334,245.5623340024269,97,1,5.529548554889196
YOR196C,0.0,0.0,0.0,0.0,2,0,0.0
YBL024W,0.6666666666666666,0.13617891754909822,1.0,6.333333333333334,6,0,1.1361789175490982
YGR237C,0.0,0.0,0.0,0.0,3,0,0.0
YBL025W,0.0,0.0,0.0,0.0,7,0,0.0
YDL113C,0.0,0.0,0.0,0.0,4,0,0.0
YIL141W,0.0,0.0,0.0,0.0,3,0,0.0
YJR087W,0.0,0.0,0.0,0.0,2,0,0.0
YMR270C,0.0,0.0,0.0,0.0,2,1,0.0
YBL026W,0.0641025641025641,3.2964076141405476,114.75,62.42792397660818,52,1,4.296407614140548
YBL066C,0.1,0.0696078431372549,4.5,0.0,5,0,1.0696078431372549
YCR020C-A,0.26666666666666666,0.4139496474954,0.0,0.0,6,0,1.0581503812806123
YCR077C,0.0953058321479374,3.2483098041147582,78.75000000000001,77.43452380952381,38,0,4.248309804114758
YDL175C,0.5,0.1377141847730083,6.0,3.1,4,0,1.1377141847730083
YDR166C,0.3333333333333333,0.5169491525423728,0.0,3.4166666666666665,4,1,1.5169491525423728
YDR378C,0.233201581027668,3.6240464290975796,59.34444444444445,67.5059523809524,23,1,4.62404642909758
YDR440W,0.13333333333333333,0.07572286204361675,18.25,2.6722222222222225,6,0,1.0757228620436168
YEL015W,0.11428571428571428,1.6334599018860023,54.166666666666664,16.729448621553885,21,0,2.6334599018860025
YER025W,0.3333333333333333,0.0508578431372549,0.0,0.0,3,1,1.0508578431372548
YER112W,0.0945945945945946,3.2437996820349766,78.5,65.16626984126984,37,1,4.243799682034977
YER146W,0.12121212121212122,3.5186517399752693,203.33333333333331,56.70116959064328,33,1,4.518651739975269
YGL173C,0.21512605042016808,5.182601025902091,97.0,121.17765567765566,35,0,6.182601025902091
YGL185C,0.0,0.0,0.0,0.0,4,0,0.0
YGR077C,0.0,0.0,0.0,0.0,1,0,0.0
YGR158C,0.13333333333333333,0.08104575163398693,2.0,1.4,6,1,1.0810457516339869
YIL048W,1.0,0.14616013071895426,2.6666666666666665,0.0,3,1,1.1461601307189542
YIL066C,0.0,0.0,0.0,0.0,2,0,0.0
YIL132C,0.03571428571428571,0.08609738884968243,2.25,2.166666666666667,8,0,1.0860973888496823
YJL124C,0.05410628019323672,2.363121940695469,121.65000000000002,77.94642857142857,46,0,3.363121940695469
YJR022W,0.04751131221719457,2.4705882352941178,66.16666666666667,91.91666666666666,52,1,3.4705882352941178
YLR039C,0.016396911033534328,2.2627737226277382,291.3333333333333,261.80238095238093,138,0,3.2627737226277382
YLR120C,0.0,0.0,0.0,0.0,1,0,0.0
YLR126C,0.0,0.0,0.0,0.0,1,0,0.0
YLR128W,0.0,0.0,0.0,0.0,4,0,0.0
YLR275W,0.6,0.3722704991087344,19.333333333333332,2.0,5,1,1.3722704991087344
YLR438C-A,0.23333333333333334,3.1737855589837687,66.0,46.02182539682539,21,1,4.173785558983768
YMR066W,0.0,0.0,0.0,0.0,1,0,0.0
YMR207C,0.0,0.0,0.0,0.0,1,0,0.0
YMR237W,0.0,0.0,0.0,0.0,1,0,0.0
YMR268C,0.6666666666666666,0.7493952126305068,23.833333333333332,11.25,6,1,1.7493952126305068
YNL118C,0.03361344537815126,1.0387299063769653,39.0,18.70655806182122,35,1,2.0387299063769655
YNL147W,0.47619047619047616,3.3960549970620306,50.25,38.96386800334168,15,1,4.396054997062031
YNL264C,0.0,0.0,0.0,0.0,4,0,0.0
YNL287W,0.06666666666666667,0.30000000000000004,0.4,2.0,6,1,1.3
YOL102C,0.0,0.0,0.0,0.0,2,1,0.0
YOL149W,0.2572463768115942,4.571704056156035,122.66666666666666,88.04285714285714,24,1,5.571704056156035
YOL163W,0.0,0.0,0.0,0.0,1,0,0.0
YOR017W,0.0,0.0,0.0,0.0,4,0,0.0
YOR043W,0.0,0.0,0.0,0.0,10,0,0.0
YOR191W,0.0,0.0,0.0,0.0,5,0,0.0
YPL042C,0.3333333333333333,0.34025974025974026,17.25,2.6095238095238096,4,0,1.3402597402597403
YPL115C,0.3611111111111111,0.6607391165352524,5.833333333333333,35.49166666666667,9,1,1.6607391165352525
YPL119C,0.0,0.0,0.0,0.0,1,0,0.0
YPL249C,0.0,0.0,0.0,0.0,4,0,0.0
YPR032W,0.06666666666666667,0.0269071132102476,1.3333333333333333,0.0,6,0,1.0269071132102476
YPR184W,0.16666666666666666,0.0508578431372549,2.25,0.0,4,0,1.0508578431372548
YBR084C-A,0.0,0.0,0.0,0.0,2,0,0.0
YBL032W,0.0,0.0,0.0,0.0,2,0,0.0
YFR012W,0.0,0.0,0.0,0.0,1,0,0.0
YBL033C,0.0,0.0,0.0,0.0,2,0,0.0
YNL105W,0.0,0.0,0.0,0.0,2,0,0.0
YPR172W,0.0,0.0,0.0,0.0,4,0,0.0
YBL034C,0.16666666666666666,0.1,0.5,3.157142857142857,4,1,1.1
YDR330W,0.0,0.0,0.0,0.0,1,0,0.0
YFL037W,0.22795698924731184,4.709396547252,232.08333333333331,92.89149184149186,31,1,5.709396547252
YBL038W,0.0,0.0,0.0,0.0,1,0,0.0
YGR033C,0.0,0.0,0.0,0.0,3,0,0.0
YBL039C,0.0,0.0,0.0,0.0,2,0,0.0
YJR103W,0.0,0.0,0.0,0.0,3,0,0.0
YBL040C,0.0,0.0,0.0,0.0,2,1,0.0
YCR067C,0.0,0.0,0.0,0.0,5,0,0.0
YDR077W,0.0,0.0,0.0,0.0,2,0,0.0
YBL042C,0.0,0.0,0.0,0.0,4,0,0.0
YBR021W,0.0,0.0,0.0,0.0,3,0,0.0
YER021W,0.0,0.0,0.0,0.0,2,1,0.0
YBL043W,0.0,0.0,0.0,0.0,2,0,0.0
YDR099W,0.047619047619047616,0.2777777777777778,0.0,0.0,7,0,0.44920634920634916
YBL044W,0.0,0.0,0.0,0.0,1,0,0.0
YJL159W,0.0,0.0,0.0,0.0,5,0,0.0
YBL045C,0.16666666666666666,0.34108527131782945,4.5,0.0,4,0,0.829721634954193
YLR090W,0.16666666666666666,0.34108527131782945,4.5,0.0,4,0,0.829721634954193
YPR191W,0.0,0.0,0.0,0.0,6,0,0.0
YBL049W,0.3333333333333333,0.062332301341589263,0.0,5.0,3,0,1.0623323013415893
YGR172C,0.0784313725490196,1.23343653250774,23.72222222222222,15.05,18,1,2.2334365325077403
YIL034C,0.11182795698924732,1.929620671756631,45.16666666666667,36.12857142857143,31,0,2.929620671756631
YBR080C,1.0,0.14646464646464646,4.5,2.0,2,1,1.1464646464646464
YHL031C,0.25757575757575757,1.0680018077356475,47.833333333333336,27.801587301587304,12,0,2.0680018077356475
YKR068C,0.2573099415204678,4.604761904761904,36.083333333333336,39.52063492063492,19,1,5.604761904761904
YLR093C,1.0,0.2159090909090909,2.25,3.333333333333333,2,0,1.2159090909090908
YOL018C,0.09558823529411764,0.8233835690456318,19.944444444444443,20.43524531024531,17,0,1.8233835690456317
YOR106W,0.1111111111111111,0.5362802004385796,14.666666666666666,8.175,9,1,1.5362802004385796
YIL151C,0.0,0.0,0.0,0.0,3,0,0.0
YKR096W,0.0,0.0,0.0,0.0,1,0,0.0
YPL153C,0.0,0.0,0.0,0.0,5,1,0.0
YBL053W,0.0,0.0,0.0,0.0,4,0,0.0
YEL069C,0.0,0.0,0.0,0.0,3,0,0.0
YPR165W,0.054945054945054944,0.2635628744373145,1.5666666666666667,5.439102564102564,14,1,1.2635628744373144
YBL056W,0.0,0.0,0.0,0.0,2,0,0.0
YDR071C,0.0,0.0,0.0,0.0,3,0,0.0
YOR020C,0.05555555555555555,0.21661945935201748,15.0,6.5,9,1,1.2166194593520174
YBL059W,0.0,0.0,0.0,0.0,2,0,0.0
YCR099C,0.0,0.0,0.0,0.0,7,0,0.0
YBL061C,0.12669683257918551,5.820791692149178,268.5,333.0,52,0,6.820791692149178
YBL047C,0.5277777777777778,0.6812869837827947,26.6,34.18015873015872,9,0,1.6812869837827948
YBL067C,0.0,0.0,0.0,0.0,2,0,0.0
YBL069W,0.0,0.0,0.0,0.0,2,0,0.0
YBL072C,0.1,0.03684922244759973,7.583333333333333,1.3333333333333333,5,0,1.0368492224475998
YBR023C,0.09585037989479836,5.241190038559456,215.48333333333332,89.46847041847042,59,0,6.241190038559456
YDR129C,0.2134387351778656,2.87480984227823,0.0,41.9599756968178,23,0,3.87480984227823
YDR207C,0.01904761904761905,0.16483516483516483,0.0,0.0,15,0,0.2803907203907204
YDR245W,0.3142857142857143,1.3430797158403234,50.444444444444436,80.08333333333334,15,0,2.3430797158403234
YDR377W,0.0,0.0,0.0,0.0,2,0,0.0
YEL031W,0.3238095238095238,0.944735873485574,75.16666666666667,46.87445887445888,15,0,1.944735873485574
YFL036W,0.0,0.0,0.0,0.0,9,0,0.0
YFR019W,0.43790849673202614,1.905210962177375,66.16666666666666,31.77762515262516,18,0,2.905210962177375
YGR229C,0.08734567901234568,6.556546796674101,979.3000000000002,258.8984293484294,81,0,7.556546796674101
YHR030C,0.09813664596273292,6.34800822598046,0.0,244.7806637806638,70,0,7.34800822598046
YHR107C,0.14285714285714285,2.1659762342254494,26.666666666666668,46.82234432234433,21,1,3.1659762342254494
YIL007C,0.0,0.0,0.0,0.0,7,0,0.0
YJL095W,0.15897435897435896,4.259721149678192,574.25,164.5785714285714,40,0,5.259721149678192
YJL148W,0.05454545454545454,0.20482157267801449,0.0,3.333333333333333,11,0,1.2048215726780145
YJR118C,0.4909090909090909,1.3046875683278467,0.0,15.354329004329005,11,0,2.3046875683278465
YKL079W,0.2046783625730994,1.953721284992806,111.03333333333333,23.138347763347767,19,0,2.953721284992806
YKL126W,0.0,0.0,0.0,0.0,5,0,0.0
YKL176C,0.0,0.0,0.0,0.0,4,0,0.0
YLL043W,0.21212121212121213,0.8333788653801442,90.25,9.333333333333332,12,0,1.8333788653801442
YLR110C,0.35714285714285715,0.35683600341986765,26.861111111111114,20.25,8,0,1.3568360034198677
YLR337C,0.31601731601731603,3.0406965223275915,198.08333333333334,65.98492063492063,22,0,4.0406965223275915
YLR338W,0.1388888888888889,0.24601686721362176,46.833333333333336,0.0,9,0,0.8105671375342689
YLR342W,0.03363303363303363,2.6187736314318584,71.55666666666669,64.2827922077922,78,0,3.6187736314318584
YLR370C,0.1388888888888889,0.2212834705290056,33.583333333333336,7.818253968253969,9,0,1.2212834705290057
YLR425W,0.26666666666666666,0.12722942795668957,0.0,0.0,6,0,1.1272294279566895
YML115C,0.11029411764705882,0.736654491857801,34.11111111111111,4.55,17,0,1.7366544918578009
YMR089C,0.09523809523809523,0.37018255578093306,6.708333333333333,1.125,7,0,1.370182555780933
YNL079C,0.2087912087912088,0.8817146820769091,69.33333333333333,36.333333333333336,14,0,1.881714682076909
YNL233W,0.19373219373219372,3.140872976121201,0.0,123.75,27,0,4.1408729761212015
YNL271C,0.06613924050632912,5.050438682425754,262.48888888888894,188.812996214312,80,0,6.050438682425754
YNR051C,0.17647058823529413,0.9912382891384154,0.0,34.12738095238095,18,0,1.9912382891384155
YOR035C,0.25757575757575757,0.705627459532532,116.5,27.1,12,0,1.705627459532532
YPL193W,0.0,0.0,0.0,0.0,2,0,0.0
YBL063W,0.3333333333333333,0.02538152610441767,3.0,2.033333333333333,3,0,1.0253815261044177
YPR141C,0.12105565117613311,9.086065999112234,361.0555555555556,261.036507936508,84,0,10.086065999112234
YGR117C,0.0,0.0,0.0,0.0,3,0,0.0
YML091C,0.0,0.0,0.0,0.0,1,1,0.0
YJL203W,0.041666666666666664,0.5696969696969697,9.5,9.333333333333334,16,1,1.5696969696969698
YBL068W,0.0,0.0,0.0,0.0,1,0,0.0
YOL061W,0.0,0.0,0.0,0.0,7,0,0.0
YGL008C,0.0,0.0,0.0,0.0,1,1,0.0
YBL071C,0.0,0.0,0.0,0.0,2,0,0.0
YNL261W,0.3333333333333333,0.75,2.0,2.640151515151515,3,1,1.75
YBL075C,0.0,0.0,0.0,0.0,1,0,0.0
YBL078C,0.16666666666666666,0.45,0.4,2.0075757575757573,4,0,1.45
YHR171W,0.2,1.0,31.7,5.822727272727273,6,0,2.0
YNL223W,0.3333333333333333,0.1,1.0,3.157142857142857,3,0,1.1
YNR007C,0.3,0.8577519379844962,34.2,6.463636363636364,5,0,1.8577519379844962
YOL083W,0.0,0.0,0.0,0.0,5,0,0.0
YBL079W,0.3333333333333333,0.46590909090909094,3.333333333333333,0.0,4,0,1.1813562453806354
YER105C,0.05555555555555555,0.46590909090909094,3.333333333333333,0.0,9,0,0.585150283321015
YLR335W,0.09523809523809523,0.16830065359477125,5.777777777777778,3.035897435897436,7,0,1.1683006535947713
YOR098C,0.06060606060606061,0.28188320782858595,9.944444444444443,4.275757575757575,12,1,1.281883207828586
YBL082C,0.0,0.0,0.0,0.0,3,0,0.0
YEL002C,0.5,1.4166666666666665,5.166666666666667,0.0,4,1,1.7696078431372548
YBL084C,1.0,6.3576900223959045,39.75,11.878571428571428,9,1,7.3576900223959045
YDL008W,0.8363636363636363,7.872477032771152,0.0,20.245238095238093,11,1,8.872477032771151
YDR118W,0.9777777777777777,7.707956830750949,43.75,24.6,10,1,8.707956830750948
YFR036W,0.3137254901960784,5.33398799781178,108.33333333333334,30.96190476190477,18,0,6.33398799781178
YGL240W,0.5164835164835165,6.612561829651081,74.35,16.795238095238098,14,0,7.612561829651081
YHR166C,0.35294117647058826,5.953366873065015,25.416666666666668,35.6,17,1,6.953366873065015
YKL022C,0.8,7.51906794186206,79.5,24.6,11,1,8.51906794186206
YLR127C,0.5641025641025641,6.867552790346908,43.75,17.77619047619048,13,1,7.867552790346908
YNL172W,0.9777777777777777,7.707956830750949,17.166666666666664,16.795238095238098,10,1,8.707956830750948
YOR249C,0.7121212121212122,7.689522487316605,79.5,39.08333333333333,12,1,8.689522487316605
YBL085W,0.14285714285714285,1.432279279028505,0.0,29.400757575757577,14,0,2.432279279028505
YDR085C,0.0,0.0,0.0,0.0,3,0,0.0
YER114C,0.16993464052287582,1.999693739868064,48.66666666666667,115.5,18,0,2.9996937398680643
YER124C,0.14285714285714285,0.37675637056442013,0.0,5.0,7,0,1.3767563705644201
YIL118W,0.08974358974358974,0.8750605314268753,3.4444444444444446,8.5,13,1,1.8750605314268753
YJR056C,0.16666666666666666,0.12426900584795321,0.0,0.0,4,0,1.1242690058479532
YKR055W,0.16666666666666666,0.5337103204564113,3.4444444444444446,5.25,9,0,1.5337103204564113
YMR032W,0.03684210526315789,0.5431054935081236,5.166666666666667,5.901515151515152,20,1,1.5431054935081236
YNL078W,0.0,0.0,0.0,0.0,9,0,0.0
YBL086C,0.0,0.0,0.0,0.0,2,0,0.0
YJR040W,0.0,0.0,0.0,0.0,3,0,0.0
YBL088C,0.0,0.0,0.0,0.0,1,0,0.0
YBR136W,0.0,0.0,0.0,0.0,4,1,0.0
YBL089W,0.0,0.0,0.0,0.0,3,0,0.0
YLR325C,0.0,0.0,0.0,0.0,3,0,0.0
YOR082C,0.0,0.0,0.0,0.0,3,0,0.0
YBL091C,0.0,0.0,0.0,0.0,1,0,0.0
YLR244C,0.0,0.0,0.0,0.0,1,0,0.0
YBL093C,0.1,0.11309523809523808,2.0,0.0,5,0,0.9973057644110277
YDR477W,0.03162055335968379,0.7272727272727272,8.783333333333333,4.114285714285714,23,0,1.727272727272727
YBL099W,0.0,0.0,0.0,0.0,1,0,0.0
YDR322C-A,0.0,0.0,0.0,0.0,1,0,0.0
YBL100W-A,0.0,0.0,0.0,0.0,3,0,0.0
YJL162C,0.0,0.0,0.0,0.0,2,0,0.0
YNL229C,0.0,0.0,0.0,0.0,5,0,0.0
YBL101C,0.13333333333333333,0.062987012987013,10.0,3.0,6,0,1.062987012987013
YBL102W,0.0,0.0,0.0,0.0,8,1,0.0
YFL058W,0.0,0.0,0.0,0.0,1,0,0.0
YGR068C,0.0,0.0,0.0,0.0,3,0,0.0
YLR026C,0.15555555555555556,1.2286435786435785,17.083333333333332,9.444444444444445,10,1,2.2286435786435783
YBL103C,0.0,0.0,0.0,0.0,2,0,0.0
YOL067C,0.3333333333333333,0.012658227848101266,0.0,0.0,3,0,1.0126582278481013
YBL105C,0.04734848484848485,1.230327213522214,0.0,43.855772005772,33,1,2.230327213522214
YBR045C,0.14285714285714285,0.8642857142857141,0.0,2.8,8,0,1.864285714285714
YDL006W,0.26666666666666666,1.3693709507040397,0.0,47.07936507936509,15,0,2.36937095070404
YDL055C,0.1,0.03635620915032679,6.0,1.4285714285714286,5,1,1.036356209150327
YDR017C,0.0,0.0,0.0,0.0,2,0,0.0
YDR436W,0.0,0.0,0.0,0.0,1,0,0.0
YER165W,0.058333333333333334,0.8999999999999999,7.25,2.083333333333333,16,1,1.9
YGR238C,0.5,0.2164855072463768,0.0,6.333333333333333,4,0,1.2164855072463767
YHR206W,0.0,0.0,0.0,0.0,1,0,0.0
YJR075W,0.07993966817496229,3.1411692862955634,155.98333333333332,426.0,52,0,4.141169286295563
YKL203C,0.14545454545454545,1.478846153846154,10.05,7.697619047619048,11,1,2.478846153846154
YLR305C,0.06666666666666667,0.05380200860832138,0.0,2.1666666666666665,6,1,1.0538020086083213
YML016C,0.06666666666666667,0.01531986531986532,0.0,2.3956043956043955,6,0,1.0153198653198654
YMR307W,0.06359189378057302,2.978760451013024,58.041666666666664,78.37626262626263,54,0,3.978760451013024
YOR008C,0.2857142857142857,0.7143239987805767,24.75,7.005555555555556,8,0,1.7143239987805767
YOR231W,0.09523809523809523,0.10263377926421405,0.0,0.0,7,0,1.0305748131115615
YPL084W,0.2,0.17485600148643626,2.0,4.833333333333334,6,0,1.1748560014864362
YPR159W,0.0106951871657754,0.31789594053744996,30.416666666666668,8.738095238095237,34,0,1.31789594053745
YHR023W,0.13333333333333333,0.5287537293355659,0.0,0.0,10,1,0.7809190114620495
YHR161C,0.047619047619047616,0.3333333333333333,1.0,0.0,7,0,0.47619047619047616
YIL033C,0.14285714285714285,0.7030228758169934,2.0,4.165909090909091,7,0,1.7030228758169934
YOR197W,0.03571428571428571,0.028508771929824563,0.0,0.0,8,0,1.0285087719298245
YOR326W,0.05819209039548023,3.269397177374331,371.5833333333333,91.31367243867244,60,1,4.269397177374331
YBL107C,0.0,0.0,0.0,0.0,1,0,0.0
YML116W,0.0,0.0,0.0,0.0,2,0,0.0
YBR003W,0.0,0.0,0.0,0.0,2,0,0.0
YBR004C,0.0,0.0,0.0,0.0,1,1,0.0
YLR082C,0.14285714285714285,0.2610114300903774,4.916666666666667,0.0,7,0,0.8083328359294909
YBR006W,0.0,0.0,0.0,0.0,2,0,0.0
YKL023W,0.0,0.0,0.0,0.0,8,0,0.0
YBR009C,0.3333333333333333,0.9523809523809523,0.0,0.0,4,1,1.3023809523809522
YBR010W,0.6666666666666666,0.9523809523809523,0.0,0.0,3,0,1.6523809523809523
YNL031C,0.6666666666666666,1.9285714285714284,0.0,0.0,4,0,2.2742504409171076
YNL030W,0.6666666666666666,1.9285714285714284,0.0,0.0,4,0,2.2742504409171076
YBR013C,0.0,0.0,0.0,0.0,1,0,0.0
YGR292W,0.0,0.0,0.0,0.0,3,0,0.0
YBR015C,0.9,0.31713345463160697,24.125,3.966666666666667,5,0,1.317133454631607
YBR017C,0.06666666666666667,0.4887043189368771,6.833333333333333,5.9523809523809526,10,0,1.4887043189368772
YDR192C,0.05555555555555555,0.5,3.0,5.886904761904763,9,0,1.5
YGL092W,0.0,0.0,0.0,0.0,11,1,0.0
YGL122C,0.03571428571428571,0.25396825396825395,5.833333333333333,0.6153846153846154,8,1,1.253968253968254
YGR119C,0.05627705627705628,1.0420999433702285,20.304166666666667,33.666666666666664,22,1,2.0420999433702285
YKL068W,0.12727272727272726,0.7759233926128591,11.0,22.428571428571423,11,0,1.7759233926128593
YMR047C,0.0020274299344066786,0.2635658914728683,23.52083333333333,36.99047619047619,130,1,1.2635658914728682
YNR069C,0.0,0.0,0.0,0.0,6,0,0.0
YOL123W,0.2,0.42896825396825394,6.916666666666667,2.2403846153846154,5,1,1.428968253968254
YBR019C,0.0,0.0,0.0,0.0,2,0,0.0
YOL150C,0.0,0.0,0.0,0.0,4,0,0.0
YBR020W,0.0,0.0,0.0,0.0,2,0,0.0
YML051W,0.0,0.0,0.0,0.0,3,0,0.0
YEL021W,0.0,0.0,0.0,0.0,1,0,0.0
YOR128C,0.0,0.0,0.0,0.0,23,0,0.0
YBR057C,0.03636363636363636,0.22497079439252338,3.777777777777778,10.333333333333332,11,0,1.2249707943925234
YBR077C,0.0,0.0,0.0,0.0,6,0,0.0
YDL032W,0.0,0.0,0.0,0.0,1,0,0.0
YDL033C,0.2222222222222222,0.27247076484364624,0.0,13.214285714285715,9,0,1.2724707648436462
YDL223C,0.3333333333333333,0.030228392297357815,9.45,0.0,3,0,1.0302283922973579
YEL044W,0.0,0.0,0.0,0.0,1,1,0.0
YGL200C,0.07692307692307693,0.5989984587089336,19.333333333333336,14.666666666666666,14,0,1.5989984587089336
YGR135W,0.16666666666666666,0.6840473702542669,49.85,8.031746031746032,13,0,1.6840473702542669
YKL041W,0.0,0.0,0.0,0.0,8,0,0.0
YKR020W,0.2692307692307692,0.645622292207954,38.30555555555556,15.714285714285714,13,0,1.645622292207954
YLL039C,0.0,0.0,0.0,0.0,8,0,0.0
YMR116C,0.5,0.09272839229735783,26.25,0.0,4,0,1.0927283922973579
YOR312C,0.16666666666666666,0.030228392297357815,9.45,0.0,4,0,1.0302283922973579
YPL069C,0.06666666666666667,0.03764954257565095,0.0,0.0,6,0,1.037649542575651
YBR024W,0.3333333333333333,1.0,2.0,1.1428571428571428,3,1,2.0
YBR037C,0.3333333333333333,1.0,2.0,2.017857142857143,3,0,2.0
YLL009C,0.3333333333333333,1.0,2.0,0.875,3,0,1.875
YBR025C,0.0,0.0,0.0,0.0,1,0,0.0
YNL207W,0.0,0.0,0.0,0.0,1,1,0.0
YBR033W,0.0,0.0,0.0,0.0,2,0,0.0
YNL228W,0.0,0.0,0.0,0.0,2,0,0.0
YBR034C,0.0,0.0,0.0,0.0,8,0,0.0
YDR432W,0.0,0.0,0.0,0.0,2,1,0.0
YBR036C,0.04411764705882353,0.6374327956989247,7.975,2.083333333333333,17,0,1.6374327956989247
YBR265W,0.0,0.0,0.0,0.0,3,1,0.0
YDL015C,0.0,0.0,0.0,0.0,2,1,0.0
YDR062W,0.0,0.0,0.0,0.0,1,1,0.0
YDR208W,0.0,0.0,0.0,0.0,1,1,0.0
YDR270W,0.0,0.0,0.0,0.0,2,0,0.0
YDR297W,0.0,0.0,0.0,0.0,2,0,0.0
YER093C,0.26666666666666666,0.738568376068376,7.7375,2.8166666666666664,6,1,1.7385683760683759
YMR272C,0.2857142857142857,0.5964704170263977,0.0,7.011904761904762,7,0,1.5964704170263977
YMR296C,0.0,0.0,0.0,0.0,4,1,0.0
YNL330C,0.1,0.14583333333333331,2.25,0.0,5,0,0.8315476190476192
YOL004W,0.02564102564102564,0.1777749832327297,6.0,0.0,13,0,0.32200801970816184
YPL057C,0.06666666666666667,0.4117383512544803,4.5,1.5,10,0,1.4117383512544803
YPL231W,0.0,0.0,0.0,0.0,1,1,0.0
YBR039W,0.0,0.0,0.0,0.0,1,0,0.0
YPR024W,0.1,0.5,0.0,2.761904761904762,5,0,1.5
YBR040W,0.0,0.0,0.0,0.0,1,0,0.0
YCL040W,0.0,0.0,0.0,0.0,6,0,0.0
YBR043C,0.0,0.0,0.0,0.0,2,0,0.0
YGR074W,0.022222222222222223,0.13813813813813813,4.5,1.5,10,1,1.1381381381381381
YJL155C,0.0,0.0,0.0,0.0,2,0,0.0
YBR044C,0.0,0.0,0.0,0.0,4,0,0.0
YKL141W,0.0,0.0,0.0,0.0,3,1,0.0
YKL148C,0.0,0.0,0.0,0.0,2,0,0.0
YLL041C,0.0,0.0,0.0,0.0,2,0,0.0
YLR263W,0.13333333333333333,0.5928571428571429,0.0,2.0,6,0,1.592857142857143
YOR178C,0.2,0.5357142857142857,0.0,1.4285714285714286,5,0,1.5357142857142856
YOR329C,0.1,0.19285714285714284,0.0,0.0,5,1,0.7113756613756614
YBR046C,0.0,0.0,0.0,0.0,1,0,0.0
YBR048W,0.0,0.0,0.0,0.0,2,0,0.0
YDR025W,0.0,0.0,0.0,0.0,3,0,0.0
YDR450W,0.0,0.0,0.0,0.0,3,0,0.0
YBR050C,0.6666666666666666,0.2621212121212121,0.0,0.0,3,0,1.2621212121212122
YDR028C,0.07692307692307693,0.8196969696969697,26.083333333333332,0.0,13,0,0.9135402798064536
YBR052C,0.0,0.0,0.0,0.0,1,0,0.0
YDR032C,0.0,0.0,0.0,0.0,3,0,0.0
YBR054W,0.0,0.0,0.0,0.0,3,0,0.0
YDR190C,0.0,0.0,0.0,0.0,2,1,0.0
YBR055C,0.0,0.0,0.0,0.0,4,1,0.0
YDL064W,0.0,0.0,0.0,0.0,4,1,0.0
YPR082C,0.0,0.0,0.0,0.0,1,1,0.0
YCL055W,0.1,0.35,6.0,3.0,5,0,1.35
YDR206W,0.0,0.0,0.0,0.0,5,0,0.0
YGL192W,1.0,0.35,3.111111111111111,2.1666666666666665,2,0,1.35
YIL144W,0.05533596837944664,1.17016317016317,24.666666666666664,9.566666666666668,23,1,2.1701631701631703
YBR058C,0.0,0.0,0.0,0.0,7,0,0.0
YOL059W,0.0,0.0,0.0,0.0,2,0,0.0
YOL064C,0.0,0.0,0.0,0.0,5,0,0.0
YOL113W,0.0,0.0,0.0,0.0,2,0,0.0
YOL132W,0.0,0.0,0.0,0.0,2,0,0.0
YOL156W,0.0,0.0,0.0,0.0,2,0,0.0
YBR059C,0.0,0.0,0.0,0.0,8,0,0.0
YER144C,0.0,0.0,0.0,0.0,4,0,0.0
YBR060C,0.1,0.5,2.0,2.1818181818181817,5,1,1.5
YPR019W,1.0,0.75,2.0,0.4583333333333333,2,1,1.75
YBR061C,0.0,0.0,0.0,0.0,19,0,0.0
YBR300C,0.0,0.0,0.0,0.0,1,0,0.0
YDR383C,0.027777777777777776,0.13425925925925924,2.25,15.0,9,0,1.1342592592592593
YDR461W,0.0,0.0,0.0,0.0,2,0,0.0
YER028C,0.0,0.0,0.0,0.0,2,0,0.0
YGR195W,0.2857142857142857,2.0,6.083333333333333,6.008391608391609,7,1,3.0
YGR201C,0.0,0.0,0.0,0.0,2,0,0.0
YGR219W,0.0,0.0,0.0,0.0,1,0,0.0
YGR235C,0.0,0.0,0.0,0.0,1,0,0.0
YGR277C,0.0,0.0,0.0,0.0,1,1,0.0
YHL011C,0.1,0.3333333333333333,4.5,0.0,5,0,0.6333333333333333
YHR008C,0.0,0.0,0.0,0.0,3,0,0.0
YHR022C,0.0,0.0,0.0,0.0,3,0,0.0
YHR026W,0.0,0.0,0.0,0.0,4,0,0.0
YHR058C,0.06666666666666667,0.02282051282051282,2.0,1.6,6,1,1.0228205128205128
YHR059W,0.0,0.0,0.0,0.0,1,0,0.0
YJL097W,0.3333333333333333,0.17045454545454547,1.3333333333333333,1.4545454545454546,3,1,1.1704545454545454
YJL140W,0.0,0.0,0.0,0.0,4,0,0.0
YJL166W,0.0,0.0,0.0,0.0,3,0,0.0
YBR064W,0.0,0.0,0.0,0.0,2,0,0.0
YOR317W,0.0,0.0,0.0,0.0,4,0,0.0
YBR066C,0.0,0.0,0.0,0.0,2,0,0.0
YBR067C,0.0,0.0,0.0,0.0,3,0,0.0
YNL237W,0.0,0.0,0.0,0.0,2,0,0.0
YPR138C,0.0,0.0,0.0,0.0,1,0,0.0
YBR068C,0.0,0.0,0.0,0.0,4,0,0.0
YJL129C,0.0,0.0,0.0,0.0,1,0,0.0
YKL106W,0.0,0.0,0.0,0.0,3,0,0.0
YKR050W,0.0,0.0,0.0,0.0,2,0,0.0
YOR133W,0.0,0.0,0.0,0.0,2,0,0.0
YBR069C,0.0,0.0,0.0,0.0,1,0,0.0
YOL109W,0.0,0.0,0.0,0.0,2,0,0.0
YBR073W,0.0,0.0,0.0,0.0,3,0,0.0
YER179W,0.0,0.0,0.0,0.0,15,0,0.0
YBR074W,0.0,0.0,0.0,0.0,3,0,0.0
YMR083W,0.0,0.0,0.0,0.0,2,0,0.0
YKR007W,0.16666666666666666,0.4583333333333333,2.0,2.230769230769231,4,0,1.4583333333333333
YMR004W,0.19047619047619047,0.4203435093879831,2.25,6.285714285714286,7,0,1.420343509387983
YOR045W,0.1,0.26785714285714285,2.0,2.2666666666666666,5,0,1.2678571428571428
YBR079C,0.3333333333333333,0.3333333333333333,2.0,3.333333333333333,3,1,1.3333333333333333
YMR309C,0.19047619047619047,1.3333333333333333,3.0,7.374999999999999,7,1,2.333333333333333
YNL243W,0.19230769230769232,1.3144489062245601,1.5,4.820346320346321,13,1,2.31444890622456
YOR361C,0.23809523809523808,1.6666666666666667,4.0,23.0,7,1,2.666666666666667
YBR081C,0.6397058823529411,9.246028116955637,19.5,49.51964994070257,17,0,10.246028116955637
YBR198C,0.6583333333333333,8.513091465002894,14.0,70.74444444444444,16,1,9.513091465002894
YDR145W,0.8571428571428571,8.620421219647225,13.0,64.94444444444444,14,1,9.620421219647225
YDR167W,0.14453781512605043,5.0329205366357055,19.0,54.503912066605565,35,1,6.0329205366357055
YDR176W,0.3201581027667984,7.0622928140048415,29.833333333333336,52.28141332351858,23,0,8.062292814004842
YDR448W,0.3952380952380952,7.867175961293606,16.0,51.67700077700078,21,0,8.867175961293606
YGL112C,0.5098039215686274,8.113730851192152,13.0,58.27832167832168,18,1,9.113730851192152
YGR252W,0.38961038961038963,8.277748253451577,42.333333333333336,42.61204059098795,22,0,9.277748253451577
YHR099W,0.7428571428571429,8.554487153713161,13.0,45.76175520386047,15,1,9.554487153713161
YMR236W,0.41578947368421054,7.753875330036321,13.0,81.22222222222223,20,1,8.75387533003632
YNL236W,0.07368421052631578,1.4105718842560948,38.333333333333336,14.942857142857145,20,0,2.410571884256095
YOL051W,0.5333333333333333,1.1215111642743223,20.333333333333332,2.1142857142857143,6,0,2.121511164274322
YOL148C,0.3952569169960474,8.805122839649693,61.333333333333336,154.39999999999998,23,0,9.805122839649693
YOR290C,0.3055555555555556,1.3402317552775218,6.0,8.83157894736842,9,0,2.3402317552775216
YPL254W,0.8681318681318682,8.696619849784211,16.5,95.83333333333334,14,0,9.696619849784211
YBR082C,0.09523809523809523,0.6666666666666666,0.0,0.0,7,0,0.8095238095238095
YDR059C,0.6666666666666666,1.0833333333333333,0.0,0.0,3,0,1.6987179487179487
YDR177W,1.0,0.6666666666666666,0.0,0.0,2,1,1.6666666666666665
YMR022W,0.1,0.41666666666666663,0.0,0.0,5,0,0.6566666666666667
YBR083W,0.0,0.0,0.0,0.0,2,0,0.0
YKL043W,0.0,0.0,0.0,0.0,2,0,0.0
YBR085W,1.0,0.24545454545454548,0.0,0.0,2,0,1.2454545454545456
YDL143W,0.3333333333333333,1.5266233766233768,3.0,3.0,6,1,2.5266233766233768
YBR087W,0.1,0.3055555555555556,2.0,2.303571428571429,5,1,1.3055555555555556
YBR088C,0.0,0.0,0.0,0.0,3,1,0.0
YDR328C,0.07368421052631578,1.439234449760765,10.166666666666666,12.16029411764706,20,1,2.439234449760765
YER173W,0.27485380116959063,2.5273134977858933,145.83333333333331,117.7142857142857,19,0,3.5273134977858933
YJR068W,0.3,0.7254901960784313,4.0,3.4178571428571427,5,1,1.7254901960784315
YLR390W,0.0,0.0,0.0,0.0,2,0,0.0
YJR043C,0.22402159244264508,7.3796381851397825,422.1666666666667,169.82084500466854,39,0,8.379638185139783
YOR217W,0.3333333333333333,0.3055555555555556,2.0,2.128571428571429,3,1,1.3055555555555556
YBR090C,0.0,0.0,0.0,0.0,1,0,0.0
YBR091C,0.19047619047619047,1.3333333333333333,4.0,7.0,7,1,2.333333333333333
YDL217C,0.26666666666666666,1.5333333333333332,4.0,7.6,6,1,2.533333333333333
YEL020W-A,1.0,0.41666666666666663,2.0,2.0,2,1,1.4166666666666665
YHR005C-A,0.4,1.5499999999999998,4.0,6.199999999999999,5,1,2.55
YOR297C,0.26666666666666666,1.5333333333333334,4.0,5.425000000000001,6,1,2.533333333333333
YOR334W,0.0,0.0,0.0,0.0,3,0,0.0
YBR093C,0.0,0.0,0.0,0.0,4,0,0.0
YKR106W,0.0,0.0,0.0,0.0,1,0,0.0
YML077W,0.3088235294117647,4.820039682539683,28.958333333333332,55.1,17,1,5.820039682539683
YBR094W,0.06324110671936758,1.0521922316824803,66.83333333333334,10.198809523809524,23,0,2.05219223168248
YBR194W,0.0,0.0,0.0,0.0,5,0,0.0
YCR086W,0.07586206896551724,0.9691869114599146,21.0,32.99523809523809,30,0,1.9691869114599148
YDL162C,0.0,0.0,0.0,0.0,6,0,0.0
YDR363W,0.054078014184397165,2.560078629360146,154.31666666666666,64.8,48,0,3.560078629360146
YER019W,0.2222222222222222,0.22773418264943263,13.0,10.292857142857144,10,0,1.2277341826494326
YER041W,0.0,0.0,0.0,0.0,1,0,0.0
YLR234W,0.31620553359683795,4.019392839373574,0.0,77.58658008658008,23,0,5.019392839373574
YLR373C,0.013289036544850499,0.4707677514770242,11.277777777777779,40.83333333333333,43,0,1.470767751477024
YML028W,0.2,0.0864787036309851,0.0,0.0,6,0,1.086478703630985
YMR038C,0.32051282051282054,1.0469176711516388,28.72222222222222,70.28571428571429,13,0,2.046917671151639
YMR190C,0.20075757575757575,5.357477337589515,109.82222222222221,110.90243367743368,33,0,6.357477337589515
YNL153C,0.11215502055196712,14.201299518595862,0.0,1283.6678571428572,131,0,15.201299518595862
YNL297C,0.19047619047619047,0.13496529022418371,0.0,3.74512987012987,7,0,1.1349652902241838
YOR001W,0.0,0.0,0.0,0.0,3,0,0.0
YOR144C,0.22638146167557932,6.38440307377506,233.41666666666666,188.69047619047612,34,0,7.38440307377506
YPL024W,0.2967032967032967,1.8068454903874833,38.416666666666664,15.333333333333334,14,0,2.8068454903874835
YBR097W,0.0,0.0,0.0,0.0,2,0,0.0
YBR288C,0.03333333333333333,0.4102218225419664,9.833333333333332,13.75,16,0,1.4102218225419665
YLR240W,0.3333333333333333,0.325,0.0,0.8,3,1,1.325
YBR098W,0.34285714285714286,2.5782260008889057,119.5,16.304761904761904,15,0,3.5782260008889057
YDR369C,0.4666666666666667,1.3197990577553718,0.0,19.61904761904762,10,0,2.3197990577553718
YKL113C,0.14361702127659576,6.332495829042847,130.38888888888889,182.6426129426129,48,0,7.332495829042847
YLR235C,0.27450980392156865,2.3222751419860086,0.0,15.298160173160174,18,0,3.3222751419860086
YBR101C,0.0,0.0,0.0,0.0,12,0,0.0
YBR014C,0.0,0.0,0.0,0.0,4,0,0.0
YHL021C,0.0,0.0,0.0,0.0,3,0,0.0
YJL117W,0.0,0.0,0.0,0.0,5,0,0.0
YKL171W,0.0,0.0,0.0,0.0,1,0,0.0
YLL062C,0.0,0.0,0.0,0.0,2,0,0.0
YLR074C,0.0,0.0,0.0,0.0,2,0,0.0
YLR194C,0.0,0.0,0.0,0.0,1,0,0.0
YMR092C,0.1,0.17857142857142855,2.0,2.0296052631578947,5,0,1.1785714285714286
YMR173W,0.0,0.0,0.0,0.0,3,0,0.0
YOL011W,0.0,0.0,0.0,0.0,3,0,0.0
YPL136W,0.0,0.0,0.0,0.0,2,0,0.0
YBR102C,0.3333333333333333,0.6428571428571428,0.0,3.4166666666666665,4,1,1.6428571428571428
YLR166C,0.16666666666666666,1.8347457627118644,0.0,14.666666666666668,13,1,2.834745762711864
YDR227W,0.06666666666666667,0.325,4.5,0.0,6,0,0.5301282051282051
YGL023C,0.3333333333333333,0.17261904761904762,1.0,0.0,3,0,1.1726190476190477
YGL236C,0.047619047619047616,0.17261904761904762,2.0,0.0,7,1,0.44848111658456485
YIL112W,0.16666666666666666,0.07464607464607464,0.0,0.0,4,0,1.0746460746460746
YJR141W,0.0,0.0,0.0,0.0,5,1,0.0
YMR061W,0.25,1.6083333333333332,7.5,2.5,9,1,2.6083333333333334
YOR319W,0.047619047619047616,0.18627450980392157,4.5,2.5,7,1,1.1862745098039216
YBR107C,0.7032967032967034,2.0600874058287166,81.83333333333334,98.16666666666669,14,0,3.0600874058287166
YPL018W,0.4505928853754941,4.6306855538800376,116.33333333333334,83.38803418803418,23,0,5.6306855538800376
YBR108W,0.47619047619047616,0.20916874175922134,2.0,7.058333333333334,7,0,1.2091687417592214
YCR009C,0.14536340852130325,6.8544545832793435,796.0,211.37608225108224,57,0,7.8544545832793435
YGR136W,0.047619047619047616,0.1736111111111111,0.0,8.0,7,0,1.1736111111111112
YBR109C,0.022222222222222223,0.031441906165561286,0.0,0.8181818181818182,10,1,1.0314419061655613
YCR065W,0.15555555555555556,0.39544166976017764,14.25,12.166666666666666,10,0,1.3954416697601777
YDR356W,0.16666666666666666,0.4,1.5,0.8181818181818182,4,1,1.4
YFR014C,0.0,0.0,0.0,0.0,1,0,0.0
YGL043W,0.0,0.0,0.0,0.0,5,0,0.0
YLR433C,0.0,0.0,0.0,0.0,7,0,0.0
YML057W,0.0,0.0,0.0,0.0,5,0,0.0
YMR109W,0.25,3.3027589659914396,144.0,37.66464646464647,25,0,4.30275896599144
YOL016C,0.0,0.0,0.0,0.0,4,0,0.0
YBR110W,0.0,0.0,0.0,0.0,1,1,0.0
YBR112C,0.047619047619047616,0.2121212121212121,16.25,1.0,7,1,1.2121212121212122
YCR084C,0.0,0.0,0.0,0.0,3,0,0.0
YDL194W,0.0,0.0,0.0,0.0,10,0,0.0
YDR043C,1.0,0.2121212121212121,16.25,1.0,2,0,1.2121212121212122
YMR240C,0.0,0.0,0.0,0.0,8,1,0.0
YOR140W,0.03571428571428571,0.15655577299412915,4.5,0.4,8,0,1.1565557729941291
YBR113W,0.0,0.0,0.0,0.0,1,0,0.0
YDL043C,0.03162055335968379,0.6974747474747475,21.5,13.583333333333334,23,1,1.6974747474747476
YBR114W,0.1,0.012389719984656693,0.0,2.023809523809524,5,0,1.0123897199846568
YJR052W,0.0,0.0,0.0,0.0,2,0,0.0
YLR147C,0.008333333333333333,0.0644927536231884,0.0,4.714285714285714,16,1,1.0644927536231883
YBR117C,0.0,0.0,0.0,0.0,2,0,0.0
YLR249W,0.0,0.0,0.0,0.0,3,1,0.0
YBR119W,0.0,0.0,0.0,0.0,7,0,0.0
YDR110W,0.0,0.0,0.0,0.0,9,0,0.0
YLR223C,0.0,0.0,0.0,0.0,2,1,0.0
YLR449W,0.0,0.0,0.0,0.0,4,0,0.0
YNL227C,0.0,0.0,0.0,0.0,3,0,0.0
YBR123C,0.0,0.0,0.0,0.0,2,1,0.0
YGR047C,0.0,0.0,0.0,0.0,5,1,0.0
YOR110W,0.0,0.0,0.0,0.0,5,1,0.0
YBR125C,0.0,0.0,0.0,0.0,1,0,0.0
YBR126C,0.14285714285714285,0.8890845070422534,5.0,2.033333333333333,8,0,1.8890845070422535
YDL022W,0.0,0.0,0.0,0.0,1,0,0.0
YGL035C,0.0,0.0,0.0,0.0,4,0,0.0
YGL253W,0.47619047619047616,0.13617891754909825,0.0,4.744047619047619,7,0,1.1361789175490982
YML100W,1.0,1.5714285714285714,3.0,2.4,3,0,2.571428571428571
YMR261C,1.0,1.5714285714285714,3.0,1.6666666666666667,3,0,2.571428571428571
YBR127C,0.0,0.0,0.0,0.0,4,0,0.0
YBR128C,0.0,0.0,0.0,0.0,2,0,0.0
YPL120W,0.2,0.5894935146773093,0.0,2.5,6,0,1.5894935146773093
YBR130C,0.0,0.0,0.0,0.0,4,0,0.0
YBR131W,0.3333333333333333,0.2569444444444445,2.0,7.0,4,0,1.2569444444444444
YML001W,0.13333333333333333,0.2882399962383035,18.666666666666668,2.1832611832611835,6,0,1.2882399962383035
YBR133C,0.06666666666666667,0.1625,4.5,1.1,6,0,1.1625
YDL154W,0.0,0.0,0.0,0.0,7,0,0.0
YER087W,0.0,0.0,0.0,0.0,2,0,0.0
YKL101W,0.25,0.21049136053122341,2.0,31.23611111111111,8,1,1.2104913605312233
YPL016W,0.1282051282051282,1.1431029037369056,1.9999999999999998,8.83157894736842,13,1,2.1431029037369056
YBR134W,0.0,0.0,0.0,0.0,1,0,0.0
YBR252W,0.0,0.0,0.0,0.0,4,1,0.0
YDL155W,0.20512820512820512,0.33600023794660866,0.0,24.52380952380952,13,1,1.3360002379466087
YDR078C,0.1,0.41666666666666663,2.0,2.5,5,0,1.4166666666666665
YGR108W,0.16666666666666666,0.1468253968253968,0.0,7.699999999999999,4,0,1.1468253968253967
YLR210W,0.275,1.586222594656907,0.0,94.91666666666669,16,0,2.586222594656907
YPR119W,0.09956709956709957,0.9324534869601013,0.0,76.68831168831169,22,0,1.9324534869601013
YDR499W,0.3333333333333333,0.8333333333333333,1.5,4.25,3,1,1.8333333333333333
YGR180C,0.0,0.0,0.0,0.0,5,0,0.0
YBR138C,0.0,0.0,0.0,0.0,1,0,0.0
YIL046W,0.06060606060606061,0.5140293916609706,7.416666666666667,2.5955882352941178,12,1,1.5140293916609706
YBR139W,0.0,0.0,0.0,0.0,1,0,0.0
YOR381W,0.0,0.0,0.0,0.0,2,0,0.0
YBR195C,0.047619047619047616,0.03673245614035087,1.0,0.0,7,0,1.0367324561403508
YBR141C,0.0,0.0,0.0,0.0,3,0,0.0
YDR372C,0.06666666666666667,0.20719424460431657,0.0,2.207792207792208,6,0,1.2071942446043167
YGL091C,0.0,0.0,0.0,0.0,1,1,0.0
YBR143C,0.16666666666666666,0.3611111111111111,4.5,0.0,4,1,0.8226495726495726
YDR172W,0.1,0.3611111111111111,4.5,0.0,5,1,0.638034188034188
YMR080C,0.044444444444444446,0.35460992907801414,3.25,0.0,10,0,0.4799432624113475
YBR146W,0.0,0.0,0.0,0.0,1,0,0.0
YIL070C,0.0,0.0,0.0,0.0,2,0,0.0
YBR149W,0.0,0.0,0.0,0.0,2,0,0.0
YDL211C,0.0,0.0,0.0,0.0,1,0,0.0
YNL128W,0.0,0.0,0.0,0.0,1,0,0.0
YBR152W,0.0,0.0,0.0,0.0,2,1,0.0
YGR075C,0.0,0.0,0.0,0.0,2,1,0.0
YBR154C,0.0,0.0,0.0,0.0,5,1,0.0
YFL023W,0.0,0.0,0.0,0.0,6,1,0.0
YOR116C,0.0,0.0,0.0,0.0,4,1,0.0
YBR155W,0.06666666666666667,0.2222222222222222,4.5,4.2,6,1,1.2222222222222223
YDR463W,0.0,0.0,0.0,0.0,1,0,0.0
YJR032W,0.24358974358974358,0.45758967878707774,0.0,14.20508658008658,13,0,1.4575896787870777
YMR186W,0.1111111111111111,0.9552631578947368,3.25,14.207142857142856,10,0,1.9552631578947368
YBR156C,0.0,0.0,0.0,0.0,1,0,0.0
YPL209C,0.3333333333333333,0.06333333333333334,1.4583333333333333,0.0,3,1,1.0633333333333332
YBR158W,0.0,0.0,0.0,0.0,1,1,0.0
YDR111C,0.0,0.0,0.0,0.0,1,0,0.0
YDL020C,0.16483516483516483,0.7672087032018418,2.0,31.633333333333333,14,0,1.7672087032018418
YDR168W,0.0,0.0,0.0,0.0,2,1,0.0
YFL029C,0.1,0.08333333333333333,0.0,11.0,5,1,1.0833333333333333
YFR052W,0.14285714285714285,0.5240592740592741,0.0,17.799999999999997,7,1,1.5240592740592742
YGL073W,0.0,0.0,0.0,0.0,1,1,0.0
YGR109C,0.0,0.0,0.0,0.0,1,0,0.0
YGR274C,0.4,0.9458952811893989,9.0,8.644117647058824,5,1,1.945895281189399
YJL194W,0.26666666666666666,0.8075396825396826,6.75,3.5853174603174605,6,1,1.8075396825396826
YKL048C,0.3202614379084967,1.2930788225142988,0.0,73.46611721611721,18,0,2.293078822514299
YKL145W,0.0,0.0,0.0,0.0,2,1,0.0
YMR273C,0.2857142857142857,1.1390977443609023,13.166666666666668,14.703787878787878,8,0,2.1390977443609023
YOR142W,0.0,0.0,0.0,0.0,1,0,0.0
YPR120C,0.23809523809523808,0.332977303070761,0.0,16.45,7,1,1.332977303070761
YBR162C,0.0,0.0,0.0,0.0,6,0,0.0
YBL095W,0.0,0.0,0.0,0.0,2,0,0.0
YBR192W,0.0,0.0,0.0,0.0,3,1,0.0
YGR249W,0.0,0.0,0.0,0.0,11,0,0.0
YNL217W,0.0,0.0,0.0,0.0,1,0,0.0
YOL028C,0.0,0.0,0.0,0.0,1,0,0.0
YPR155C,0.0,0.0,0.0,0.0,2,0,0.0
YBR162W-A,0.0,0.0,0.0,0.0,3,0,0.0
YIL027C,0.0,0.0,0.0,0.0,1,0,0.0
YML108W,0.0,0.0,0.0,0.0,3,0,0.0
YBR164C,0.08325624421831637,3.0001815114078205,0.0,109.5725871350871,47,0,4.0001815114078205
YCR044C,0.14102564102564102,0.3521779443662416,5.666666666666667,7.944805194805195,13,0,1.3521779443662416
YDL077C,0.2857142857142857,0.48279213823482625,17.666666666666664,6.052822177822177,7,0,1.4827921382348261
YDL100C,0.005291005291005291,0.057971775546874466,0.0,0.9375,28,0,1.0579717755468745
YDL192W,0.07272727272727272,0.6838815789473685,59.03333333333334,29.0,11,0,1.6838815789473685
YDR027C,0.1,0.41666666666666663,1.8958333333333333,0.0,5,0,0.6566666666666667
YDR108W,0.35,4.527801554430683,0.0,29.77341269841269,16,0,5.527801554430683
YDR136C,0.14285714285714285,0.208409485753709,2.0,7.725,8,0,1.2084094857537089
YDR137W,0.14285714285714285,0.1558464417848071,13.5,6.305555555555555,8,0,1.155846441784807
YDR162C,0.08412698412698413,1.7875174711859123,171.91666666666669,45.12520535020535,36,0,2.7875174711859123
YDR202C,0.6666666666666666,0.057971775546874466,0.0,5.0,3,0,1.0579717755468745
YDR203W,0.09523809523809523,0.057971775546874466,0.0,0.0,7,0,1.0579717755468745
YER083C,0.08791208791208792,0.3873023258172905,6.944444444444445,11.471825396825396,14,0,1.3873023258172905
YER122C,0.25,0.24207250447864814,61.0,15.75378787878788,9,0,1.242072504478648
YGL005C,0.42857142857142855,0.48987192942197444,28.25,44.66666666666666,8,0,1.4898719294219744
YHR012W,0.2857142857142857,1.1061138134563702,0.0,28.200000000000003,15,0,2.1061138134563704
YJL154C,0.25274725274725274,1.7901893219727918,64.33333333333334,11.528138528138529,14,0,2.790189321972792
YJR033C,0.3333333333333333,0.057971775546874466,0.0,0.0,4,0,1.0579717755468745
YKL119C,0.3333333333333333,0.5115697310819262,0.0,3.8,4,0,1.5115697310819263
YKR001C,0.4,0.4975925942866365,8.5,8.025396825396825,6,0,1.4975925942866364
YLR242C,0.1,0.5,1.3333333333333333,2.05,5,0,1.5
YLR261C,0.10714285714285714,0.16076342789778159,0.0,5.713888888888889,8,0,1.1607634278977816
YLR262C,0.016341212744090443,2.28776978417266,199.11111111111114,236.21515151515143,140,0,3.28776978417266
YLR447C,0.004207573632538569,0.331995465284966,11.125,16.44206349206349,93,0,1.331995465284966
YML071C,0.4642857142857143,0.5448572666653763,38.5,46.66666666666666,8,0,1.5448572666653764
YMR054W,0.2,0.057971775546874466,0.0,2.142857142857143,5,0,1.0579717755468745
YMR123W,0.13333333333333333,0.057971775546874466,0.0,7.5,6,0,1.0579717755468745
YNL041C,0.13333333333333333,0.5382637491840294,38.91666666666667,41.41666666666666,15,0,1.5382637491840294
YNL043C,0.0,0.0,0.0,0.0,1,0,0.0
YNL044W,0.07272727272727272,0.401643921331388,9.791666666666668,8.6,11,1,1.401643921331388
YNL051W,0.5714285714285714,0.48987192942197444,28.25,35.16666666666667,7,0,1.4898719294219744
YNL238W,0.26666666666666666,0.31415655889342137,2.25,2.063492063492064,6,0,1.3141565588934214
YNL296W,0.5,0.15779550647199203,0.0,10.335497835497836,5,0,1.157795506471992
YOR068C,0.19047619047619047,0.13496529022418371,8.416666666666666,3.74512987012987,7,0,1.1349652902241838
YOR069W,0.2727272727272727,1.3519318219604786,24.958333333333336,12.0,11,0,2.351931821960479
YOR070C,0.10887096774193548,2.65071156840793,202.16666666666666,140.66666666666669,32,0,3.65071156840793
YOR132W,0.4444444444444444,1.3481918910053576,18.833333333333336,8.863636363636363,9,0,2.3481918910053574
YBR165W,0.0,0.0,0.0,0.0,1,0,0.0
YDR054C,0.1323529411764706,2.1907894736842106,20.0,21.97063492063492,17,1,3.1907894736842106
YBR167C,0.0,0.0,0.0,0.0,2,1,0.0
YHR062C,0.0,0.0,0.0,0.0,2,1,0.0
YBR170C,0.0,0.0,0.0,0.0,5,0,0.0
YDL126C,0.0,0.0,0.0,0.0,3,1,0.0
YDR259C,0.03260869565217391,0.4673043655703698,39.33333333333333,32.2,24,0,1.46730436557037
YGR048W,0.047619047619047616,0.25,0.0,0.4545454545454545,7,1,1.25
YOR254C,0.0,0.0,0.0,0.0,4,1,0.0
YCL057W,0.0,0.0,0.0,0.0,1,0,0.0
YBR172C,0.06666666666666667,0.18382352941176472,0.0,0.0,6,0,0.5464901960784314
YIL004C,0.10714285714285714,0.4939772145417306,5.944444444444444,4.433333333333334,8,1,1.4939772145417307
YKL074C,0.1388888888888889,0.8774509803921569,0.0,0.0,9,0,1.035737758790667
YLR116W,0.032679738562091505,0.5882352941176471,0.0,0.0,18,1,0.6437908496732027
YPL085W,0.2,0.65,4.895833333333333,0.0,5,1,0.9576923076923077
YHR177W,0.0,0.0,0.0,0.0,3,0,0.0
YIL160C,0.0,0.0,0.0,0.0,2,0,0.0
YOR047C,0.0064516129032258064,0.2,0.6666666666666666,17.791666666666668,31,0,1.2
YBR178W,0.0,0.0,0.0,0.0,1,0,0.0
YHR122W,0.0,0.0,0.0,0.0,4,1,0.0
YBR182C,0.0,0.0,0.0,0.0,1,0,0.0
YPL089C,0.19047619047619047,0.11920112291318197,16.25,9.4,7,0,1.119201122913182
YBR184W,0.0,0.0,0.0,0.0,2,0,0.0
YNL225C,0.0,0.0,0.0,0.0,1,1,0.0
YBR185C,0.3333333333333333,0.6666666666666666,1.3333333333333333,1.6,3,0,1.6666666666666665
YER017C,0.3333333333333333,0.6666666666666666,2.9166666666666665,2.225,3,0,1.6666666666666665
YBR186W,0.0,0.0,0.0,0.0,4,0,0.0
YDR285W,0.0,0.0,0.0,0.0,3,0,0.0
YBR187W,0.0,0.0,0.0,0.0,3,0,0.0
YNR032W,0.0,0.0,0.0,0.0,7,0,0.0
YBR188C,0.0,0.0,0.0,0.0,5,0,0.0
YLL036C,0.0,0.0,0.0,0.0,2,1,0.0
YLR117C,0.0,0.0,0.0,0.0,5,1,0.0
YBR190W,0.0,0.0,0.0,0.0,1,1,0.0
YER078C,0.0,0.0,0.0,0.0,4,0,0.0
YBR193C,0.1978021978021978,2.1063299761591985,11.5,20.61547619047619,14,1,3.1063299761591985
YDL005C,0.6666666666666666,2.8353296703296706,6.0,17.135714285714286,7,0,3.8353296703296706
YER022W,0.0057425742574257425,0.5800000000000002,41.5,33.62301587301587,101,1,1.58
YGL025C,0.5,2.8353296703296706,6.0,16.746825396825397,8,0,3.8353296703296706
YGR104C,0.0,0.0,0.0,0.0,3,0,0.0
YIL021W,0.35714285714285715,2.3505494505494506,5.0,12.328571428571427,8,1,3.3505494505494506
YOL135C,0.5277777777777778,3.2628205128205128,8.0,31.8,9,1,4.262820512820513
YOR174W,0.38181818181818183,3.088461538461539,9.0,28.566666666666663,11,1,4.088461538461539
YPR152C,0.0,0.0,0.0,0.0,3,0,0.0
YPR018W,0.1,0.028953637529778267,0.0,1.3333333333333333,5,0,1.0289536375297783
YBR196C,0.0,0.0,0.0,0.0,2,1,0.0
YDL215C,0.0,0.0,0.0,0.0,3,0,0.0
YGL229C,0.01818181818181818,0.10775193798449613,0.0,3.333333333333333,11,0,1.1077519379844962
YHR137W,0.0,0.0,0.0,0.0,2,0,0.0
YML061C,0.0,0.0,0.0,0.0,3,0,0.0
YCR038C,0.06666666666666667,0.27692307692307694,12.6,7.5,6,0,1.2769230769230768
YDL178W,1.0,0.06601731601731602,2.0,2.796052631578948,2,0,1.066017316017316
YEL043W,0.15555555555555556,0.643151698598651,0.0,11.55275974025974,10,0,1.643151698598651
YGR134W,0.0,0.0,0.0,0.0,2,0,0.0
YHR129C,0.2235294117647059,4.549898407804203,181.5,179.71666666666667,35,0,5.549898407804203
YBR202W,0.5,1.3541666666666665,4.25,0.0,4,1,1.7233974358974358
YEL032W,1.0,1.3541666666666665,8.0,0.0,3,1,2.092628205128205
YLR274W,0.5,1.3541666666666665,4.25,0.0,4,1,1.7233974358974358
YBR203W,0.0,0.0,0.0,0.0,1,0,0.0
YKL006C-A,0.3,0.8040404040404041,8.666666666666666,2.0,5,1,1.804040404040404
YFL038C,0.05,0.7058053557154276,4.583333333333333,12.477200577200575,16,1,1.7058053557154276
YHR105W,0.0,0.0,0.0,0.0,5,0,0.0
YBR207W,0.0,0.0,0.0,0.0,2,0,0.0
YBR211C,0.0,0.0,0.0,0.0,5,1,0.0
YDR394W,0.047619047619047616,0.3333333333333333,0.0,0.875,7,1,1.3333333333333333
YBR213W,0.0,0.0,0.0,0.0,1,0,0.0
YMR206W,0.0,0.0,0.0,0.0,3,0,0.0
YBR216C,0.6666666666666666,0.2821705426356589,13.333333333333332,35.0,3,0,1.2821705426356589
YML007W,0.14285714285714285,0.24789809681522548,10.972222222222221,11.375,7,0,1.2478980968152256
YMR159C,0.03636363636363636,0.23110209601081813,6.0,4.352564102564102,11,0,1.231102096010818
YPL149W,0.3333333333333333,0.5,5.0,3.5025641025641026,4,0,1.5
YBR218C,0.0,0.0,0.0,0.0,2,0,0.0
YER065C,0.0,0.0,0.0,0.0,3,0,0.0
YNL117W,0.0,0.0,0.0,0.0,3,0,0.0
YBR221C,0.0,0.0,0.0,0.0,5,0,0.0
YBR223C,0.0,0.0,0.0,0.0,1,0,0.0
YBR228W,0.5,0.438386524822695,17.333333333333336,6.0,4,0,1.438386524822695
YLR135W,0.14285714285714285,0.438386524822695,10.916666666666666,3.2555555555555555,7,0,1.438386524822695
YBR229C,0.08088235294117647,0.869937646350756,38.05,21.33333333333333,17,0,1.869937646350756
YDR389W,0.1111111111111111,0.45202456227300947,9.0,2.1666666666666665,9,1,1.4520245622730095
YGR157W,0.1,0.09475806451612903,1.0,2.5,5,0,1.094758064516129
YHR101C,1.0,0.3125,0.0,0.0,2,1,1.3125
YHR108W,1.0,0.0769927536231884,0.0,3.857142857142857,2,0,1.0769927536231885
YMR200W,0.3,0.6625,13.1,0.0,5,1,1.1153301886792453
YNL322C,0.11100832562442182,4.570169596038994,0.0,133.1435064935065,47,0,5.570169596038994
YBR230C,0.0,0.0,0.0,0.0,2,0,0.0
YBR233W,0.0,0.0,0.0,0.0,2,0,0.0
YBR234C,0.14750290360046459,4.67144123519191,294.41666666666663,215.71666666666664,42,1,5.67144123519191
YBL062W,0.3333333333333333,0.14449547283777797,0.0,4.2727272727272725,6,0,1.1444954728377779
YDR310C,0.3333333333333333,0.7220245357197603,47.333333333333336,40.63690476190476,13,0,1.7220245357197603
YEL003W,0.1054823039555864,13.457628463590394,1656.1166666666666,942.3134657009656,132,0,14.457628463590394
YER149C,0.1111111111111111,0.7565447534348192,0.0,30.361471861471863,18,0,1.7565447534348193
YHL027W,0.0,0.0,0.0,0.0,5,0,0.0
YHR142W,0.13012477718360071,2.9405109728099696,232.66666666666663,108.0857142857143,34,0,3.9405109728099696
YJL014W,0.5333333333333333,1.6898630693454748,15.0,12.75,6,1,2.689863069345475
YJL099W,0.10846560846560846,1.7602091518148566,79.06666666666666,165.33333333333337,28,0,2.7602091518148564
YJL183W,0.32051282051282054,0.8584393927809539,45.4,52.41666666666667,13,0,1.858439392780954
YJR117W,0.5277777777777778,0.4283610873573474,6.5,21.166666666666664,9,0,1.4283610873573473
YLR200W,0.07477181453085067,12.412121212121201,2025.0833333333333,1503.5523809523806,166,0,13.412121212121201
YLR330W,0.04828504828504829,3.7211447659232464,370.5416666666667,165.2301587301587,78,0,4.721144765923246
YMR198W,0.11666666666666667,0.7398389919517211,16.777777777777782,32.74404761904762,16,1,1.739838991951721
YOR216C,0.4,0.9774891039841437,0.0,41.15844155844155,15,0,1.9774891039841438
YPL234C,0.2,0.0632740024821873,0.0,6.6,5,0,1.0632740024821874
YBR237W,0.3,0.33535353535353535,3.0,3.083333333333333,5,1,1.3353535353535353
YDL030W,0.04093567251461988,0.692929292929293,19.0,11.716666666666669,19,1,1.692929292929293
YDR073W,0.0,0.0,0.0,0.0,4,0,0.0
YBR239C,0.0,0.0,0.0,0.0,3,0,0.0
YPL133C,0.0,0.0,0.0,0.0,3,0,0.0
YBR244W,0.0,0.0,0.0,0.0,1,0,0.0
YBR246W,0.0,0.0,0.0,0.0,1,0,0.0
YDR520C,0.0,0.0,0.0,0.0,2,0,0.0
YBR250W,0.0,0.0,0.0,0.0,2,0,0.0
YML038C,0.0,0.0,0.0,0.0,7,0,0.0
YNL012W,0.0,0.0,0.0,0.0,2,0,0.0
YLL037W,0.0,0.0,0.0,0.0,2,1,0.0
YBR253W,0.0,0.0,0.0,0.0,1,1,0.0
YMR112C,0.0,0.0,0.0,0.0,3,1,0.0
YBR254C,0.6545454545454545,5.677777777777777,21.25,38.6,11,1,6.677777777777777
YDR246W,1.0,6.255555555555555,21.25,29.923809523809524,9,1,7.255555555555555
YDR407C,1.0,6.255555555555555,38.0,21.97460317460317,9,1,7.255555555555555
YDR472W,0.8,6.033333333333333,21.25,34.266666666666666,10,1,7.033333333333333
YGR166W,0.07317073170731707,2.7209891268367805,56.666666666666664,30.28571428571429,41,0,3.7209891268367805
YJR116W,0.0,0.0,0.0,0.0,2,0,0.0
YMR218C,1.0,6.255555555555555,38.0,21.03809523809524,9,1,7.255555555555555
YOR115C,0.8,6.033333333333333,21.25,21.97460317460317,10,0,7.033333333333333
YBR260C,0.09523809523809523,0.15912032829326062,0.0,3.4045454545454548,7,0,1.1591203282932607
YJL058C,0.03296703296703297,0.46153846153846156,4.0625,4.8,14,0,1.4615384615384617
YBR261C,0.0,0.0,0.0,0.0,1,0,0.0
YDR465C,0.16666666666666666,0.10775193798449613,2.25,6.666666666666667,4,0,1.1077519379844962
YBR263W,0.0,0.0,0.0,0.0,1,0,0.0
YML018C,0.0,0.0,0.0,0.0,2,0,0.0
YBR264C,0.0,0.0,0.0,0.0,2,0,0.0
YOR370C,0.0,0.0,0.0,0.0,2,1,0.0
YBR266C,0.0,0.0,0.0,0.0,1,0,0.0
YPR031W,0.0,0.0,0.0,0.0,1,0,0.0
YBR270C,0.031578947368421054,0.5084167264364675,0.0,96.0,20,0,1.5084167264364674
YFL047W,0.0,0.0,0.0,0.0,2,0,0.0
YHR077C,0.3333333333333333,0.32033096926713944,8.0,0.0,4,0,1.3203309692671394
YIL105C,0.10714285714285714,0.7133458646616542,6.527777777777778,0.9285714285714286,8,0,1.7133458646616542
YJL039C,0.06666666666666667,0.1845238095238095,2.6666666666666665,5.75,6,1,1.1845238095238095
YKR026C,0.014705882352941176,0.13943713450292397,0.0,10.125,17,0,1.139437134502924
YLR424W,0.0,0.0,0.0,0.0,12,1,0.0
YNL004W,0.0,0.0,0.0,0.0,3,0,0.0
YNL018C,0.0,0.0,0.0,0.0,3,0,0.0
YNL047C,0.08333333333333333,0.6776315789473684,6.527777777777778,19.984126984126988,9,0,1.6776315789473684
YPL124W,0.058823529411764705,0.5894108310381541,6.444444444444444,35.233333333333334,18,1,1.589410831038154
YPL255W,0.0,0.0,0.0,0.0,11,1,0.0
YBR272C,0.0,0.0,0.0,0.0,2,0,0.0
YEL034W,0.0,0.0,0.0,0.0,2,1,0.0
YLR015W,0.1111111111111111,0.24439502635848195,13.666666666666666,6.333333333333333,9,0,1.244395026358482
YBR274W,0.07142857142857142,0.07661506845828879,4.5,0.0,8,0,1.0089195467536904
YLR258W,0.1,0.45,0.0,0.5,5,0,1.45
YMR255W,0.047619047619047616,0.29166666666666663,2.0,6.0,7,0,1.2916666666666665
YBR275C,1.0,0.13765822784810128,2.0,0.0,2,0,1.1376582278481013
YLR453C,0.0018987341772151898,0.1439240506329114,12.666666666666666,9.2,80,0,1.1439240506329114
YNL216W,0.05555555555555555,0.3876582278481013,3.0,0.0,9,1,0.5309688854444732
YBR276C,0.0,0.0,0.0,0.0,1,0,0.0
YBR278W,0.0,0.0,0.0,0.0,7,0,0.0
YIL006W,0.0,0.0,0.0,0.0,1,0,0.0
YKL011C,0.0,0.0,0.0,0.0,4,0,0.0
YMR290C,0.2,0.192512077294686,4.0,1.4545454545454546,5,1,1.192512077294686
YBR281C,0.0,0.0,0.0,0.0,3,0,0.0
YNL191W,0.0,0.0,0.0,0.0,2,0,0.0
YBR282W,0.0,0.0,0.0,0.0,1,0,0.0
YGR187C,0.0,0.0,0.0,0.0,3,0,0.0
YBR283C,0.0,0.0,0.0,0.0,2,0,0.0
YLR311C,0.0,0.0,0.0,0.0,2,1,0.0
YBR284W,0.0,0.0,0.0,0.0,3,0,0.0
YMR138W,0.5333333333333333,2.87812984716005,0.0,162.66666666666669,16,0,3.87812984716005
YBR285W,0.0,0.0,0.0,0.0,2,0,0.0
YPR156C,0.0,0.0,0.0,0.0,3,0,0.0
YDR323C,0.0,0.0,0.0,0.0,2,1,0.0
YDR495C,0.0,0.0,0.0,0.0,1,0,0.0
YGL095C,0.16666666666666666,0.1380952380952381,3.111111111111111,2.5,4,0,1.138095238095238
YGR261C,0.3333333333333333,0.07386091127098321,2.0,3.113636363636364,3,0,1.0738609112709832
YHR135C,0.23809523809523808,0.9385964912280702,11.777777777777779,4.25,7,0,1.9385964912280702
YML097C,0.0,0.0,0.0,0.0,5,0,0.0
YNL084C,0.054945054945054944,0.29646864162783204,3.0,9.666666666666666,14,0,1.2964686416278322
YNL154C,0.09090909090909091,0.8719298245614036,16.625,9.0,11,0,1.8719298245614036
YNR006W,0.0,0.0,0.0,0.0,2,0,0.0
YPR173C,0.1,0.26785714285714285,4.5,0.5,5,0,1.2678571428571428
YBR289W,0.16666666666666666,0.09307359307359307,2.0,4.063157894736842,4,0,1.093073593073593
YPL129W,0.0,0.0,0.0,0.0,3,0,0.0
YBR290W,0.16666666666666666,0.014021421616358325,0.0,0.0,4,0,1.0140214216163583
YDR123C,0.0,0.0,0.0,0.0,2,1,0.0
YJR104C,0.16363636363636364,0.467427824241887,16.444444444444443,10.585164835164836,11,0,1.467427824241887
YBR296C,0.0,0.0,0.0,0.0,3,0,0.0
YHR188C,0.0,0.0,0.0,0.0,3,1,0.0
YLR137W,0.0,0.0,0.0,0.0,1,0,0.0
YML089C,0.0,0.0,0.0,0.0,1,0,0.0
YCL004W,0.0,0.0,0.0,0.0,2,1,0.0
YER026C,0.0,0.0,0.0,0.0,2,1,0.0
YCL009C,0.0,0.0,0.0,0.0,3,0,0.0
YER094C,0.0,0.0,0.0,0.0,2,1,0.0
YCL014W,0.0,0.0,0.0,0.0,2,0,0.0
YIL104C,0.0,0.0,0.0,0.0,4,1,0.0
YJR092W,0.0,0.0,0.0,0.0,1,0,0.0
YCL016C,0.1533199195171026,9.32832370487852,0.0,367.7420165360955,71,0,10.32832370487852
YAR002W,0.4722222222222222,0.6992644848595345,6.777777777777778,22.057692307692307,9,0,1.6992644848595346
YBR231C,0.3161764705882353,0.9412710981488891,45.0,25.240934065934063,17,0,1.941271098148889
YCL061C,0.34022988505747126,7.152784051167569,489.16666666666663,258.78882783882784,30,0,8.152784051167568
YDL013W,0.10909090909090909,0.42627919984043944,8.5,7.916666666666666,11,1,1.4262791998404394
YDR004W,0.46153846153846156,2.282168067151612,148.66666666666666,129.52380952380952,14,0,3.282168067151612
YDR217C,0.3416666666666667,1.679095654599375,62.666666666666664,105.28333333333332,16,0,2.679095654599375
YEL037C,0.09090909090909091,0.18160881174899868,1.5,9.258333333333333,11,0,1.1816088117489987
YER007W,0.5019762845849802,5.2793453121327225,215.0,340.6666666666667,23,0,6.2793453121327225
YER095W,0.2573099415204678,2.6201235276582384,63.41666666666667,103.7084706959707,19,0,3.6201235276582384
YER164W,1.0,0.02363150867823765,0.0,0.3333333333333333,2,0,1.0236315086782377
YGL066W,0.5,0.12502986438057762,2.0,10.172619047619047,5,0,1.1250298643805776
YGL086W,0.5105820105820106,6.78151495191888,288.33333333333337,322.44761904761896,28,0,7.78151495191888
YGL163C,0.6666666666666666,2.226155572888633,137.83333333333334,124.58333333333334,13,0,3.226155572888633
YGR184C,0.4,0.16074415009486331,0.0,9.666666666666666,5,0,1.1607441500948634
YGR188C,0.5579710144927537,6.1231765789482235,273.1666666666667,1196.0,24,0,7.1231765789482235
YHL023C,1.0,0.02470238095238095,0.0,0.0,2,0,1.024702380952381
YHR031C,0.2761904761904762,3.358788047928139,63.666666666666664,41.15277777777778,21,0,4.3587880479281385
YJL030W,0.24154589371980675,7.542124379051741,393.99999999999994,416.74285714285713,46,0,8.542124379051742
YJL092W,0.26325757575757575,6.826905210417803,375.16666666666663,104.70305250305248,33,0,7.826905210417803
YJR145C,0.09523809523809523,0.04860230307076101,0.0,8.125,7,0,1.048602303070761
YLR123C,0.0,0.0,0.0,0.0,1,0,0.0
YML094W,0.08255712124830826,13.093555811277328,0.0,1015.6141357911092,159,0,14.093555811277328
YMR048W,0.18778280542986425,7.4967959932290915,634.0,431.4833333333334,52,0,8.496795993229092
YMR179W,0.0,0.0,0.0,0.0,1,1,0.0
YMR224C,0.18382352941176472,1.0693232179816017,55.833333333333336,53.58635531135531,17,0,2.0693232179816015
YNL206C,0.16666666666666666,0.025396825396825397,0.0,0.0,4,0,1.0253968253968253
YNL250W,0.1033182503770739,4.714222737024976,0.0,180.258602671838,52,0,5.714222737024976
YNL273W,0.3390151515151515,8.093153020454215,567.0,283.36752136752136,33,0,9.093153020454215
YOR195W,0.3956043956043956,1.2957878022685967,37.833333333333336,107.53690476190476,14,0,2.2957878022685967
YOR349W,0.47597597597597596,11.439718084663703,0.0,375.116391941392,37,0,12.439718084663703
YPL008W,0.41935483870967744,7.534353081423561,363.0,300.44745744451626,31,0,8.53435308142356
YPL194W,0.27898550724637683,3.4672758177039307,105.08333333333334,136.1486097236097,24,0,4.46727581770393
YPL241C,0.46296296296296297,7.309047721194701,247.0,412.6666666666666,28,0,8.309047721194702
YPR036W,0.0,0.0,0.0,0.0,2,0,0.0
YPR135W,0.10938040844582901,11.297675116379745,1437.133333333333,905.5380952380954,108,0,12.297675116379745
YCL017C,0.0,0.0,0.0,0.0,2,1,0.0
YCL018W,0.0,0.0,0.0,0.0,2,0,0.0
YDR160W,0.0,0.0,0.0,0.0,2,1,0.0
YCL019W,0.16666666666666666,0.6666666666666666,2.25,0.0,4,0,0.9166666666666666
YDR261W-A,0.3333333333333333,1.3333333333333333,8.0,0.0,4,0,1.5833333333333333
YDR261W-B,0.6666666666666666,1.5,2.75,0.0,3,0,1.9444444444444444
YHR189W,0.0,0.0,0.0,0.0,2,0,0.0
YOL030W,0.0,0.0,0.0,0.0,3,0,0.0
YCL020W,0.3333333333333333,0.8333333333333333,4.5,0.0,3,0,1.2333333333333334
YCL022C,0.0,0.0,0.0,0.0,2,0,0.0
YBR038W,0.0,0.0,0.0,0.0,4,1,0.0
YCL024W,0.0,0.0,0.0,0.0,1,0,0.0
YKR048C,0.044444444444444446,0.1833766320868421,2.6111111111111107,2.1142857142857143,10,0,1.1833766320868422
YCL025C,0.0,0.0,0.0,0.0,2,0,0.0
YIR038C,0.015810276679841896,0.36363636363636365,10.583333333333332,2.1420454545454546,23,0,1.3636363636363638
YCL027W,0.016666666666666666,0.33186407474382157,9.333333333333334,9.833333333333334,25,0,1.3318640747438215
YAL017W,0.0,0.0,0.0,0.0,1,0,0.0
YAL031C,0.0,0.0,0.0,0.0,1,0,0.0
YER032W,0.0,0.0,0.0,0.0,12,0,0.0
YER118C,0.021739130434782608,0.5040760869565217,5.0,5.727272727272728,24,0,1.5040760869565217
YGR070W,0.0,0.0,0.0,0.0,2,0,0.0
YIL159W,0.12727272727272726,0.5873471798022099,0.0,0.0,11,0,0.8040379747007
YKL105C,0.0,0.0,0.0,0.0,1,0,0.0
YKR023W,0.0,0.0,0.0,0.0,1,0,0.0
YKR101W,0.0,0.0,0.0,0.0,3,0,0.0
YMR232W,0.16666666666666666,0.10416666666666666,0.0,2.857142857142857,4,0,1.1041666666666667
YNL054W,0.0,0.0,0.0,0.0,2,0,0.0
YNL058C,0.0,0.0,0.0,0.0,2,0,0.0
YNL075W,0.0,0.0,0.0,0.0,2,1,0.0
YPR008W,0.0,0.0,0.0,0.0,2,0,0.0
YCL029C,0.22323232323232323,7.403647212726105,299.75,265.9607142857143,45,0,8.403647212726105
YDR289C,0.4444444444444444,0.31656099170170576,25.0,28.166666666666668,9,0,1.3165609917017058
YDR360W,0.9523809523809523,0.41240453150987366,0.0,23.50760073260073,7,0,1.4124045315098737
YEL061C,0.1975438596491228,12.90225280032368,229.8888888888888,684.5795454545458,76,0,13.90225280032368
YER096W,0.0,0.0,0.0,0.0,4,0,0.0
YGL031C,0.0,0.0,0.0,0.0,3,0,0.0
YGR078C,0.07642703606400764,12.118603759110076,0.0,1422.333333333333,159,0,13.118603759110076
YML094C-A,0.25,0.34101943807826157,0.0,8.342490842490843,9,0,1.3410194380782616
YML124C,0.5446153846153846,7.72962620170525,322.8333333333333,169.2745421245421,26,0,8.729626201705251
YMR055C,0.35144927536231885,2.796415827320689,107.75000000000001,176.46666666666667,24,0,3.796415827320689
YNL106C,0.14285714285714285,0.4162457912457912,12.5,4.327838827838828,7,0,1.416245791245791
YOR026W,0.7426470588235294,4.1299999425587774,210.66666666666669,252.2,17,0,5.1299999425587774
YOR058C,0.42298850574712643,6.7037493733836175,291.25,219.5119047619047,30,0,7.7037493733836175
YOR265W,0.5661764705882353,3.7381981075562583,116.0,127.2,17,0,4.738198107556258
YPL155C,0.4853801169590643,3.3459789293185587,155.83333333333331,63.4162087912088,19,0,4.345978929318559
YPL269W,0.4017094017094017,5.705915459981766,67.22222222222221,124.50119047619047,27,0,6.705915459981766
YCL030C,0.0,0.0,0.0,0.0,1,0,0.0
YCL031C,0.0,0.0,0.0,0.0,3,1,0.0
YOL082W,0.032679738562091505,0.45601645458076867,19.833333333333332,4.152380952380953,18,0,1.4560164545807686
YCL032W,0.08888888888888889,0.6085099111414901,0.0,9.875,10,0,1.60850991114149
YDR309C,0.2,2.064243434820994,19.583333333333332,43.12175324675325,15,0,3.064243434820994
YHR061C,0.21794871794871795,1.7172312966323855,19.583333333333332,45.6547619047619,13,0,2.7172312966323853
YMR117C,0.04086021505376344,1.2117647058823529,26.25,16.5,31,1,2.211764705882353
YPR076W,0.0,0.0,0.0,0.0,1,0,0.0
YCL037C,0.044444444444444446,0.03267533285912742,8.416666666666666,11.25,10,0,1.0326753328591274
YDR170C,0.0,0.0,0.0,0.0,2,1,0.0
YCL038C,0.0,0.0,0.0,0.0,3,0,0.0
YMR009W,0.0,0.0,0.0,0.0,4,0,0.0
YDR516C,0.0,0.0,0.0,0.0,3,0,0.0
YJL071W,0.0,0.0,0.0,0.0,2,0,0.0
YML099C,0.0,0.0,0.0,0.0,4,0,0.0
YCL043C,0.0,0.0,0.0,0.0,4,1,0.0
YDR518W,0.0,0.0,0.0,0.0,1,0,0.0
YER189W,0.0,0.0,0.0,0.0,1,0,0.0
YLR354C,0.0,0.0,0.0,0.0,1,0,0.0
YOR288C,0.0,0.0,0.0,0.0,2,0,0.0
YCL046W,0.0,0.0,0.0,0.0,2,0,0.0
YGL115W,0.038461538461538464,0.3863636363636363,10.766666666666666,0.7142857142857143,13,0,1.3863636363636362
YCL051W,0.0,0.0,0.0,0.0,3,0,0.0
YMR035W,0.0,0.0,0.0,0.0,4,0,0.0
YCL052C,0.0,0.0,0.0,0.0,1,1,0.0
YEL060C,0.0,0.0,0.0,0.0,4,0,0.0
YCL054W,0.2,0.5990338164251208,4.25,3.4285714285714284,5,1,1.5990338164251208
YDL014W,0.3333333333333333,1.1666666666666665,3.0,5.059523809523809,4,1,2.1666666666666665
YOR310C,0.6666666666666666,1.1666666666666665,3.0,5.059523809523809,3,1,2.1666666666666665
YGL036W,0.0,0.0,0.0,0.0,1,0,0.0
YMR147W,0.0,0.0,0.0,0.0,6,0,0.0
YNL196C,0.0,0.0,0.0,0.0,2,0,0.0
YCL056C,0.0,0.0,0.0,0.0,4,0,0.0
YDL157C,0.0,0.0,0.0,0.0,1,0,0.0
YNL100W,0.0,0.0,0.0,0.0,1,0,0.0
YCL058C,0.0,0.0,0.0,0.0,2,0,0.0
YPL215W,0.0,0.0,0.0,0.0,5,0,0.0
YCL059C,0.0,0.0,0.0,0.0,1,1,0.0
YGL201C,0.0,0.0,0.0,0.0,4,1,0.0
YHR191C,0.2014519056261343,9.213124052601339,632.1666666666667,1140.3333333333333,58,0,10.213124052601339
YMR078C,0.17163461538461539,9.357332296109767,817.6666666666669,3501.0,65,0,10.357332296109767
YOR024W,0.0,0.0,0.0,0.0,2,0,0.0
YOR025W,0.18181818181818182,0.6322368279087516,29.666666666666664,13.25,11,0,1.6322368279087516
YOR368W,0.5,2.071854964323927,106.16666666666666,53.33333333333333,13,0,3.071854964323927
YCL063W,0.0,0.0,0.0,0.0,7,0,0.0
YER150W,0.0,0.0,0.0,0.0,1,0,0.0
YJL043W,0.0,0.0,0.0,0.0,1,0,0.0
YCL067C,0.0,0.0,0.0,0.0,4,1,0.0
YMR043W,0.0,0.0,0.0,0.0,5,1,0.0
YOL006C,0.056451612903225805,1.4862723236981379,14.944444444444445,2.1666666666666665,32,0,2.486272323698138
YCL076W,0.0,0.0,0.0,0.0,1,0,0.0
YOR209C,0.0,0.0,0.0,0.0,2,0,0.0
YCR001W,0.0,0.0,0.0,0.0,1,0,0.0
YOR241W,0.0,0.0,0.0,0.0,1,0,0.0
YCR002C,0.4642857142857143,2.2231877366331148,10.0,16.341999177293296,8,0,3.2231877366331148
YDL029W,0.1510204081632653,5.918077670225193,384.5833333333333,235.8455627705628,50,1,6.918077670225193
YDL225W,0.3238095238095238,2.818990787786241,24.5,35.01136363636363,15,0,3.818990787786241
YDR507C,0.3888888888888889,2.2780235235931436,19.666666666666664,9.699574934869052,9,0,3.2780235235931436
YJR076C,0.2545454545454545,2.185714285714286,13.75,16.179784920961392,11,1,3.185714285714286
YLL021W,0.0784313725490196,0.8689055612430227,0.0,15.39047619047619,18,0,1.8689055612430225
YLR314C,0.47619047619047616,1.9571428571428569,10.0,10.104895104895103,7,1,2.957142857142857
YCR003W,0.0,0.0,0.0,0.0,1,0,0.0
YIR039C,0.0,0.0,0.0,0.0,1,0,0.0
YCR004C,0.0,0.0,0.0,0.0,2,0,0.0
YCR005C,0.0,0.0,0.0,0.0,2,0,0.0
YJL042W,0.0,0.0,0.0,0.0,2,0,0.0
YBR095C,0.4,0.10647589239138534,2.0,8.5,5,0,1.1064758923913853
YBR255W,0.6666666666666666,0.2026419352324148,4.5,32.333333333333336,6,0,1.202641935232415
YCR034W,0.06666666666666667,0.21785714285714286,2.25,2.454545454545454,6,0,1.217857142857143
YDL117W,0.47619047619047616,0.6020998515427113,17.0,10.625374625374626,7,0,1.6020998515427114
YIL084C,0.7142857142857143,0.398713677240452,17.0,13.666666666666668,7,0,1.398713677240452
YIR003W,0.5,0.11943885535434831,3.0,7.5,4,0,1.1194388553543484
YJL020C,0.13963963963963963,3.338418762214443,299.33333333333337,49.819083694083695,37,0,4.3384187622144434
YKL007W,0.17142857142857143,1.0547971481740914,0.0,49.583333333333336,15,0,2.0547971481740914
YKL204W,0.3333333333333333,0.03194164989939638,2.0,0.0,3,0,1.0319416498993963
YKL213C,0.06666666666666667,0.03194164989939638,0.4,0.0,6,0,1.0319416498993963
YLR372W,0.16666666666666666,0.21785714285714286,2.25,2.2803030303030303,4,0,1.217857142857143
YMR263W,0.045454545454545456,2.120311930496054,208.5,136.05833333333334,56,0,3.120311930496054
YNL097C,0.14285714285714285,0.08419012333431047,12.0,7.523076923076923,7,0,1.0841901233343105
YPL050C,0.23809523809523808,0.371481339014479,9.555555555555555,41.0,7,0,1.3714813390144789
YCR011C,0.0,0.0,0.0,0.0,1,0,0.0
YCR012W,0.0,0.0,0.0,0.0,3,1,0.0
YCR014C,0.0,0.0,0.0,0.0,2,0,0.0
YJL110C,0.06666666666666667,0.4,2.0,3.523809523809524,6,0,1.4
YCR018C,0.0,0.0,0.0,0.0,1,0,0.0
YDR087C,0.16666666666666666,0.09347826086956522,2.0,2.6666666666666665,4,1,1.0934782608695652
YEL053C,0.42857142857142855,1.0790829250201344,11.333333333333332,8.875541125541124,7,0,2.0790829250201344
YFR037C,0.05555555555555555,0.5,3.0,0.0,9,1,0.6111111111111112
YCR021C,0.0,0.0,0.0,0.0,3,0,0.0
YJL068C,0.0,0.0,0.0,0.0,1,0,0.0
YCR022C,0.0,0.0,0.0,0.0,1,0,0.0
YCR023C,0.0,0.0,0.0,0.0,1,0,0.0
YMR075C-A,0.0,0.0,0.0,0.0,2,0,0.0
YCR027C,0.0,0.0,0.0,0.0,1,0,0.0
YCR028C,0.0,0.0,0.0,0.0,1,0,0.0
YMR020W,0.0,0.0,0.0,0.0,4,0,0.0
YCR028C-A,0.0,0.0,0.0,0.0,1,0,0.0
YJR126C,0.0,0.0,0.0,0.0,2,0,0.0
YMR132C,0.0,0.0,0.0,0.0,1,0,0.0
YCR031C,0.3333333333333333,0.043976179569399906,0.0,0.0,3,0,1.0439761795693998
YJL191W,0.0,0.0,0.0,0.0,2,0,0.0
YMR202W,0.0,0.0,0.0,0.0,4,0,0.0
YCR035C,0.4,2.3000000000000003,6.083333333333333,8.4,6,1,3.3000000000000003
YDL111C,0.6,2.6,6.083333333333333,7.965034965034966,5,1,3.6
YHR069C,0.6,2.6,6.083333333333333,7.745454545454546,5,1,3.6
YOL021C,0.6,2.6,3.0,6.464335664335664,5,1,3.6
YCR036W,0.0,0.0,0.0,0.0,1,0,0.0
YGL153W,0.05714285714285714,0.857142857142857,5.666666666666666,4.083333333333333,15,0,1.857142857142857
YDR532C,0.0,0.0,0.0,0.0,5,1,0.0
YHR119W,0.0,0.0,0.0,0.0,3,0,0.0
YCR039C,0.0,0.0,0.0,0.0,3,1,0.0
YDR224C,0.0,0.0,0.0,0.0,2,1,0.0
YCR041W,0.0,0.0,0.0,0.0,5,0,0.0
YJL031C,0.0,0.0,0.0,0.0,2,1,0.0
YCR042C,0.0,0.0,0.0,0.0,1,1,0.0
YDR182W,0.0,0.0,0.0,0.0,2,1,0.0
YCR045C,0.0,0.0,0.0,0.0,1,0,0.0
YOR348C,0.0,0.0,0.0,0.0,4,0,0.0
YCR046C,0.0,0.0,0.0,0.0,2,0,0.0
YDL049C,0.00909090909090909,0.36038961038961037,21.941666666666666,24.666666666666668,45,0,1.3603896103896105
YCR047C,0.0,0.0,0.0,0.0,2,0,0.0
YNL282W,0.0,0.0,0.0,0.0,2,1,0.0
YCR048W,0.3333333333333333,0.75,2.9166666666666665,3.3,3,0,1.75
YCL026C-A,0.0,0.0,0.0,0.0,5,0,0.0
YNR019W,0.3333333333333333,0.75,2.9166666666666665,3.75,3,0,1.75
YCR050C,0.0,0.0,0.0,0.0,1,0,0.0
YCR052W,0.1,0.25,2.0,0.0,5,1,0.65
YLR321C,0.08333333333333333,0.5476406533575316,3.0,2.5,9,1,1.5476406533575315
YNL202W,0.0,0.0,0.0,0.0,3,0,0.0
YOR232W,0.05555555555555555,0.27808326787117044,4.5,3.833333333333333,9,1,1.2780832678711704
YCR053W,0.0,0.0,0.0,0.0,1,0,0.0
YLR208W,0.0,0.0,0.0,0.0,12,1,0.0
YCR057C,0.0,0.0,0.0,0.0,3,1,0.0
YGR154C,0.0,0.0,0.0,0.0,1,0,0.0
YCR059C,0.0,0.0,0.0,0.0,3,0,0.0
YDR400W,0.0,0.0,0.0,0.0,1,0,0.0
YJL160C,0.0,0.0,0.0,0.0,1,0,0.0
YCR060W,0.0,0.0,0.0,0.0,1,0,0.0
YHR034C,0.0,0.0,0.0,0.0,4,0,0.0
YCR063W,0.0,0.0,0.0,0.0,1,0,0.0
YDR408C,0.16666666666666666,0.11282051282051282,0.0,2.083333333333333,4,0,1.1128205128205129
YGL058W,0.0,0.0,0.0,0.0,4,0,0.0
YPL218W,0.10714285714285714,0.5554945054945055,7.229166666666666,0.0,8,1,0.7483728437734373
YCR068W,0.0,0.0,0.0,0.0,1,0,0.0
YCR073C,0.0,0.0,0.0,0.0,3,0,0.0
YLR006C,0.16666666666666666,0.5333333333333333,0.0,0.0,4,0,0.8458333333333333
YCR073W-A,0.0,0.0,0.0,0.0,2,0,0.0
YKL205W,0.06666666666666667,0.3111111111111111,8.125,3.4,6,1,1.3111111111111111
YNR034W,0.0,0.0,0.0,0.0,1,0,0.0
YCR075C,0.0,0.0,0.0,0.0,1,0,0.0
YDR414C,0.13333333333333333,0.06442326781814572,0.0,9.0,6,0,1.0644232678181458
YDR141C,0.0,0.0,0.0,0.0,1,1,0.0
YER115C,0.16666666666666666,0.07965860597439545,0.0,20.0,4,0,1.0796586059743953
YGL143C,0.0,0.0,0.0,0.0,2,0,0.0
YMR002W,0.0,0.0,0.0,0.0,3,0,0.0
YMR288W,0.0,0.0,0.0,0.0,1,1,0.0
YNL088W,0.16666666666666666,1.3833333333333333,0.0,4.193650793650794,9,1,2.3833333333333333
YNR027W,0.0,0.0,0.0,0.0,1,0,0.0
YNR053C,0.19047619047619047,0.38198840551781726,3.5,15.0,7,1,1.3819884055178173
YCR079W,0.0,0.0,0.0,0.0,1,0,0.0
YMR277W,0.0,0.0,0.0,0.0,1,1,0.0
YCR081W,0.0,0.0,0.0,0.0,3,0,0.0
YCR082W,0.2,0.25014762564284254,2.25,9.0,6,0,1.2501476256428425
YGR161C-C,0.0,0.0,0.0,0.0,2,0,0.0
YOR023C,0.26666666666666666,0.37236384148163065,2.75,18.666666666666668,10,0,1.3723638414816306
YDR061W,0.0,0.0,0.0,0.0,2,0,0.0
YDR439W,0.0,0.0,0.0,0.0,2,0,0.0
YFL008W,0.1471861471861472,2.641619326053685,59.25,17.381349206349206,22,1,3.641619326053685
YGL175C,0.2,0.17013280489500765,9.416666666666666,3.083333333333333,6,0,1.1701328048950077
YGR155W,0.0,0.0,0.0,0.0,3,1,0.0
YKL077W,0.0,0.0,0.0,0.0,1,0,0.0
YML095C,0.1,0.042116346406949196,9.333333333333334,0.7,5,0,1.0421163464069492
YOL020W,0.0,0.0,0.0,0.0,4,0,0.0
YOR264W,0.04032258064516129,0.5268490214849376,37.33333333333333,7.946428571428571,32,0,1.5268490214849377
YOR281C,0.3333333333333333,0.5091743119266054,2.0,0.875,3,1,1.5091743119266054
YCR087C-A,0.1,0.051127819548872175,0.0,11.0,5,0,1.0511278195488722
YCR087W,0.0,0.0,0.0,0.0,2,0,0.0
YIL095W,0.6666666666666666,0.24552718607354668,9.0,9.216991341991342,7,0,1.2455271860735466
YNL020C,0.0,0.0,0.0,0.0,4,1,0.0
YCR092C,1.0,1.5,3.0,0.0,3,0,2.1666666666666665
YMR167W,0.23809523809523808,1.6666666666666665,4.0,0.0,7,0,1.8095238095238093
YNL082W,0.8333333333333334,2.583333333333333,4.0,0.0,4,0,2.9059139784946235
YOL090W,0.5,2.25,4.0,0.0,5,0,2.4722222222222223
YCR093W,0.5,2.0,3.0,2.05,4,1,3.0
YDR376W,0.0,0.0,0.0,0.0,2,1,0.0
YER068W,1.0,2.0,3.0,2.05,3,0,3.0
YIL038C,0.5,2.0,3.0,2.5,4,0,3.0
YPR072W,0.5,2.0,3.0,1.6,4,0,2.8
YCR095C,0.0,0.0,0.0,0.0,4,0,0.0
YHL029C,0.16666666666666666,0.012658227848101266,0.0,0.0,4,0,1.0126582278481013
YNL099C,0.06666666666666667,0.4,2.0,6.0,6,0,1.4
YPL027W,0.0,0.0,0.0,0.0,1,0,0.0
YGR203W,0.0,0.0,0.0,0.0,2,0,0.0
YGR205W,0.0,0.0,0.0,0.0,4,0,0.0
YGR262C,0.0,0.0,0.0,0.0,2,0,0.0
YHR148W,0.0,0.0,0.0,0.0,3,1,0.0
YIL059C,0.0,0.0,0.0,0.0,2,0,0.0
YCR100C,0.0,0.0,0.0,0.0,1,0,0.0
YIL110W,0.0,0.0,0.0,0.0,4,0,0.0
YCR101C,0.0,0.0,0.0,0.0,1,0,0.0
YCR106W,0.0,0.0,0.0,0.0,3,0,0.0
YBL080C,0.0,0.0,0.0,0.0,1,0,0.0
YJL096W,0.0,0.0,0.0,0.0,3,0,0.0
YCR107W,0.0,0.0,0.0,0.0,3,0,0.0
YOR114W,0.0,0.0,0.0,0.0,3,0,0.0
YDL001W,0.0,0.0,0.0,0.0,5,0,0.0
YDL133W,0.0,0.0,0.0,0.0,3,0,0.0
YMR079W,0.0,0.0,0.0,0.0,1,1,0.0
YER092W,0.3,0.5914405246494798,8.833333333333332,7.101282051282052,5,0,1.5914405246494798
YGL150C,0.0,0.0,0.0,0.0,2,1,0.0
YDL003W,0.4601449275362319,5.767287328416216,134.83333333333334,277.5916666666667,24,1,6.767287328416216
YDR254W,0.4426877470355731,4.875635048829532,116.33333333333334,117.7797619047619,23,0,5.875635048829532
YDR318W,0.05909090909090909,2.2412206834167048,104.91666666666667,156.2,56,0,3.2412206834167048
YGL250W,0.0,0.0,0.0,0.0,8,0,0.0
YJL074C,0.11666666666666667,1.4987865920292895,19.583333333333332,11.541666666666666,16,1,2.4987865920292895
YJR135C,0.7166666666666667,3.6637878841573985,104.58333333333334,350.0,16,1,4.663787884157399
YLR381W,0.7205882352941176,4.372448375144889,107.83333333333334,232.75,17,0,5.372448375144889
YPL017C,0.8888888888888888,0.7306435555753577,0.0,26.06669719169719,9,0,1.7306435555753577
YPR046W,0.39826839826839827,3.7029521399877283,119.25000000000001,343.0,22,0,4.702952139987728
YDL230W,0.3333333333333333,0.3214285714285714,0.0,3.0,3,0,1.3214285714285714
YIL147C,0.6666666666666666,0.7714285714285715,2.0,0.0,3,1,1.635626102292769
YOR208W,0.3,1.0928571428571427,2.0,3.333333333333333,5,0,2.0928571428571425
YLR102C,0.46153846153846156,5.585972850678734,39.75,38.333333333333336,13,0,6.585972850678734
YDL011C,0.0,0.0,0.0,0.0,2,0,0.0
YEL023C,0.0,0.0,0.0,0.0,4,0,0.0
YDL012C,0.0,0.0,0.0,0.0,7,0,0.0
YDR151C,0.0,0.0,0.0,0.0,1,1,0.0
YFR047C,0.16666666666666666,0.03635620915032679,3.0,5.0,4,0,1.036356209150327
YHR032W,0.0,0.0,0.0,0.0,1,0,0.0
YHR140W,0.0,0.0,0.0,0.0,2,0,0.0
YIL172C,0.0,0.0,0.0,0.0,1,0,0.0
YJL065C,0.0,0.0,0.0,0.0,3,0,0.0
YOR355W,0.0,0.0,0.0,0.0,11,0,0.0
YER116C,0.42857142857142855,0.48240715471897294,9.5,28.857142857142858,7,0,1.482407154718973
YLR443W,0.0,0.0,0.0,0.0,2,0,0.0
YLR197W,0.1,0.5,2.0,5.333333333333333,5,1,1.5
YPL043W,0.0,0.0,0.0,0.0,4,1,0.0
YDL151C,0.0,0.0,0.0,0.0,2,0,0.0
YFR057W,0.0,0.0,0.0,0.0,1,0,0.0
YGL019W,0.24444444444444444,2.0508474576271185,0.0,23.25,10,0,3.0508474576271185
YGR099W,0.0,0.0,0.0,0.0,2,1,0.0
YHR154W,0.16911764705882354,1.7818889301441645,62.333333333333336,2.083333333333333,17,0,2.7818889301441647
YIL035C,0.6666666666666666,2.331120527306968,0.0,18.822222222222223,6,0,3.331120527306968
YJL062W,0.004761904761904762,0.06267806267806267,2.25,3.333333333333333,21,0,1.0626780626780628
YJL088W,0.0,0.0,0.0,0.0,1,0,0.0
YJL138C,0.3,0.9336158192090396,0.0,13.0,5,0,1.9336158192090396
YJR053W,0.43157894736842106,2.609817210394379,98.75000000000001,66.61538461538461,20,0,3.609817210394379
YJR070C,0.02564102564102564,0.10508241758241757,1.5,1.3333333333333333,13,0,1.1050824175824177
YKL039W,0.0,0.0,0.0,0.0,1,0,0.0
YKL056C,0.0,0.0,0.0,0.0,4,0,0.0
YKR059W,0.2857142857142857,1.5609253321117726,0.0,17.447474747474747,7,0,2.560925332111773
YLR288C,0.006792058516196447,0.5675901253918494,50.833333333333336,45.49999999999999,88,0,1.5675901253918494
YLR350W,0.0,0.0,0.0,0.0,4,0,0.0
YLR435W,0.0,0.0,0.0,0.0,5,0,0.0
YMR100W,0.0,0.0,0.0,0.0,1,0,0.0
YNR048W,0.0,0.0,0.0,0.0,2,0,0.0
YOL081W,0.2,0.12298573683982675,0.0,8.555555555555555,6,0,1.1229857368398268
YOR006C,0.0,0.0,0.0,0.0,2,0,0.0
YOR027W,0.3333333333333333,0.26619840179162213,4.5,6.142857142857142,4,0,1.2661984017916221
YOR039W,0.18181818181818182,1.6608474576271186,0.0,18.541666666666668,11,0,2.660847457627119
YOR360C,0.0,0.0,0.0,0.0,5,0,0.0
YIL075C,0.3333333333333333,0.24358974358974358,0.0,2.033333333333333,3,1,1.2435897435897436
YDL023C,0.0,0.0,0.0,0.0,1,0,0.0
YDL024C,0.0,0.0,0.0,0.0,1,0,0.0
YEL017W,0.045454545454545456,0.40909090909090906,7.666666666666667,0.0,12,0,0.5202020202020202
YDL028C,0.0,0.0,0.0,0.0,4,1,0.0
YKL042W,0.16666666666666666,0.08608058608058608,1.3333333333333333,1.5,4,1,1.086080586080586
YDR018C,0.0,0.0,0.0,0.0,2,0,0.0
YJR065C,0.06666666666666667,0.4,2.0,0.0,6,1,0.5666666666666667
YKR042W,0.0,0.0,0.0,0.0,2,0,0.0
YDR421W,0.0,0.0,0.0,0.0,1,0,0.0
YML049C,0.3333333333333333,0.08888888888888888,4.5,0.0,3,1,1.0888888888888888
YML104C,0.0,0.0,0.0,0.0,3,0,0.0
YMR005W,0.0,0.0,0.0,0.0,1,1,0.0
YDL035C,0.0,0.0,0.0,0.0,2,0,0.0
YER020W,0.0,0.0,0.0,0.0,5,0,0.0
YDL041W,0.0,0.0,0.0,0.0,2,0,0.0
YIR002C,0.0,0.0,0.0,0.0,3,0,0.0
YDL042C,0.0,0.0,0.0,0.0,4,0,0.0
YJL076W,0.0,0.0,0.0,0.0,2,1,0.0
YDR131C,0.0,0.0,0.0,0.0,2,0,0.0
YDR180W,0.0,0.0,0.0,0.0,1,1,0.0
YDR386W,0.2087912087912088,1.3030033344488914,93.0,12.737301587301587,14,0,2.303003334448891
YDR409W,0.0,0.0,0.0,0.0,2,0,0.0
YER113C,0.0,0.0,0.0,0.0,2,0,0.0
YGL049C,0.4,1.012121212121212,5.5,5.416666666666666,5,0,2.0121212121212118
YGR162W,0.3333333333333333,2.0121212121212118,5.5,5.0,7,0,3.0121212121212118
YJL146W,0.0,0.0,0.0,0.0,1,0,0.0
YKL155C,0.0,0.0,0.0,0.0,1,0,0.0
YLL014W,0.0,0.0,0.0,0.0,1,0,0.0
YMR302C,0.3333333333333333,0.5833333333333333,0.0,2.333333333333333,3,0,1.5833333333333333
YNL023C,0.0,0.0,0.0,0.0,4,0,0.0
YNL286W,0.0,0.0,0.0,0.0,1,0,0.0
YDL044C,0.0,0.0,0.0,0.0,8,0,0.0
YDR505C,0.0,0.0,0.0,0.0,2,1,0.0
YER086W,0.047619047619047616,0.067816091954023,9.333333333333334,1.25,7,0,1.067816091954023
YLL051C,0.0,0.0,0.0,0.0,2,0,0.0
YLR386W,0.11255411255411256,0.6659776440887155,14.0,19.945054945054945,22,0,1.6659776440887155
YKR072C,0.25,1.6109681541862393,4.5,5.666666666666667,8,0,2.6109681541862395
YMR028W,0.3333333333333333,0.7555555555555555,0.0,5.8,4,1,1.7555555555555555
YBR226C,0.0,0.0,0.0,0.0,1,0,0.0
YDR244W,0.2857142857142857,1.2196969696969697,8.333333333333334,2.0,7,0,2.2196969696969697
YDR249C,0.0,0.0,0.0,0.0,3,0,0.0
YDR329C,0.3333333333333333,0.09965034965034966,6.65,3.8333333333333335,3,0,1.0996503496503496
YER075C,0.0,0.0,0.0,0.0,1,0,0.0
YGR064W,0.0,0.0,0.0,0.0,3,0,0.0
YGR133W,0.0,0.0,0.0,0.0,5,0,0.0
YGR159C,0.0,0.0,0.0,0.0,3,1,0.0
YGR170W,0.0,0.0,0.0,0.0,1,0,0.0
YGR206W,0.0,0.0,0.0,0.0,2,0,0.0
YGR214W,0.0,0.0,0.0,0.0,3,0,0.0
YHL005C,0.0,0.0,0.0,0.0,2,0,0.0
YHR013C,0.0,0.0,0.0,0.0,6,0,0.0
YHR203C,0.0,0.0,0.0,0.0,1,0,0.0
YIL121W,0.0,0.0,0.0,0.0,4,0,0.0
YJL174W,0.02564102564102564,0.13924677569472144,0.0,1.75,13,1,1.1392467756947213
YKL032C,0.19047619047619047,0.13723498723498723,0.0,5.5317460317460325,7,0,1.1372349872349872
YLR191W,0.10606060606060606,1.0587035771246298,11.666666666666668,2.0,12,0,2.05870357712463
YLR282C,0.0,0.0,0.0,0.0,1,0,0.0
YLR360W,0.1388888888888889,0.573736945012856,0.0,6.105194805194805,9,0,1.573736945012856
YMR230W,0.0,0.0,0.0,0.0,1,0,0.0
YMR289W,0.0,0.0,0.0,0.0,1,0,0.0
YNL329C,0.0,0.0,0.0,0.0,8,0,0.0
YOR311C,0.0,0.0,0.0,0.0,1,0,0.0
YPR197C,0.0,0.0,0.0,0.0,3,0,0.0
YDL051W,0.0,0.0,0.0,0.0,1,0,0.0
YDR395W,0.0,0.0,0.0,0.0,11,1,0.0
YDL052C,0.0,0.0,0.0,0.0,2,0,0.0
YDL056W,0.0,0.0,0.0,0.0,1,0,0.0
YLR182W,0.047619047619047616,0.05670995670995671,0.0,1.875,7,1,1.0567099567099567
YDL058W,0.3333333333333333,0.19166666666666665,1.5,2.063492063492064,3,1,1.1916666666666667
YER157W,0.08333333333333333,0.4580645161290322,5.222222222222222,5.507936507936508,9,1,1.4580645161290322
YDL059C,0.0,0.0,0.0,0.0,3,0,0.0
YFL059W,0.2222222222222222,1.8819444444444444,0.0,19.0,9,0,2.8819444444444446
YGR049W,0.0,0.0,0.0,0.0,4,0,0.0
YDL063C,0.0,0.0,0.0,0.0,3,0,0.0
YDR381W,0.0,0.0,0.0,0.0,1,1,0.0
YPL131W,0.0,0.0,0.0,0.0,2,1,0.0
YMR168C,0.3333333333333333,1.1368298368298368,8.166666666666666,0.0,7,1,1.4300428776336096
YLR071C,0.5,0.3628389154704944,18.333333333333332,2.1142857142857143,4,1,1.3628389154704945
YDL070W,0.0,0.0,0.0,0.0,5,0,0.0
YGL063W,0.0,0.0,0.0,0.0,2,0,0.0
YLR399C,0.0,0.0,0.0,0.0,3,0,0.0
YDL071C,0.0,0.0,0.0,0.0,5,0,0.0
YDR183W,0.4,0.07923342480304506,0.0,11.333333333333332,6,0,1.079233424803045
YEL068C,0.1,0.028508771929824563,0.0,0.0,5,0,1.0285087719298245
YFL017C,0.0,0.0,0.0,0.0,8,1,0.0
YGR269W,0.0,0.0,0.0,0.0,3,0,0.0
YNL155W,0.0,0.0,0.0,0.0,2,0,0.0
YOL069W,0.1225071225071225,2.8355534753515776,79.875,54.39999999999999,27,1,3.8355534753515776
YDL076C,0.0,0.0,0.0,0.0,1,0,0.0
YLR098C,0.0,0.0,0.0,0.0,4,0,0.0
YDR080W,0.6666666666666666,0.48732036268795187,26.666666666666664,4.192807192807193,4,0,1.4873203626879519
YDL081C,0.03571428571428571,0.01786843769765971,4.5,3.0,8,0,1.0178684376976597
YLR340W,0.3333333333333333,0.8205128205128205,3.0,1.2,4,1,1.8205128205128205
YDL084W,0.0,0.0,0.0,0.0,2,1,0.0
YPR057W,0.0,0.0,0.0,0.0,2,0,0.0
YDL085W,0.0,0.0,0.0,0.0,2,0,0.0
YGR139W,0.0,0.0,0.0,0.0,3,0,0.0
YDL088C,1.0,0.375,2.3625,15.142857142857142,2,0,1.375
YML031W,0.16666666666666666,0.375,1.6,22.0,4,1,1.375
YDL089W,0.047619047619047616,0.29166666666666663,2.9166666666666665,0.0,7,1,0.4549319727891156
YDR233C,0.0,0.0,0.0,0.0,3,1,0.0
YLR324W,0.08333333333333333,0.5623323013415893,6.0,0.0,9,0,0.7105246302092714
YML008C,0.0,0.0,0.0,0.0,6,0,0.0
YMR316C-B,0.0,0.0,0.0,0.0,2,0,0.0
YPR028W,0.3333333333333333,0.75,2.833333333333333,0.0,4,0,1.1944444444444444
YDL090C,0.0,0.0,0.0,0.0,1,0,0.0
YKL019W,0.0,0.0,0.0,0.0,3,1,0.0
YDL091C,0.0,0.0,0.0,0.0,1,0,0.0
YIL022W,0.1,0.0725,2.25,0.0,5,1,1.0725
YDL092W,0.0,0.0,0.0,0.0,1,1,0.0
YKL122C,0.0,0.0,0.0,0.0,1,1,0.0
YDL093W,0.0,0.0,0.0,0.0,1,0,0.0
YGL055W,0.0,0.0,0.0,0.0,1,1,0.0
YDL097C,0.0,0.0,0.0,0.0,1,1,0.0
YDL098C,0.0,0.0,0.0,0.0,2,1,0.0
YDL099W,0.0,0.0,0.0,0.0,2,0,0.0
YKL050C,0.0,0.0,0.0,0.0,3,0,0.0
YNL199C,0.0,0.0,0.0,0.0,6,0,0.0
YOR164C,0.1,0.11492537313432837,5.833333333333333,4.333333333333333,5,0,1.1149253731343283
YPL252C,0.0,0.0,0.0,0.0,1,1,0.0
YDL101C,0.0,0.0,0.0,0.0,3,0,0.0
YKL025C,0.2222222222222222,0.2548507764796253,10.5,4.684523809523809,10,0,1.2548507764796253
YDL102W,0.1111111111111111,1.3114621021767003,21.5,7.646428571428571,18,1,2.3114621021767006
YHR118C,0.0,0.0,0.0,0.0,5,1,0.0
YJR006W,0.3333333333333333,0.08513931888544891,2.0,0.0,3,1,1.085139318885449
YNL291C,0.2,0.11851333566561714,1.5,7.0,6,0,1.1185133356656172
YOL093W,0.0,0.0,0.0,0.0,2,0,0.0
YDL104C,0.0,0.0,0.0,0.0,1,0,0.0
YDL106C,0.0,0.0,0.0,0.0,2,0,0.0
YFR034C,0.0,0.0,0.0,0.0,3,0,0.0
YDL107W,0.0,0.0,0.0,0.0,1,0,0.0
YDL108W,0.0,0.0,0.0,0.0,6,1,0.0
YDL140C,0.0,0.0,0.0,0.0,10,1,0.0
YGL134W,0.0,0.0,0.0,0.0,2,0,0.0
YOR151C,0.0,0.0,0.0,0.0,4,1,0.0
YPR025C,0.16666666666666666,0.22380952380952382,0.0,0.0,4,1,0.9684903748733535
YDL110C,0.0,0.0,0.0,0.0,4,0,0.0
YKL015W,0.0,0.0,0.0,0.0,2,0,0.0
YLR125W,0.0,0.0,0.0,0.0,5,0,0.0
YOR078W,0.0,0.0,0.0,0.0,3,0,0.0
YJL036W,0.1,0.029921517331589275,1.9444444444444444,2.0090909090909093,5,0,1.0299215173315892
YDL114W,0.0,0.0,0.0,0.0,3,0,0.0
YDL123W,0.0,0.0,0.0,0.0,1,0,0.0
YLR040C,0.0,0.0,0.0,0.0,1,0,0.0
YCL044C,0.0,0.0,0.0,0.0,1,0,0.0
YCL069W,0.0,0.0,0.0,0.0,1,0,0.0
YDR113C,0.0,0.0,0.0,0.0,2,1,0.0
YGL179C,0.0,0.0,0.0,0.0,1,0,0.0
YGL263W,0.0,0.0,0.0,0.0,2,0,0.0
YHL004W,0.0,0.0,0.0,0.0,12,0,0.0
YHR033W,0.0,0.0,0.0,0.0,1,0,0.0
YJL041W,0.13333333333333333,0.9504856669035773,6.375,38.5,10,1,1.9504856669035773
YJL090C,0.0,0.0,0.0,0.0,5,1,0.0
YOL014W,0.0,0.0,0.0,0.0,3,0,0.0
YOR180C,0.13333333333333333,0.48458646616541357,9.333333333333334,6.166666666666667,6,0,1.4845864661654136
YOR294W,0.0,0.0,0.0,0.0,2,1,0.0
YPL091W,0.0,0.0,0.0,0.0,2,0,0.0
YDL120W,0.0,0.0,0.0,0.0,4,1,0.0
YGR207C,0.0,0.0,0.0,0.0,3,0,0.0
YPR004C,0.0,0.0,0.0,0.0,2,0,0.0
YDL121C,0.0,0.0,0.0,0.0,2,0,0.0
YMR305C,0.0,0.0,0.0,0.0,2,0,0.0
YDL190C,0.0,0.0,0.0,0.0,1,0,0.0
YDL127W,0.23809523809523808,0.29318372936723897,1.8333333333333333,6.888888888888889,7,0,1.293183729367239
YPL031C,0.030729359496482783,2.0643763772882036,140.39999999999998,97.77712842712842,74,0,3.0643763772882036
YDL128W,0.0,0.0,0.0,0.0,1,0,0.0
YKL102C,0.0,0.0,0.0,0.0,1,0,0.0
YDL130W,0.02197802197802198,0.3076923076923077,3.0,7.2,14,0,1.3076923076923077
YDR367W,0.0,0.0,0.0,0.0,2,1,0.0
YDR382W,0.16666666666666666,0.41025641025641024,2.0,1.0,4,0,1.4102564102564101
YDR399W,0.0,0.0,0.0,0.0,2,0,0.0
YJL208C,0.0,0.0,0.0,0.0,4,0,0.0
YJL210W,0.0,0.0,0.0,0.0,4,0,0.0
YJR012C,0.0,0.0,0.0,0.0,1,1,0.0
YJR108W,0.0,0.0,0.0,0.0,3,0,0.0
YJR144W,0.0,0.0,0.0,0.0,2,0,0.0
YKL002W,0.004878048780487805,0.14142403432751352,2.833333333333333,17.0,41,0,1.1414240343275135
YLR051C,0.16666666666666666,0.3448275862068965,4.666666666666667,2.0,4,1,1.3448275862068966
YFL009W,0.32142857142857145,1.4832915622389307,21.333333333333336,15.355555555555554,8,1,2.4832915622389304
YGL249W,0.0,0.0,0.0,0.0,3,0,0.0
YJR090C,0.1111111111111111,0.5569438301636445,10.333333333333332,4.983408748114631,9,0,1.5569438301636445
YLR100W,0.3333333333333333,0.5833333333333333,2.0,2.5,3,1,1.5833333333333333
YLR368W,0.022222222222222223,0.12406015037593984,2.9166666666666665,5.0,10,0,1.1240601503759398
YDL135C,0.0,0.0,0.0,0.0,4,0,0.0
YDL137W,0.5,0.8859649122807016,49.7,21.0,4,0,1.8859649122807016
YDL226C,0.042105263157894736,0.8217317487266553,11.916666666666668,8.8,20,0,1.8217317487266553
YGL137W,1.0,0.43333333333333335,0.5,2.0,2,1,1.4333333333333333
YDL138W,0.0,0.0,0.0,0.0,2,0,0.0
YDL139C,0.0,0.0,0.0,0.0,2,1,0.0
YER125W,0.01904761904761905,0.15203145478374835,0.0,3.841269841269841,15,1,1.1520314547837485
YGL130W,0.0,0.0,0.0,0.0,2,1,0.0
YML010W,0.0,0.0,0.0,0.0,1,1,0.0
YNL266W,0.0,0.0,0.0,0.0,3,0,0.0
YOR210W,0.0,0.0,0.0,0.0,4,1,0.0
YOR224C,0.0,0.0,0.0,0.0,4,1,0.0
YPR086W,0.0015229392727964973,0.14816571790006322,31.0,17.016666666666666,103,1,1.1481657179000633
YDR212W,0.3,1.2000000000000002,3.0,3.0,5,1,2.2
YIL142W,0.4,1.6273883876937312,11.0,7.5,6,1,2.627388387693731
YDL144C,0.0,0.0,0.0,0.0,1,0,0.0
YDR088C,0.0,0.0,0.0,0.0,4,1,0.0
YDL146W,0.0,0.0,0.0,0.0,2,0,0.0
YKL070W,0.0,0.0,0.0,0.0,1,0,0.0
YDL147W,0.0,0.0,0.0,0.0,6,1,0.0
YDR179C,0.0,0.0,0.0,0.0,4,0,0.0
YDR201W,0.08974358974358974,0.6918858918858919,8.75,6.0,13,1,1.691885891885892
YDR341C,0.0,0.0,0.0,0.0,1,1,0.0
YDL149W,0.0,0.0,0.0,0.0,1,0,0.0
YLR065C,0.0,0.0,0.0,0.0,2,0,0.0
YDL150W,0.0,0.0,0.0,0.0,1,1,0.0
YKR025W,0.0,0.0,0.0,0.0,1,1,0.0
YDL153C,0.0020161290322580645,0.06451612903225806,4.5,0.0,32,1,0.09576612903225806
YBR041W,0.0,0.0,0.0,0.0,2,0,0.0
YDR040C,0.0,0.0,0.0,0.0,2,0,0.0
YDR269C,0.0,0.0,0.0,0.0,2,0,0.0
YDR307W,0.16666666666666666,0.34397163120567376,0.0,2.333333333333333,4,0,1.3439716312056738
YDR422C,0.03571428571428571,0.12878787878787878,2.25,0.0,8,0,0.4060988031576267
YFL001W,0.0,0.0,0.0,0.0,2,0,0.0
YGL120C,0.0,0.0,0.0,0.0,1,1,0.0
YGL198W,0.2222222222222222,1.4978802304478926,39.375,17.1,10,0,2.4978802304478926
YGR160W,0.0,0.0,0.0,0.0,3,0,0.0
YGR290W,0.0,0.0,0.0,0.0,2,0,0.0
YJL175W,0.0,0.0,0.0,0.0,1,0,0.0
YJR002W,0.0,0.0,0.0,0.0,3,1,0.0
YNL125C,0.0,0.0,0.0,0.0,2,0,0.0
YNL280C,0.0,0.0,0.0,0.0,2,0,0.0
YOL118C,0.0,0.0,0.0,0.0,1,0,0.0
YOR252W,0.0,0.0,0.0,0.0,2,0,0.0
YOR309C,0.0,0.0,0.0,0.0,2,0,0.0
YOR314W,0.0,0.0,0.0,0.0,4,0,0.0
YPL026C,0.0,0.0,0.0,0.0,2,0,0.0
YPL076W,0.0,0.0,0.0,0.0,3,1,0.0
YPR029C,0.1,0.41666666666666663,2.3333333333333335,2.05,5,0,1.4166666666666665
YGL170C,0.1,0.07393483709273183,3.7916666666666665,2.0,5,0,1.0739348370927317
YDL156W,0.0,0.0,0.0,0.0,2,0,0.0
YGR040W,0.17857142857142858,1.04600991114149,1.0,3.9,8,0,2.04600991114149
YGR178C,0.0,0.0,0.0,0.0,8,0,0.0
YJR122W,0.0,0.0,0.0,0.0,3,0,0.0
YDL161W,0.0,0.0,0.0,0.0,5,0,0.0
YDL164C,0.0,0.0,0.0,0.0,2,1,0.0
YGL207W,0.06666666666666667,0.5649013499480788,5.0,2.1984126984126986,10,1,1.5649013499480788
YDL165W,0.0,0.0,0.0,0.0,6,1,0.0
YGR014W,0.0,0.0,0.0,0.0,7,0,0.0
YDL166C,0.0,0.0,0.0,0.0,2,1,0.0
YLR222C,0.0,0.0,0.0,0.0,4,1,0.0
YDL167C,0.0,0.0,0.0,0.0,2,0,0.0
YBL081W,0.0,0.0,0.0,0.0,2,0,0.0
YBR212W,0.0,0.0,0.0,0.0,1,0,0.0
YNR073C,0.0,0.0,0.0,0.0,1,0,0.0
YDL179W,0.0,0.0,0.0,0.0,3,0,0.0
YKR054C,0.18233618233618235,2.1495733331913716,166.33333333333334,45.10274725274725,27,0,3.1495733331913716
YDL185W1,0.0,0.0,0.0,0.0,1,0,0.0
YDL186W,0.0,0.0,0.0,0.0,2,0,0.0
YJL167W,0.0,0.0,0.0,0.0,1,1,0.0
YDL188C,1.0,0.4444444444444444,0.0,2.9,2,0,1.4444444444444444
YDR320C,0.3,0.20824351467730925,5.944444444444445,11.745129870129867,5,0,1.2082435146773092
YGL206C,0.14285714285714285,0.9206349206349205,5.0,0.0,7,0,1.075807334428024
YGR130C,0.3333333333333333,0.08095238095238094,0.0,0.0,3,0,1.0809523809523809
YDL193W,0.0,0.0,0.0,0.0,3,1,0.0
YGR062C,0.0,0.0,0.0,0.0,1,0,0.0
YDR345C,0.0,0.0,0.0,0.0,2,0,0.0
YHR092C,0.0,0.0,0.0,0.0,1,0,0.0
YHR094C,0.0,0.0,0.0,0.0,2,0,0.0
YKL038W,0.0,0.0,0.0,0.0,2,0,0.0
YMR011W,0.0,0.0,0.0,0.0,1,0,0.0
YDL195W,0.3333333333333333,0.6166666666666667,4.75,0.0,4,1,1.157207207207207
YIL109C,0.23809523809523808,1.0888278388278387,10.333333333333332,0.0,7,1,1.3074989910566024
YPR181C,0.18181818181818182,1.8252747252747252,15.208333333333334,0.0,11,1,1.9248861313280337
YDL196W,0.0,0.0,0.0,0.0,2,1,0.0
YDL094C,0.0,0.0,0.0,0.0,1,0,0.0
YER071C,0.022222222222222223,0.025668449197860963,2.0,3.75,10,0,1.025668449197861
YDL198C,0.0,0.0,0.0,0.0,1,0,0.0
YMR072W,0.0,0.0,0.0,0.0,3,0,0.0
YDL203C,0.0,0.0,0.0,0.0,6,0,0.0
YGR058W,0.0,0.0,0.0,0.0,7,0,0.0
YOR372C,0.0,0.0,0.0,0.0,1,1,0.0
YDL207W,0.2857142857142857,1.2988372093023255,7.5625,11.777380952380952,7,1,2.2988372093023255
YEL024W,1.0,0.29166666666666663,4.0,3.4,2,0,1.2916666666666665
YER107C,0.1388888888888889,0.9655038759689922,6.5625,11.285714285714286,9,0,1.9655038759689922
YIL115C,0.0,0.0,0.0,0.0,5,1,0.0
YDL208W,0.16666666666666666,0.5333333333333333,2.0,0.6666666666666666,4,1,1.5333333333333332
YHR072W-A,1.0,0.5333333333333333,2.0,2.1666666666666665,2,1,1.5333333333333332
YHR089C,0.06666666666666667,0.4,2.0,1.5,6,1,1.4
YNL124W,0.0,0.0,0.0,0.0,5,1,0.0
YDL209C,0.0,0.0,0.0,0.0,1,1,0.0
YLR426W,0.0,0.0,0.0,0.0,3,0,0.0
YDL210W,0.0,0.0,0.0,0.0,3,0,0.0
YGL230C,0.0,0.0,0.0,0.0,4,0,0.0
YDL212W,0.0,0.0,0.0,0.0,1,1,0.0
YDR508C,0.06666666666666667,0.22380952380952382,0.0,0.0,6,0,0.5216818642350557
YDL213C,0.0,0.0,0.0,0.0,2,0,0.0
YFR032C,0.0,0.0,0.0,0.0,1,0,0.0
YDL214C,0.0,0.0,0.0,0.0,4,0,0.0
YEL013W,0.0,0.0,0.0,0.0,9,0,0.0
YLR432W,0.0,0.0,0.0,0.0,4,0,0.0
YPR048W,0.0,0.0,0.0,0.0,4,1,0.0
YDL216C,0.0,0.0,0.0,0.0,2,0,0.0
YMR025W,0.06666666666666667,0.08159203980099503,2.9166666666666665,2.3956043956043955,6,0,1.081592039800995
YJL054W,0.16666666666666666,0.4,2.0,2.225,4,1,1.4
YDR082W,0.0,0.0,0.0,0.0,3,1,0.0
YMR106C,1.0,0.8333333333333333,2.25,4.897435897435898,2,0,1.8333333333333333
YMR284W,0.3333333333333333,0.8333333333333333,2.25,4.564102564102564,3,0,1.8333333333333333
YBL098W,0.0,0.0,0.0,0.0,1,0,0.0
YEL064C,0.0,0.0,0.0,0.0,4,0,0.0
YER123W,0.0,0.0,0.0,0.0,2,0,0.0
YKR088C,0.0,0.0,0.0,0.0,1,0,0.0
YOL129W,0.0,0.0,0.0,0.0,4,0,0.0
YPR113W,0.0,0.0,0.0,0.0,2,1,0.0
YPR183W,0.0,0.0,0.0,0.0,3,1,0.0
YDL229W,1.0,1.5,0.0,0.0,2,0,2.1666666666666665
YKR084C,0.3333333333333333,1.0,0.0,0.0,3,0,1.3333333333333333
YNL209W,1.0,1.5,0.0,0.0,2,0,2.1666666666666665
YDL231C,0.0,0.0,0.0,0.0,1,0,0.0
YCR016W,0.0,0.0,0.0,0.0,2,0,0.0
YDL232W,0.0,0.0,0.0,0.0,1,1,0.0
YOR085W,0.0,0.0,0.0,0.0,6,0,0.0
YDL235C,0.26666666666666666,1.367816091954023,4.25,6.0,6,1,2.367816091954023
YJL128C,0.19047619047619047,0.7177069360056814,4.0,10.596969696969696,7,0,1.7177069360056814
YLR113W,0.009195402298850575,0.2407948568088837,4.5,0.9666666666666666,30,0,1.2407948568088838
YNR031C,0.6666666666666666,0.9,0.0,0.0,3,0,1.6407407407407408
YDL236W,0.0,0.0,0.0,0.0,1,0,0.0
YDL237W,0.0,0.0,0.0,0.0,2,0,0.0
YDL238C,0.0,0.0,0.0,0.0,1,0,0.0
YBR072W,0.0,0.0,0.0,0.0,4,0,0.0
YDR148C,0.09090909090909091,0.2708978737296117,14.833333333333332,14.933333333333334,11,0,1.2708978737296117
YDR273W,0.0,0.0,0.0,0.0,2,0,0.0
YHR184W,0.0,0.0,0.0,0.0,3,0,0.0
YLR072W,0.0,0.0,0.0,0.0,2,0,0.0
YML042W,0.0,0.0,0.0,0.0,8,0,0.0
YMR124W,0.09523809523809523,0.17374890254609304,0.0,12.5,7,0,1.173748902546093
YNR012W,0.022222222222222223,0.12426900584795321,0.0,0.0,10,0,0.3030925352597179
YOL091W,0.0,0.0,0.0,0.0,4,0,0.0
YOR324C,0.0,0.0,0.0,0.0,7,0,0.0
YPL070W,0.05517241379310345,1.3520266182698126,35.33333333333333,70.7,30,0,2.3520266182698126
YDL243C,0.0,0.0,0.0,0.0,2,0,0.0
YNL331C,0.2,0.08399686250785857,0.0,2.5,5,0,1.0839968625078586
YDL246C,0.3333333333333333,1.1240787470960507,0.0,9.9,6,0,2.1240787470960507
YJR159W,0.26666666666666666,0.9171343026516062,0.0,9.5,6,0,1.9171343026516063
YMR308C,0.02564102564102564,0.3333333333333333,4.666666666666667,0.0,13,1,0.41025641025641024
YDR001C,0.0,0.0,0.0,0.0,1,0,0.0
YLR270W,0.0,0.0,0.0,0.0,2,0,0.0
YDR002W,0.0,0.0,0.0,0.0,2,1,0.0
YDR076W,0.8,2.2334503770169345,114.33333333333334,116.5,10,0,3.2334503770169345
YJL023C,0.0,0.0,0.0,0.0,2,0,0.0
YDR006C,0.0,0.0,0.0,0.0,3,0,0.0
YKL093W,0.0,0.0,0.0,0.0,4,0,0.0
YDR009W,0.0,0.0,0.0,0.0,1,0,0.0
YDR013W,0.0,0.0,0.0,0.0,2,1,0.0
YDR016C,0.2,0.8509803921568628,3.0,3.619047619047619,6,1,1.8509803921568628
YGL061C,0.2,0.8509803921568628,3.0,3.619047619047618,6,1,1.8509803921568628
YKR037C,0.23809523809523808,0.9835528241147204,7.5625,11.166666666666666,7,1,1.9835528241147204
YDR479C,0.0,0.0,0.0,0.0,4,0,0.0
YDR020C,0.0,0.0,0.0,0.0,1,0,0.0
YDR021W,0.0,0.0,0.0,0.0,2,1,0.0
YER127W,0.1,0.060379918588873815,2.25,4.333333333333333,5,1,1.0603799185888738
YDR022C,0.0,0.0,0.0,0.0,4,0,0.0
YDR026C,0.0,0.0,0.0,0.0,4,0,0.0
YBL092W,0.0,0.0,0.0,0.0,2,1,0.0
YKR092C,0.0,0.0,0.0,0.0,6,0,0.0
YDR484W,0.09523809523809523,0.3876811594202898,3.020833333333333,0.7142857142857143,7,0,1.3876811594202898
YJL029C,1.0,0.41666666666666663,2.6666666666666665,0.0,2,0,1.4166666666666665
YDR473C,0.16666666666666666,0.22619047619047616,2.0,0.0,4,1,0.9630325814536341
YER027C,0.3333333333333333,0.25757575757575757,8.333333333333332,1.4,4,0,1.2575757575757576
YHR165C,0.0,0.0,0.0,0.0,3,1,0.0
YJL005W,0.0,0.0,0.0,0.0,2,1,0.0
YMR140W,0.3333333333333333,0.2621212121212121,16.75,0.0,4,0,1.2621212121212122
YMR235C,0.06666666666666667,0.22631578947368422,9.333333333333334,0.3333333333333333,6,1,1.2263157894736842
YNR011C,0.0,0.0,0.0,0.0,3,1,0.0
YPR178W,0.10714285714285714,0.4635928055432699,6.0,0.0,8,1,0.6947069554216309
YDR030C,0.0,0.0,0.0,0.0,1,0,0.0
YDR034C,0.0015360983102918587,0.0967741935483871,23.633333333333333,6.057142857142858,63,0,1.096774193548387
YBR144C,0.0,0.0,0.0,0.0,2,0,0.0
YBR145W,0.0,0.0,0.0,0.0,2,0,0.0
YBR180W,0.0,0.0,0.0,0.0,1,0,0.0
YDL247W,0.0,0.0,0.0,0.0,1,0,0.0
YDR023W,0.0,0.0,0.0,0.0,1,1,0.0
YDR277C,0.022222222222222223,0.2111111111111111,0.0,2.5,10,0,1.211111111111111
YDR342C,0.0,0.0,0.0,0.0,2,0,0.0
YDR417C,0.0,0.0,0.0,0.0,1,0,0.0
YDR438W,0.0,0.0,0.0,0.0,3,0,0.0
YDR449C,0.0,0.0,0.0,0.0,1,1,0.0
YDR456W,0.0,0.0,0.0,0.0,3,0,0.0
YER038C,0.0,0.0,0.0,0.0,2,1,0.0
YER043C,0.0,0.0,0.0,0.0,1,1,0.0
YER044C,0.1,0.5,2.0,2.05,5,0,1.5
YER064C,0.0,0.0,0.0,0.0,5,0,0.0
YFR021W,0.0,0.0,0.0,0.0,1,0,0.0
YFR046C,0.0,0.0,0.0,0.0,2,0,0.0
YFR055W,0.0,0.0,0.0,0.0,3,0,0.0
YGL125W,0.0,0.0,0.0,0.0,1,0,0.0
YGL169W,0.0,0.0,0.0,0.0,1,1,0.0
YGL181W,0.011857707509881422,0.20660922736360654,2.0,2.1142857142857143,23,0,1.2066092273636064
YGL223C,0.0,0.0,0.0,0.0,2,0,0.0
YGR111W,0.0,0.0,0.0,0.0,2,0,0.0
YGR113W,0.0457516339869281,0.7323305170100605,9.520833333333334,13.69047619047619,18,1,1.7323305170100605
YGR124W,0.0,0.0,0.0,0.0,2,0,0.0
YGR189C,0.0,0.0,0.0,0.0,3,0,0.0
YGR295C,0.0,0.0,0.0,0.0,1,0,0.0
YIL145C,0.0,0.0,0.0,0.0,3,0,0.0
YIR026C,0.0,0.0,0.0,0.0,1,0,0.0
YJL002C,0.3333333333333333,0.4583333333333333,2.9166666666666665,1.0,3,1,1.4583333333333333
YJL185C,0.0,0.0,0.0,0.0,3,0,0.0
YLR063W,0.3333333333333333,0.09305210918114144,12.6,2.128571428571429,3,0,1.0930521091811414
YLR328W,0.14285714285714285,0.5433006535947712,8.0,7.0,7,0,1.543300653594771
YMR064W,0.0,0.0,0.0,0.0,1,0,0.0
YMR094W,0.14285714285714285,1.4295130308288204,22.708333333333332,11.260784313725493,14,1,2.4295130308288204
YMR187C,0.0,0.0,0.0,0.0,3,0,0.0
YOR009W,0.0,0.0,0.0,0.0,1,0,0.0
YPL114W,0.0,0.0,0.0,0.0,2,0,0.0
YPL138C,0.0,0.0,0.0,0.0,2,0,0.0
YPL178W,0.0,0.0,0.0,0.0,4,0,0.0
YPR136C,0.0,0.0,0.0,0.0,2,1,0.0
YPR187W,0.0,0.0,0.0,0.0,1,1,0.0
YDR042C,0.0,0.0,0.0,0.0,2,0,0.0
YLR413W,0.0,0.0,0.0,0.0,2,0,0.0
YDR044W,0.0,0.0,0.0,0.0,2,1,0.0
YBR215W,0.1,0.03393482359278212,5.833333333333333,3.333333333333333,5,0,1.033934823592782
YDL062W,0.0,0.0,0.0,0.0,2,0,0.0
YER177W,0.4222222222222222,0.5904820859991431,0.0,9.208333333333332,10,0,1.590482085999143
YGL129C,0.0,0.0,0.0,0.0,3,0,0.0
YIL128W,0.0,0.0,0.0,0.0,3,0,0.0
YLR320W,0.0,0.0,0.0,0.0,4,0,0.0
YDR139C,0.6666666666666666,0.6776315789473684,0.0,0.0,3,0,1.6614503491739057
YLR306W,1.0,0.5625,0.0,0.0,2,0,1.5625
YPL003W,0.16666666666666666,0.3958333333333333,0.0,1.0,4,0,1.3958333333333333
YPR066W,0.16666666666666666,0.3958333333333333,0.0,1.0,4,0,1.3958333333333333
YDR060W,0.0,0.0,0.0,0.0,3,1,0.0
YLR398C,0.1,0.07289002557544758,4.5,4.333333333333333,5,0,1.0728900255754477
YDR063W,0.0,0.0,0.0,0.0,3,0,0.0
YGL239C,0.0,0.0,0.0,0.0,2,1,0.0
YKL013C,0.3333333333333333,0.7,2.0,0.0,3,1,1.1761904761904762
YDR069C,0.0,0.0,0.0,0.0,3,0,0.0
YDR070C,0.0,0.0,0.0,0.0,2,0,0.0
YER089C,0.0,0.0,0.0,0.0,1,0,0.0
YML068W,0.0,0.0,0.0,0.0,1,1,0.0
YER019C-A,0.0,0.0,0.0,0.0,2,1,0.0
YKL128C,0.0,0.0,0.0,0.0,1,0,0.0
YHL006C,0.047619047619047616,0.3333333333333333,2.0,2.05,7,0,1.3333333333333333
YIL152W,0.0,0.0,0.0,0.0,2,0,0.0
YLR376C,0.16666666666666666,0.41666666666666663,2.0,2.05,4,0,1.4166666666666665
YDR084C,0.027777777777777776,0.20202020202020202,2.25,2.0,9,0,1.202020202020202
YPL242C,0.0,0.0,0.0,0.0,4,1,0.0
YLR378C,0.0,0.0,0.0,0.0,2,1,0.0
YGR006W,0.0,0.0,0.0,0.0,2,0,0.0
YGR232W,0.0,0.0,0.0,0.0,3,0,0.0
YDR091C,0.0,0.0,0.0,0.0,3,1,0.0
YLR192C,0.0,0.0,0.0,0.0,3,0,0.0
YDR097C,1.0,1.5,3.0,0.0,3,0,2.1666666666666665
YDR098C,0.0,0.0,0.0,0.0,3,0,0.0
YGL071W,0.0,0.0,0.0,0.0,2,0,0.0
YGL220W,0.0,0.0,0.0,0.0,3,0,0.0
YNL042W,0.0,0.0,0.0,0.0,3,0,0.0
YDR100W,0.13333333333333333,0.4532467532467533,1.0,6.666666666666666,6,0,1.4532467532467532
YER132C,0.0,0.0,0.0,0.0,1,0,0.0
YGR179C,0.2,0.4121212121212121,6.5,2.5,6,1,1.412121212121212
YDR104C,0.0,0.0,0.0,0.0,1,0,0.0
YDR105C,0.0,0.0,0.0,0.0,2,0,0.0
YNL160W,0.0,0.0,0.0,0.0,1,0,0.0
YDR106W,0.0,0.0,0.0,0.0,1,0,0.0
YDR107C,0.0,0.0,0.0,0.0,4,0,0.0
YDR072C,0.0,0.0,0.0,0.0,1,0,0.0
YGR234W,0.0,0.0,0.0,0.0,1,0,0.0
YER161C,0.0,0.0,0.0,0.0,9,0,0.0
YLR095C,0.0,0.0,0.0,0.0,2,0,0.0
YGR098C,0.0,0.0,0.0,0.0,1,1,0.0
YDR115W,0.0,0.0,0.0,0.0,4,0,0.0
YKL142W,0.0,0.0,0.0,0.0,6,0,0.0
YDR120C,0.16666666666666666,0.13636363636363635,1.3333333333333333,0.0,4,0,1.1363636363636362
YCL011C,0.0,0.0,0.0,0.0,2,0,0.0
YLR035C,0.0,0.0,0.0,0.0,5,0,0.0
YDR122W,0.0,0.0,0.0,0.0,1,0,0.0
YOL108C,0.0,0.0,0.0,0.0,6,0,0.0
YDR126W,0.0595959595959596,2.09690922603079,92.75,86.64960317460317,45,0,3.09690922603079
YEL027W,0.0,0.0,0.0,0.0,2,0,0.0
YGL007W,0.0,0.0,0.0,0.0,1,0,0.0
YGR228W,0.0,0.0,0.0,0.0,5,0,0.0
YHR151C,0.0,0.0,0.0,0.0,2,0,0.0
YKL110C,0.0,0.0,0.0,0.0,3,0,0.0
YKR031C,0.0,0.0,0.0,0.0,2,0,0.0
YKR033C,0.0,0.0,0.0,0.0,1,0,0.0
YLR374C,0.0,0.0,0.0,0.0,4,0,0.0
YNR049C,0.0,0.0,0.0,0.0,2,0,0.0
YOL112W,0.0,0.0,0.0,0.0,2,0,0.0
YPL051W,0.10984848484848485,2.5880607226229633,249.16666666666669,101.4345238095238,33,0,3.5880607226229633
YDR128W,0.0,0.0,0.0,0.0,2,0,0.0
YDR424C,0.39869281045751637,1.9099267617324551,127.33333333333333,45.42933455433455,18,0,2.9099267617324553
YDR130C,0.0,0.0,0.0,0.0,2,1,0.0
YDR132C,0.0,0.0,0.0,0.0,3,0,0.0
YHR170W,0.0,0.0,0.0,0.0,4,1,0.0
YJL218W,0.16666666666666666,0.04764065335753176,0.0,15.0,4,0,1.0476406533575318
YDR138W,0.2,0.35997067448680353,9.333333333333334,0.0,5,0,0.9155714891507547
YGL162W,0.0,0.0,0.0,0.0,2,0,0.0
YKR010C,0.16666666666666666,0.282258064516129,9.333333333333334,0.0,4,0,0.8727342549923195
YNR046W,0.0,0.0,0.0,0.0,1,1,0.0
YDR142C,0.10714285714285714,0.6103896103896104,5.25,2.0,8,0,1.6103896103896105
YGR239C,0.0,0.0,0.0,0.0,8,0,0.0
YHR160C,0.0,0.0,0.0,0.0,1,0,0.0
YDR335W,0.01818181818181818,0.026803118908382065,0.0,4.564102564102564,11,0,1.0268031189083822
YDR150W,0.14396135265700483,4.363704326875443,577.0,101.23785103785102,46,0,5.363704326875443
YGL124C,0.25,0.4620941760602155,1.3333333333333333,2.5,9,0,1.4620941760602155
YGL216W,0.19913419913419914,2.0628555156785446,208.33333333333331,94.16356275303644,22,0,3.0628555156785446
YGL217C,0.20512820512820512,0.7437190145607193,0.0,27.775641025641026,13,0,1.7437190145607193
YJR112W,0.18333333333333332,1.4254784929698285,54.75,10.480158730158731,16,1,2.4254784929698285
YLL001W,0.4,0.1275421135697491,0.6666666666666666,1.2000000000000002,6,0,1.1275421135697492
YLR216C,0.1111111111111111,0.14796361487096554,25.5,9.666666666666668,9,0,1.1479636148709655
YLR217W,0.4,0.14796361487096554,0.0,7.666666666666667,5,0,1.1479636148709655
YLR319C,0.15384615384615385,0.8921410936126616,0.0,14.048917748917749,13,0,1.8921410936126617
YOR322C,0.3333333333333333,0.03488045007032349,4.666666666666667,0.0,3,0,1.0348804500703235
YPL205C,0.0,0.0,0.0,0.0,5,0,0.0
YGR173W,0.0,0.0,0.0,0.0,4,0,0.0
YDR154C,0.0,0.0,0.0,0.0,2,0,0.0
YDR155C,0.16666666666666666,0.013694193846865602,0.5,0.875,4,0,1.0136941938468655
YKR105C,0.0,0.0,0.0,0.0,2,0,0.0
YDR156W,0.06666666666666667,0.13225806451612904,0.0,0.0,6,0,0.6363231051665355
YJR063W,0.0,0.0,0.0,0.0,18,0,0.0
YNL248C,0.0,0.0,0.0,0.0,1,0,0.0
YDR158W,0.0,0.0,0.0,0.0,1,0,0.0
YFR029W,0.0,0.0,0.0,0.0,2,1,0.0
YGL211W,0.16666666666666666,0.037830687830687826,0.0,0.0,4,0,1.0378306878306878
YGL252C,0.0,0.0,0.0,0.0,2,0,0.0
YGR118W,0.0,0.0,0.0,0.0,2,0,0.0
YIL133C,0.0,0.0,0.0,0.0,2,0,0.0
YLL002W,0.2,0.06481608251186564,14.833333333333334,2.857142857142857,5,0,1.0648160825118655
YML026C,0.0,0.0,0.0,0.0,1,0,0.0
YNL135C,0.0,0.0,0.0,0.0,5,0,0.0
YER013W,0.0,0.0,0.0,0.0,2,1,0.0
YFL033C,0.0,0.0,0.0,0.0,3,0,0.0
YGR097W,0.0,0.0,0.0,0.0,3,0,0.0
YIL129C,0.0,0.0,0.0,0.0,2,1,0.0
YKL012W,0.13333333333333333,0.26323529411764707,2.0,0.0,6,1,0.7697529849928799
YLR228C,0.0,0.0,0.0,0.0,1,0,0.0
YML015C,0.3,0.6734434124527005,5.5,7.166666666666667,5,1,1.6734434124527005
YML098W,0.3333333333333333,0.6405228758169934,5.5,8.333333333333334,4,1,1.6405228758169934
YML114C,0.0,0.0,0.0,0.0,1,1,0.0
YOR250C,0.0,0.0,0.0,0.0,2,1,0.0
YPL011C,0.0,0.0,0.0,0.0,3,1,0.0
YPR115W,0.0,0.0,0.0,0.0,4,0,0.0
YDR169C,0.0,0.0,0.0,0.0,1,0,0.0
YLL026W,0.0,0.0,0.0,0.0,2,0,0.0
YDR174W,0.044444444444444446,0.2847222222222222,3.9166666666666665,4.35,10,0,1.2847222222222223
YIL013C,0.0,0.0,0.0,0.0,1,0,0.0
YCL010C,0.0,0.0,0.0,0.0,2,0,0.0
YDR457W,0.0,0.0,0.0,0.0,1,0,0.0
YGL013C,0.0,0.0,0.0,0.0,1,0,0.0
YJR080C,0.0,0.0,0.0,0.0,2,0,0.0
YKR060W,0.0,0.0,0.0,0.0,1,0,0.0
YDR184C,0.0,0.0,0.0,0.0,4,0,0.0
YDR189W,0.16666666666666666,0.16666666666666666,2.0,2.011111111111111,4,1,1.1666666666666667
YMR316W,0.0,0.0,0.0,0.0,2,0,0.0
YPL235W,0.0,0.0,0.0,0.0,1,1,0.0
YOR134W,0.0,0.0,0.0,0.0,1,0,0.0
YDR200C,0.5,1.0416666666666665,1.0,3.6666666666666665,4,0,2.0416666666666665
YLR238W,0.3333333333333333,0.4444444444444444,4.5,2.083333333333333,3,0,1.4444444444444444
YMR052W,0.1111111111111111,1.0454545454545454,4.5,10.500000000000002,10,0,2.0454545454545454
YHR083W,0.0,0.0,0.0,0.0,2,1,0.0
YKL179C,0.0,0.0,0.0,0.0,2,0,0.0
YKR083C,0.0,0.0,0.0,0.0,5,1,0.0
YDR205W,0.0,0.0,0.0,0.0,1,0,0.0
YNR039C,0.0,0.0,0.0,0.0,1,0,0.0
YJR094C,0.6666666666666666,0.48142857142857143,0.0,0.0,3,0,1.4814285714285713
YMR139W,0.13333333333333333,0.48142857142857143,0.0,0.0,6,0,0.7583820828034478
YDR214W,0.0,0.0,0.0,0.0,2,0,0.0
YDR215C,0.0,0.0,0.0,0.0,2,0,0.0
YKR024C,0.0,0.0,0.0,0.0,3,0,0.0
YPL175W,0.0,0.0,0.0,0.0,1,1,0.0
YDR216W,0.1,0.09761904761904762,2.0,2.056140350877193,5,0,1.0976190476190477
YGR123C,0.0,0.0,0.0,0.0,6,0,0.0
YDR218C,0.3333333333333333,0.13333333333333333,0.0,6.095238095238096,3,0,1.1333333333333333
YGR059W,0.0,0.0,0.0,0.0,3,0,0.0
YDR225W,0.2222222222222222,0.32631000970058693,10.75,13.5,9,0,1.3263100097005869
YDR226W,0.0,0.0,0.0,0.0,2,1,0.0
YOR176W,0.0,0.0,0.0,0.0,5,1,0.0
YLR442C,1.0,0.325,4.5,0.0,2,0,1.325
YDR228C,0.08333333333333333,0.4833333333333333,8.0,0.0,9,1,0.6557471264367816
YGL044C,0.023809523809523808,0.5,14.0,0.0,21,1,0.5476190476190477
YPR049C,0.0,0.0,0.0,0.0,2,0,0.0
YDR229W,0.0,0.0,0.0,0.0,5,0,0.0
YDR236C,0.0,0.0,0.0,0.0,1,1,0.0
YDR398W,0.0,0.0,0.0,0.0,4,1,0.0
YDR238C,0.0,0.0,0.0,0.0,1,1,0.0
YFR051C,0.0,0.0,0.0,0.0,2,1,0.0
YNL214W,0.6666666666666666,0.7524265208475734,3.5,0.0,4,0,1.638448807669279
YDR251W,0.0,0.0,0.0,0.0,1,0,0.0
YDR252W,0.0,0.0,0.0,0.0,3,0,0.0
YHR193C,0.0,0.0,0.0,0.0,4,0,0.0
YGR140W,0.19696969696969696,1.534032634032634,6.083333333333333,4.233333333333333,12,1,2.5340326340326342
YKL089W,0.5,0.8242424242424242,12.291666666666666,2.8166666666666664,5,1,1.8242424242424242
YDR255C,0.0,0.0,0.0,0.0,1,0,0.0
YKL144C,0.0,0.0,0.0,0.0,3,1,0.0
YDR256C,0.16666666666666666,0.03635620915032679,6.0,1.4285714285714286,4,0,1.036356209150327
YMR314W,0.0,0.0,0.0,0.0,2,1,0.0
YDR262W,0.0,0.0,0.0,0.0,1,0,0.0
YDR454C,0.0,0.0,0.0,0.0,1,1,0.0
YDR263C,0.0,0.0,0.0,0.0,1,0,0.0
YOR214C,0.0,0.0,0.0,0.0,1,0,0.0
YJR086W,0.2,0.3192982456140351,0.0,8.833333333333334,5,0,1.3192982456140352
YDR267C,0.0,0.0,0.0,0.0,2,1,0.0
YDR268W,0.0,0.0,0.0,0.0,3,0,0.0
YOR308C,0.2,0.0884437596302003,8.5,7.966666666666667,6,0,1.0884437596302003
YNL259C,0.0,0.0,0.0,0.0,1,0,0.0
YDR271C,0.0,0.0,0.0,0.0,6,0,0.0
YDR509W,0.0,0.0,0.0,0.0,1,0,0.0
YOR244W,0.0,0.0,0.0,0.0,2,1,0.0
YDR275W,0.0,0.0,0.0,0.0,1,0,0.0
YDR279W,0.2,0.3121610346266166,4.0,5.0,5,0,1.3121610346266166
YIL131C,0.0,0.0,0.0,0.0,3,0,0.0
YLR154C,1.0,0.2712765957446808,2.25,3.0,2,0,1.2712765957446808
YDR280W,0.0,0.0,0.0,0.0,1,1,0.0
YDR292C,0.0,0.0,0.0,0.0,2,1,0.0
YKL154W,0.0,0.0,0.0,0.0,2,1,0.0
YMR163C,0.0,0.0,0.0,0.0,2,0,0.0
YDR293C,0.25,0.36494771051733077,0.0,4.437229437229437,8,0,1.3649477105173307
YJR066W,0.3333333333333333,1.5761904761904764,4.0,0.0,6,0,1.7876708387282407
YPL180W,0.26666666666666666,1.3650793650793651,3.0,0.0,6,0,1.5604282022886675
YDR295C,0.35714285714285715,0.746372593121819,20.0,10.408333333333331,8,0,1.746372593121819
YLR131C,0.0,0.0,0.0,0.0,3,0,0.0
YDR298C,0.0,0.0,0.0,0.0,1,0,0.0
YDR299W,0.06666666666666667,0.30000000000000004,4.0,0.0,6,1,0.5222222222222223
YDR300C,0.0,0.0,0.0,0.0,1,0,0.0
YNL317W,0.8,2.904761904761905,11.5,12.366666666666664,6,1,3.904761904761905
YDR304C,0.0,0.0,0.0,0.0,1,0,0.0
YMR153W,0.013333333333333334,0.3333333333333333,6.029166666666666,11.877380952380951,25,0,1.3333333333333333
YDR308C,0.5,0.47564102564102567,3.0,4.80952380952381,4,1,1.4756410256410257
YDR116C,0.0,0.0,0.0,0.0,2,0,0.0
YKL082C,0.3,0.41478696741854637,2.0,4.688636363636364,5,1,1.4147869674185465
YDR311W,0.014492753623188406,0.29072031148604804,23.333333333333336,5.380219780219781,24,1,1.290720311486048
YBR286W,0.0,0.0,0.0,0.0,2,0,0.0
YBR302C,0.0,0.0,0.0,0.0,3,0,0.0
YHR113W,0.16666666666666666,0.10230179028132992,1.0,0.0,4,0,1.10230179028133
YIL071C,0.0,0.0,0.0,0.0,2,0,0.0
YKL028W,0.0,0.0,0.0,0.0,3,1,0.0
YKL104C,0.0,0.0,0.0,0.0,1,1,0.0
YMR294W,0.1835075493612079,5.256589092336475,378.08333333333326,308.5833333333333,42,0,6.256589092336475
YPL170W,0.0,0.0,0.0,0.0,2,0,0.0
YDR313C,0.0,0.0,0.0,0.0,3,0,0.0
YDR315C,0.047619047619047616,0.04050925925925926,2.0,2.6,7,0,1.0405092592592593
YLR323C,0.0,0.0,0.0,0.0,1,1,0.0
YDL026W,0.0,0.0,0.0,0.0,1,0,0.0
YDL046W,0.0,0.0,0.0,0.0,2,0,0.0
YDL050C,0.0,0.0,0.0,0.0,1,0,0.0
YDL053C,0.0,0.0,0.0,0.0,2,0,0.0
YDL061C,0.0,0.0,0.0,0.0,1,0,0.0
YDL067C,0.0,0.0,0.0,0.0,1,1,0.0
YDL096C,0.0,0.0,0.0,0.0,3,0,0.0
YDL118W,0.0,0.0,0.0,0.0,2,0,0.0
YDR455C,0.0,0.0,0.0,0.0,5,0,0.0
YDR478W,0.0,0.0,0.0,0.0,2,1,0.0
YDR542W,0.0,0.0,0.0,0.0,2,0,0.0
YER029C,0.0,0.0,0.0,0.0,8,1,0.0
YER035W,0.0,0.0,0.0,0.0,1,0,0.0
YER084W,0.2,0.03267533285912742,8.416666666666666,4.5064935064935066,5,0,1.0326753328591274
YFL015C,0.0,0.0,0.0,0.0,1,0,0.0
YFR054C,0.0,0.0,0.0,0.0,1,0,0.0
YGR018C,0.0,0.0,0.0,0.0,3,0,0.0
YGR036C,0.0,0.0,0.0,0.0,2,0,0.0
YGR146C,0.0,0.0,0.0,0.0,2,0,0.0
YHL042W,0.0,0.0,0.0,0.0,2,0,0.0
YLL033W,0.0,0.0,0.0,0.0,2,0,0.0
YGR167W,0.2,0.6428571428571428,5.0,0.0,5,0,0.9539682539682539
YDR321W,0.16666666666666666,0.04764065335753176,0.0,7.5,4,0,1.0476406533575318
YKR014C,0.0,0.0,0.0,0.0,5,0,0.0
YDR326C,0.0,0.0,0.0,0.0,2,0,0.0
YER007C-A,0.0,0.0,0.0,0.0,1,0,0.0
YJR089W,0.0,0.0,0.0,0.0,3,1,0.0
YLR097C,0.0,0.0,0.0,0.0,1,1,0.0
YLR224W,1.0,0.3026315789473684,0.0,7.333333333333334,2,0,1.3026315789473684
YLR352W,0.16666666666666666,0.03214616096207215,0.0,0.0,4,0,1.0321461609620721
YML088W,0.0,0.0,0.0,0.0,3,0,0.0
YNL311C,0.0,0.0,0.0,0.0,3,0,0.0
YOR057W,0.1,0.3026315789473684,0.0,6.266666666666667,5,1,1.3026315789473684
YLR002C,0.0,0.0,0.0,0.0,3,1,0.0
YDR332W,0.23333333333333334,3.21341311126953,104.5,126.0604700854701,25,0,4.21341311126953
YBL058W,0.0,0.0,0.0,0.0,1,0,0.0
YDR014W,0.7,0.3372324187716599,0.0,2.2403846153846154,5,0,1.3372324187716598
YDR265W,0.0,0.0,0.0,0.0,1,0,0.0
YGL033W,0.0,0.0,0.0,0.0,2,0,0.0
YMR074C,0.0,0.0,0.0,0.0,1,0,0.0
YLR293C,0.045454545454545456,0.38588516746411483,15.166666666666666,0.7272727272727273,12,1,1.3858851674641148
YOR359W,0.0,0.0,0.0,0.0,3,0,0.0
YDR346C,0.0,0.0,0.0,0.0,1,0,0.0
YLR077W,0.0,0.0,0.0,0.0,2,0,0.0
YDR348C,0.0,0.0,0.0,0.0,2,0,0.0
YMR295C,0.0,0.0,0.0,0.0,2,0,0.0
YDR349C,0.0,0.0,0.0,0.0,3,0,0.0
YLR099C,0.0,0.0,0.0,0.0,1,0,0.0
YOR007C,0.0,0.0,0.0,0.0,5,0,0.0
YDR350C,0.0,0.0,0.0,0.0,1,0,0.0
YDR351W,0.0,0.0,0.0,0.0,5,0,0.0
YHR103W,0.0,0.0,0.0,0.0,1,0,0.0
YJR005W,0.0,0.0,0.0,0.0,3,0,0.0
YDR357C,0.0,0.0,0.0,0.0,3,0,0.0
YGL079W,0.0,0.0,0.0,0.0,3,0,0.0
YPR182W,0.0,0.0,0.0,0.0,7,1,0.0
YBR099C,0.2,0.11407962604771116,10.0,0.0,5,0,1.1140796260477113
YBR174C,0.0,0.0,0.0,0.0,3,0,0.0
YGR071C,0.0,0.0,0.0,0.0,5,0,0.0
YGR072W,0.047619047619047616,0.1879432624113475,4.5,0.0,7,0,0.44131253464854425
YHR134W,0.26666666666666666,0.0899642635620955,1.1666666666666667,3.2965367965367967,6,0,1.0899642635620954
YHR167W,0.0,0.0,0.0,0.0,3,0,0.0
YIL052C,0.0,0.0,0.0,0.0,4,0,0.0
YJL176C,0.0,0.0,0.0,0.0,7,0,0.0
YML128C,0.3333333333333333,0.04731884266138783,0.0,0.0,4,1,1.0473188426613877
YNL072W,0.0,0.0,0.0,0.0,2,0,0.0
YNL218W,0.05555555555555555,0.11949088145896657,5.833333333333333,0.0,9,0,0.5844264052180197
YOR076C,0.0,0.0,0.0,0.0,5,1,0.0
YOR243C,0.0,0.0,0.0,0.0,1,0,0.0
YPL079W,0.0,0.0,0.0,0.0,2,0,0.0
YER008C,0.5,0.5797979797979798,0.0,2.1666666666666665,4,1,1.5797979797979798
YPL029W,0.0,0.0,0.0,0.0,2,0,0.0
YPR055W,0.3,0.6169491525423729,0.0,0.0,5,1,1.1032128888061092
YDR364C,0.0,0.0,0.0,0.0,4,1,0.0
YKR086W,0.0,0.0,0.0,0.0,1,1,0.0
YDR365C,0.0,0.0,0.0,0.0,1,1,0.0
YDR370C,0.0,0.0,0.0,0.0,1,0,0.0
YFL049W,0.0,0.0,0.0,0.0,2,0,0.0
YDR371W,0.0,0.0,0.0,0.0,1,0,0.0
YJL053W,0.2,0.29131156613171005,0.0,4.857142857142857,5,0,1.29131156613171
YDR373W,0.0,0.0,0.0,0.0,3,1,0.0
YNL267W,0.0,0.0,0.0,0.0,1,1,0.0
YOR136W,0.0,0.0,0.0,0.0,5,0,0.0
YIR024C,0.0,0.0,0.0,0.0,2,0,0.0
YGL251C,0.0,0.0,0.0,0.0,1,0,0.0
YJL139C,0.06666666666666667,0.036231884057971016,0.0,3.6,6,0,1.036231884057971
YLR053C,0.0,0.0,0.0,0.0,3,0,0.0
YMR221C,0.0,0.0,0.0,0.0,1,0,0.0
YOR320C,1.0,0.19785353535353536,4.944444444444445,10.666666666666666,3,0,1.1978535353535353
YDR379W,1.0,0.1488095238095238,0.0,0.0,2,0,1.1488095238095237
YDR380W,0.0,0.0,0.0,0.0,2,0,0.0
YDR038C,0.0,0.0,0.0,0.0,1,0,0.0
YOR382W,0.0,0.0,0.0,0.0,1,0,0.0
YLR315W,0.09523809523809523,0.17685185185185184,2.75,20.0,7,0,1.1768518518518518
YDR385W,0.0,0.0,0.0,0.0,3,0,0.0
YPL108W,0.0,0.0,0.0,0.0,1,0,0.0
YJR083C,0.047619047619047616,0.06408450704225352,0.0,0.0,7,0,0.8071509643944251
YLR144C,1.0,0.06408450704225352,2.0,1.6666666666666667,2,0,1.0640845070422535
YMR192W,0.06666666666666667,0.06408450704225352,1.0,0.7142857142857143,6,0,1.0640845070422535
YNL086W,0.022222222222222223,0.17777777777777776,9.333333333333334,6.333333333333334,10,0,1.1777777777777778
YDR390C,0.3333333333333333,0.25,0.0,2.6545454545454548,3,1,1.25
YPR180W,0.0,0.0,0.0,0.0,4,1,0.0
YKL058W,0.4,1.507460960092539,8.25,17.25,6,1,2.507460960092539
YOR194C,0.25,1.5315211104684787,11.0,14.25,8,1,2.5315211104684785
YPL082C,1.0,0.19548872180451127,2.25,0.0,2,1,1.1954887218045114
YOR117W,0.047619047619047616,0.3333333333333333,0.0,1.1428571428571428,7,1,1.3333333333333333
YOR259C,0.3333333333333333,0.3333333333333333,0.0,2.017857142857143,3,1,1.3333333333333333
YOL070C,0.0,0.0,0.0,0.0,3,0,0.0
YOL127W,0.0,0.0,0.0,0.0,1,1,0.0
YDR397C,0.0,0.0,0.0,0.0,1,1,0.0
YER159C,0.0,0.0,0.0,0.0,2,1,0.0
YMR093W,0.0,0.0,0.0,0.0,2,1,0.0
YDR403W,0.0,0.0,0.0,0.0,1,0,0.0
YKR053C,0.0,0.0,0.0,0.0,1,0,0.0
YDR404C,0.0,0.0,0.0,0.0,2,1,0.0
YDR412W,0.0,0.0,0.0,0.0,2,1,0.0
YDR415C,0.0,0.0,0.0,0.0,3,0,0.0
YGR129W,0.0,0.0,0.0,0.0,1,0,0.0
YJR050W,0.0,0.0,0.0,0.0,3,0,0.0
YKL095W,0.0,0.0,0.0,0.0,2,1,0.0
YDR420W,0.0,0.0,0.0,0.0,16,1,0.0
YOL023W,0.0,0.0,0.0,0.0,2,0,0.0
YOR141C,0.0,0.0,0.0,0.0,1,0,0.0
YOR375C,0.0,0.0,0.0,0.0,2,0,0.0
YDR425W,0.14285714285714285,0.5216874628639334,4.944444444444445,4.5,7,0,1.5216874628639334
YJR110W,0.0,0.0,0.0,0.0,2,0,0.0
YDR427W,0.0,0.0,0.0,0.0,1,1,0.0
YNR059W,0.0,0.0,0.0,0.0,1,0,0.0
YDR429C,0.13333333333333333,0.7666666666666666,3.0,5.066666666666666,6,1,1.7666666666666666
YMR146C,0.5,1.1,4.0,5.875757575757576,4,1,2.1
YPL105C,0.13333333333333333,0.5838235294117647,2.0,2.0090909090909093,6,0,1.5838235294117649
YDR431W,0.0,0.0,0.0,0.0,1,0,0.0
YOR160W,0.0,0.0,0.0,0.0,6,1,0.0
YDR433W,0.0,0.0,0.0,0.0,2,0,0.0
YNL116W,0.0,0.0,0.0,0.0,5,0,0.0
YDR441C,0.0,0.0,0.0,0.0,2,0,0.0
YML022W,0.0,0.0,0.0,0.0,3,0,0.0
YDR442W,0.0,0.0,0.0,0.0,1,0,0.0
YDR445C,0.0,0.0,0.0,0.0,2,0,0.0
YDR446W,0.0,0.0,0.0,0.0,2,0,0.0
YDR464W,0.0,0.0,0.0,0.0,2,1,0.0
YJR021C,0.0,0.0,0.0,0.0,2,0,0.0
YKL196C,0.3333333333333333,1.290151515151515,3.944444444444444,5.236111111111112,6,1,2.290151515151515
YGL208W,1.0,0.12878787878787878,1.8,0.0,2,0,1.128787878787879
YJL089W,0.0,0.0,0.0,0.0,1,0,0.0
YNL257C,0.0,0.0,0.0,0.0,1,0,0.0
YNL221C,0.0,0.0,0.0,0.0,3,1,0.0
YHR039C,0.0,0.0,0.0,0.0,2,0,0.0
YHR084W,0.5,0.8395604395604396,8.5,2.321428571428571,4,1,1.8395604395604397
YDR482C,0.0,0.0,0.0,0.0,3,0,0.0
YGL028C,0.0,0.0,0.0,0.0,2,0,0.0
YOR276W,0.3333333333333333,0.3333333333333333,0.0,3.5,3,0,1.3333333333333333
YGR245C,0.0,0.0,0.0,0.0,2,1,0.0
YDR488C,0.4327485380116959,2.6012699859754145,172.83333333333334,58.91254578754579,19,0,3.6012699859754145
YIL135C,0.0,0.0,0.0,0.0,2,0,0.0
YFR043C,0.0,0.0,0.0,0.0,3,0,0.0
YDR490C,0.0,0.0,0.0,0.0,8,0,0.0
YGR086C,0.0,0.0,0.0,0.0,3,0,0.0
YHR207C,0.0,0.0,0.0,0.0,2,0,0.0
YIR044C,0.0,0.0,0.0,0.0,1,0,0.0
YLR466W,0.0,0.0,0.0,0.0,1,0,0.0
YOL100W,0.0,0.0,0.0,0.0,1,1,0.0
YPL004C,0.0,0.0,0.0,0.0,4,0,0.0
YDR492W,0.0,0.0,0.0,0.0,2,0,0.0
YJR067C,0.0,0.0,0.0,0.0,2,1,0.0
YDR498C,1.0,0.9047619047619048,5.166666666666666,6.75,3,1,1.9047619047619047
YGL145W,0.14285714285714285,0.7380952380952381,5.166666666666666,7.666666666666667,7,1,1.7380952380952381
YOR075W,0.3,0.9047619047619047,5.166666666666666,6.5,5,1,1.9047619047619047
YER070W,0.3333333333333333,0.8333333333333333,5.833333333333333,9.0,3,1,1.8333333333333333
YML058W,0.16666666666666666,0.6666666666666666,4.666666666666667,5.25,4,0,1.6666666666666665
YDR503C,0.0,0.0,0.0,0.0,3,0,0.0
YKL130C,0.005847953216374269,0.0625,2.9166666666666665,4.5,19,0,1.0625
YDR506C,0.0,0.0,0.0,0.0,1,0,0.0
YDR513W,0.0,0.0,0.0,0.0,1,0,0.0
YDR514C,0.0,0.0,0.0,0.0,1,0,0.0
YNL173C,0.0,0.0,0.0,0.0,2,0,0.0
YDR524C,0.0,0.0,0.0,0.0,2,0,0.0
YOR066W,0.0,0.0,0.0,0.0,1,0,0.0
YDR529C,0.0,0.0,0.0,0.0,2,0,0.0
YHR079C,0.0,0.0,0.0,0.0,4,0,0.0
YDR534C,0.0,0.0,0.0,0.0,2,0,0.0
YDR536W,0.0,0.0,0.0,0.0,1,0,0.0
YDR541C,0.0,0.0,0.0,0.0,1,0,0.0
YLR025W,0.07142857142857142,0.3696357989836251,1.0,2.5,8,0,1.3696357989836252
YGL022W,0.6666666666666666,1.875,7.416666666666667,2.0,4,1,2.875
YMR149W,0.3,1.25,5.166666666666667,0.0,5,1,1.49
YPL227C,0.1111111111111111,1.0,2.6666666666666665,1.0,9,0,2.0
YDL069C,0.0,0.0,0.0,0.0,1,0,0.0
YDR149C,0.5606060606060606,1.0346519108754675,0.0,29.859890109890117,12,0,2.0346519108754677
YDR276C,0.7142857142857143,0.21695261889898965,4.5,11.998015873015872,7,0,1.2169526188989896
YGL087C,1.0,0.1427928643499609,0.0,5.5,5,0,1.142792864349961
YHL002W,0.02857142857142857,0.3815485918264174,7.999999999999999,2.833333333333333,21,0,1.3815485918264174
YHR111W,0.38461538461538464,0.8374287414299468,38.33333333333333,35.49184981684983,13,0,1.8374287414299468
YJL190C,0.47619047619047616,0.13617891754909825,2.0,14.333333333333332,7,0,1.1361789175490982
YJR129C,1.0,0.013962701710310174,0.0,0.0,2,0,1.01396270171031
YLL006W,0.4,0.0839523699800055,0.0,4.083333333333333,6,0,1.0839523699800055
YLL007C,1.0,0.040583631268721616,0.0,0.0,3,0,1.0405836312687216
YLL049W,0.4485294117647059,2.0612082200649913,0.0,259.5,17,0,3.0612082200649913
YLR089C,1.0,0.13617891754909825,0.0,3.619047619047619,5,0,1.1361789175490982
YLR212C,0.6071428571428571,0.8222469859162335,13.0,12.875937950937953,8,1,1.8222469859162334
YLR292C,0.6,0.07905726508490062,2.0,9.666666666666666,5,0,1.0790572650849006
YMR154C,0.2727272727272727,0.3886820001773348,0.0,65.5,12,0,1.3886820001773348
YMR299C,0.4052631578947368,2.873108415862538,174.66666666666669,68.28131868131868,20,0,3.873108415862538
YNL294C,0.3333333333333333,0.27516836438109027,0.0,3.619047619047619,10,0,1.2751683643810903
YOL116W,0.3333333333333333,0.013962701710310174,0.0,0.0,3,0,1.01396270171031
YOR266W,0.5357142857142857,0.37022364693637283,4.5,26.0,8,0,1.3702236469363729
YPL224C,0.0,0.0,0.0,0.0,2,0,0.0
YPL253C,0.4393939393939394,0.5425338046119516,5.833333333333333,43.86666666666667,12,0,1.5425338046119514
YPR050C,0.10714285714285714,0.040583631268721616,0.0,0.0,8,0,1.0405836312687216
YPR070W,0.42857142857142855,0.17097495259274173,3.0,3.619047619047619,8,0,1.1709749525927418
YEL005C,0.0,0.0,0.0,0.0,6,0,0.0
YGR107W,0.0,0.0,0.0,0.0,1,0,0.0
YHR145C,0.0,0.0,0.0,0.0,2,0,0.0
YPL038W,0.0,0.0,0.0,0.0,1,0,0.0
YEL012W,0.0,0.0,0.0,0.0,2,0,0.0
YHR195W,0.0,0.0,0.0,0.0,2,0,0.0
YKL061W,0.047619047619047616,0.13275193798449614,8.0,3.333333333333333,7,0,1.1327519379844961
YLR254C,0.06666666666666667,0.07294429708222812,2.9166666666666665,0.0,6,0,0.9868836910216221
YPR185W,0.06666666666666667,0.17777777777777776,9.333333333333334,2.761904761904762,6,0,1.1777777777777778
YLR264W,0.47619047619047616,0.6530419282337441,15.0,15.2,7,0,1.653041928233744
YEL016C,0.0,0.0,0.0,0.0,2,0,0.0
YEL018W,0.0,0.0,0.0,0.0,1,0,0.0
YEL020C,0.0,0.0,0.0,0.0,1,0,0.0
YEL022W,0.0,0.0,0.0,0.0,1,0,0.0
YJR031C,0.0,0.0,0.0,0.0,2,0,0.0
YEL036C,0.13333333333333333,0.21958098307816276,5.277777777777779,3.1666666666666665,6,0,1.2195809830781628
YHR080C,0.0,0.0,0.0,0.0,1,0,0.0
YOL038W,0.0,0.0,0.0,0.0,3,1,0.0
YER012W,0.0,0.0,0.0,0.0,2,1,0.0
YER162C,0.0,0.0,0.0,0.0,6,0,0.0
YGL048C,0.0,0.0,0.0,0.0,4,1,0.0
YLR441C,0.0,0.0,0.0,0.0,2,0,0.0
YMR276W,0.0,0.0,0.0,0.0,2,1,0.0
YOR157C,0.0,0.0,0.0,0.0,4,1,0.0
YEL041W,0.06666666666666667,0.012389719984656693,0.0,2.023809523809524,6,0,1.0123897199846568
YHR115C,0.0,0.0,0.0,0.0,5,0,0.0
YJR049C,0.0,0.0,0.0,0.0,2,1,0.0
YKL009W,0.3333333333333333,0.09903381642512077,1.5,1.1428571428571428,3,0,1.0990338164251208
YOR315W,0.0,0.0,0.0,0.0,6,0,0.0
YEL042W,0.0,0.0,0.0,0.0,6,0,0.0
YER073W,0.0,0.0,0.0,0.0,4,0,0.0
YJL152W,0.3333333333333333,0.5091743119266054,2.0,2.017857142857143,3,0,1.5091743119266054
YLR250W,0.0,0.0,0.0,0.0,1,0,0.0
YPR193C,0.16666666666666666,0.04764065335753176,0.0,5.0,4,0,1.0476406533575318
YEL047C,0.0,0.0,0.0,0.0,2,0,0.0
YBR249C,0.0,0.0,0.0,0.0,3,0,0.0
YEL048C,0.06666666666666667,0.03949275362318841,0.0,3.6,6,0,1.0394927536231884
YIL136W,0.0,0.0,0.0,0.0,1,0,0.0
YPR051W,0.5,0.7064766370401784,8.416666666666666,6.75,5,0,1.7064766370401783
YEL054C,0.0,0.0,0.0,0.0,1,0,0.0
YEL056W,0.3333333333333333,0.35613971998465666,1.5,3.023809523809524,4,0,1.3561397199846565
YPL001W,1.0,0.34375,4.666666666666667,1.0,2,0,1.34375
YEL059C-A,0.0,0.0,0.0,0.0,1,0,0.0
YMR150C,0.0,0.0,0.0,0.0,1,0,0.0
YML031C-A,0.0,0.0,0.0,0.0,1,0,0.0
YBR122C,0.16666666666666666,0.028958333333333336,3.111111111111111,12.333333333333334,4,0,1.0289583333333334
YDR435C,0.0,0.0,0.0,0.0,2,0,0.0
YGL168W,0.23636363636363636,0.6142646524726458,78.83333333333333,27.30952380952381,11,0,1.6142646524726458
YLR454W,0.0,0.0,0.0,0.0,2,1,0.0
YOL076W,0.5,0.3280217343980485,0.0,4.386363636363637,5,0,1.3280217343980485
YPL152W,0.09523809523809523,0.0788537483266399,10.5,2.571428571428571,7,0,1.0788537483266398
YEL062W,0.0,0.0,0.0,0.0,5,0,0.0
YOR138C,0.0,0.0,0.0,0.0,2,0,0.0
YEL063C,0.0,0.0,0.0,0.0,3,0,0.0
YGR057C,0.0,0.0,0.0,0.0,4,0,0.0
YPL139C,0.0,0.0,0.0,0.0,1,0,0.0
YIR034C,0.0,0.0,0.0,0.0,2,0,0.0
YNR058W,0.0,0.0,0.0,0.0,3,0,0.0
YOR242C,0.0,0.0,0.0,0.0,3,0,0.0
YEL066W,0.13333333333333333,0.08399686250785857,3.0,25.0,6,0,1.0839968625078586
YPL112C,0.0,0.0,0.0,0.0,2,0,0.0
YLR225C,0.0,0.0,0.0,0.0,2,0,0.0
YPR110C,0.06666666666666667,0.3666666666666667,2.0,0.875,6,1,1.3666666666666667
YEL070W,0.0,0.0,0.0,0.0,2,0,0.0
YEL077C,0.0,0.0,0.0,0.0,2,0,0.0
YFR053C,0.0,0.0,0.0,0.0,2,0,0.0
YER006W,0.04678362573099415,0.7922705314009663,19.166666666666664,11.187590187590184,19,1,1.7922705314009661
YCR072C,0.3333333333333333,0.05609284332688588,0.0,0.0,3,1,1.056092843326886
YDL031W,0.0,0.0,0.0,0.0,1,1,0.0
YDR101C,0.0,0.0,0.0,0.0,1,0,0.0
YGR103W,0.08333333333333333,1.9999999999999996,22.750000000000004,8.625,24,1,2.9999999999999996
YHR052W,1.0,0.09903381642512077,2.25,0.8888888888888888,2,1,1.0990338164251208
YHR197W,0.0,0.0,0.0,0.0,3,1,0.0
YLR106C,0.0,0.0,0.0,0.0,1,1,0.0
YMR049C,0.2,0.192512077294686,4.0,2.2857142857142856,5,1,1.192512077294686
YNL002C,0.6666666666666666,0.192512077294686,4.0,0.0,3,1,1.192512077294686
YNL061W,0.0,0.0,0.0,0.0,2,1,0.0
YOR206W,0.0,0.0,0.0,0.0,3,1,0.0
YPL093W,0.6666666666666666,0.192512077294686,4.0,2.0,3,1,1.192512077294686
YPL211W,0.13333333333333333,0.192512077294686,2.6666666666666665,2.2857142857142856,6,1,1.192512077294686
YJL120W,0.0,0.0,0.0,0.0,1,0,0.0
YFL005W,0.2222222222222222,1.555170347543229,23.111111111111107,9.5,10,1,2.5551703475432292
YOR122C,0.09090909090909091,0.7457668913365118,25.083333333333332,2.0296052631578947,12,1,1.7457668913365119
YER009W,0.0,0.0,0.0,0.0,2,1,0.0
YDL202W,0.0,0.0,0.0,0.0,2,0,0.0
YER004W,0.0,0.0,0.0,0.0,2,0,0.0
YER011W,0.0,0.0,0.0,0.0,2,0,0.0
YFR050C,0.0,0.0,0.0,0.0,1,1,0.0
YDR159W,0.0,0.0,0.0,0.0,3,0,0.0
YDR359C,0.2,0.04793498534505729,17.333333333333332,11.0,5,0,1.0479349853450572
YLR190W,0.0,0.0,0.0,0.0,7,0,0.0
YNL136W,0.3333333333333333,0.016453503863575806,9.333333333333334,8.0,3,0,1.0164535038635758
YNL170W,0.0,0.0,0.0,0.0,1,0,0.0
YNL201C,0.0,0.0,0.0,0.0,14,0,0.0
YPR164W,0.3333333333333333,0.08125,4.5,2.4,3,0,1.08125
YER018C,0.4666666666666667,0.6962703962703962,14.5,8.0,6,1,1.6962703962703962
YER104W,0.0,0.0,0.0,0.0,2,1,0.0
YPR065W,0.0,0.0,0.0,0.0,2,0,0.0
YAL056W,0.0,0.0,0.0,0.0,1,0,0.0
YOR371C,0.0,0.0,0.0,0.0,2,0,0.0
YBL065W,0.0,0.0,0.0,0.0,1,0,0.0
YBR047W,0.0,0.0,0.0,0.0,2,0,0.0
YFR038W,0.0,0.0,0.0,0.0,1,0,0.0
YGL027C,0.09558823529411764,0.8616285464603759,25.416666666666668,37.83333333333333,17,0,1.861628546460376
YGL261C,0.0,0.0,0.0,0.0,1,0,0.0
YGR090W,0.0,0.0,0.0,0.0,1,1,0.0
YGR218W,0.012145748987854251,0.44105263157894725,14.177777777777779,15.296969696969697,39,1,1.4410526315789474
YGR243W,0.0,0.0,0.0,0.0,1,0,0.0
YHL044W,0.0,0.0,0.0,0.0,4,0,0.0
YHL045W,0.0,0.0,0.0,0.0,4,0,0.0
YHR116W,0.0,0.0,0.0,0.0,1,0,0.0
YIL078W,0.0,0.0,0.0,0.0,1,1,0.0
YJL142C,0.0,0.0,0.0,0.0,1,0,0.0
YJR148W,0.3333333333333333,0.06263157894736841,0.0,0.6666666666666666,3,0,1.0626315789473684
YKL051W,0.0,0.0,0.0,0.0,1,0,0.0
YKL063C,0.0,0.0,0.0,0.0,2,0,0.0
YKL143W,0.1,0.03631578947368421,4.666666666666667,0.0,5,0,1.0363157894736843
YKR093W,0.0,0.0,0.0,0.0,1,0,0.0
YLL020C,0.0,0.0,0.0,0.0,3,0,0.0
YLL065W,0.3333333333333333,0.02282051282051282,0.0,0.0,3,0,1.0228205128205128
YLR175W,0.0,0.0,0.0,0.0,4,1,0.0
YLR331C,0.0,0.0,0.0,0.0,1,0,0.0
YML055W,0.0,0.0,0.0,0.0,5,0,0.0
YML082W,0.0,0.0,0.0,0.0,1,0,0.0
YMR039C,0.1,0.01786843769765971,4.5,2.1666666666666665,5,0,1.0178684376976597
YMR042W,0.0,0.0,0.0,0.0,2,0,0.0
YMR058W,0.0,0.0,0.0,0.0,1,0,0.0
YMR087W,0.0,0.0,0.0,0.0,2,0,0.0
YMR114C,0.0,0.0,0.0,0.0,1,0,0.0
YMR118C,0.0,0.0,0.0,0.0,1,0,0.0
YMR181C,0.0,0.0,0.0,0.0,5,0,0.0
YMR244W,0.0,0.0,0.0,0.0,1,0,0.0
YMR293C,0.0,0.0,0.0,0.0,2,0,0.0
YNL006W,0.2,1.876068376068376,9.0,1.0,10,1,2.4090979888246404
YNL073W,0.0,0.0,0.0,0.0,1,0,0.0
YNL159C,0.0,0.0,0.0,0.0,2,0,0.0
YNL210W,0.0,0.0,0.0,0.0,2,0,0.0
YNL211C,0.0,0.0,0.0,0.0,1,0,0.0
YNL235C,0.0,0.0,0.0,0.0,3,0,0.0
YNL281W,0.0,0.0,0.0,0.0,5,0,0.0
YNL288W,0.2,0.03743766781741465,0.0,2.023809523809524,6,0,1.0374376678174146
YNL301C,0.3333333333333333,0.02149425287356322,2.0,0.0,3,0,1.0214942528735633
YNR001C,0.0,0.0,0.0,0.0,2,0,0.0
YNR071C,0.16666666666666666,0.022658227848101266,0.0,0.0,4,0,1.0226582278481013
YOL022C,0.0,0.0,0.0,0.0,1,1,0.0
YOL042W,0.0,0.0,0.0,0.0,2,0,0.0
YOL106W,0.0,0.0,0.0,0.0,3,0,0.0
YOR028C,0.0,0.0,0.0,0.0,9,0,0.0
YOR072W,0.0,0.0,0.0,0.0,1,0,0.0
YOR143C,0.0,0.0,0.0,0.0,1,1,0.0
YOR187W,0.0,0.0,0.0,0.0,2,0,0.0
YOR303W,0.06666666666666667,0.11,0.0,1.5,6,0,1.11
YOR336W,0.0,0.0,0.0,0.0,1,1,0.0
YOR388C,0.0,0.0,0.0,0.0,2,0,0.0
YPL053C,0.0,0.0,0.0,0.0,2,0,0.0
YPL098C,1.0,0.022658227848101266,4.5,1.25,2,0,1.0226582278481013
YOL142W,0.0,0.0,0.0,0.0,1,1,0.0
YLR220W,0.0,0.0,0.0,0.0,1,1,0.0
YNL187W,0.0,0.0,0.0,0.0,2,0,0.0
YER031C,0.0,0.0,0.0,0.0,9,0,0.0
YGL210W,0.0,0.0,0.0,0.0,1,0,0.0
YNL146W,0.0,0.0,0.0,0.0,2,0,0.0
YPL192C,0.13333333333333333,0.22661396574440054,2.5,0.0,6,0,0.8149860587676563
YPR017C,0.09523809523809523,0.20302757793764986,0.0,10.5,7,0,1.2030275779376498
YLR456W,0.0,0.0,0.0,0.0,7,0,0.0
YER036C,0.0,0.0,0.0,0.0,3,1,0.0
YML023C,0.0,0.0,0.0,0.0,3,1,0.0
YER039C,0.0,0.0,0.0,0.0,3,0,0.0
YMR119W,0.0,0.0,0.0,0.0,3,0,0.0
YER040W,0.0,0.0,0.0,0.0,2,0,0.0
YER045C,0.0,0.0,0.0,0.0,3,0,0.0
YER047C,0.0,0.0,0.0,0.0,4,0,0.0
YER048C,0.0,0.0,0.0,0.0,3,0,0.0
YPR020W,0.0,0.0,0.0,0.0,3,0,0.0
YER049W,0.0,0.0,0.0,0.0,3,0,0.0
YER051W,0.0,0.0,0.0,0.0,3,0,0.0
YER081W,0.0004479283314669653,0.0425531914893617,0.0,2.0,95,0,1.0425531914893618
YLR121C,0.0,0.0,0.0,0.0,3,0,0.0
YMR310C,0.0,0.0,0.0,0.0,1,0,0.0
YER052C,0.0,0.0,0.0,0.0,6,0,0.0
YER037W,0.0,0.0,0.0,0.0,1,0,0.0
YIR014W,0.0,0.0,0.0,0.0,2,0,0.0
YKR079C,0.0,0.0,0.0,0.0,1,1,0.0
YER053C,0.0,0.0,0.0,0.0,2,0,0.0
YLR326W,0.0,0.0,0.0,0.0,2,0,0.0
YER056C-A,0.0,0.0,0.0,0.0,2,0,0.0
YER059W,0.0,0.0,0.0,0.0,7,0,0.0
YDL224C,0.0,0.0,0.0,0.0,4,0,0.0
YER156C,0.0,0.0,0.0,0.0,3,0,0.0
YJL084C,0.0,0.0,0.0,0.0,3,0,0.0
YOR392W,0.0,0.0,0.0,0.0,2,0,0.0
YER061C,0.0,0.0,0.0,0.0,1,0,0.0
YPL073C,0.0,0.0,0.0,0.0,3,0,0.0
YER062C,0.0,0.0,0.0,0.0,2,0,0.0
YPL201C,0.0,0.0,0.0,0.0,2,0,0.0
YER063W,0.047619047619047616,0.2121212121212121,0.0,0.0,7,0,0.4366110080395794
YNL157W,0.0,0.0,0.0,0.0,4,0,0.0
YPL212C,0.16666666666666666,0.3111111111111111,9.0,2.9,4,0,1.3111111111111111
YPR125W,0.0,0.0,0.0,0.0,1,1,0.0
YGL062W,0.0,0.0,0.0,0.0,2,0,0.0
YER066W,0.0,0.0,0.0,0.0,3,0,0.0
YER069W,0.0,0.0,0.0,0.0,1,0,0.0
YLR214W,0.0,0.0,0.0,0.0,1,0,0.0
YCL007C,0.0,0.0,0.0,0.0,1,0,0.0
YDR366C,0.0,0.0,0.0,0.0,2,0,0.0
YPL032C,0.0,0.0,0.0,0.0,3,0,0.0
YPL257W,0.0,0.0,0.0,0.0,2,0,0.0
YER077C,0.0,0.0,0.0,0.0,2,0,0.0
YFR015C,0.06666666666666667,0.4,0.0,2.5,6,0,1.4
YGR091W,0.0,0.0,0.0,0.0,1,1,0.0
YER079W,0.16666666666666666,0.26666666666666666,0.0,0.0,4,0,0.8916666666666666
YAL060W,0.0,0.0,0.0,0.0,1,0,0.0
YBR018C,0.0,0.0,0.0,0.0,1,0,0.0
YBR042C,0.0,0.0,0.0,0.0,3,0,0.0
YBR065C,0.0,0.0,0.0,0.0,1,0,0.0
YBR168W,0.0,0.0,0.0,0.0,1,1,0.0
YBR240C,0.0,0.0,0.0,0.0,1,0,0.0
YBR241C,0.0,0.0,0.0,0.0,1,0,0.0
YBR243C,0.0,0.0,0.0,0.0,1,1,0.0
YDL105W,0.0,0.0,0.0,0.0,1,1,0.0
YDL168W,0.0,0.0,0.0,0.0,1,0,0.0
YDR005C,0.0,0.0,0.0,0.0,3,0,0.0
YDR012W,0.0,0.0,0.0,0.0,1,0,0.0
YDR194C,0.0,0.0,0.0,0.0,1,0,0.0
YDR266C,0.0,0.0,0.0,0.0,1,0,0.0
YDR306C,0.0,0.0,0.0,0.0,2,0,0.0
YDR331W,0.0,0.0,0.0,0.0,1,1,0.0
YDR343C,0.0,0.0,0.0,0.0,1,0,0.0
YDR483W,0.0,0.0,0.0,0.0,1,0,0.0
YDR512C,0.0,0.0,0.0,0.0,2,0,0.0
YDR528W,0.0,0.0,0.0,0.0,3,0,0.0
YDR531W,0.0,0.0,0.0,0.0,1,1,0.0
YER145C,0.16666666666666666,0.34397163120567376,0.0,2.333333333333333,4,0,1.3439716312056738
YFL016C,0.06666666666666667,0.325,4.5,0.0,6,0,0.5301282051282051
YFR017C,0.0,0.0,0.0,0.0,4,0,0.0
YGL039W,0.0,0.0,0.0,0.0,1,0,0.0
YGL096W,0.16666666666666666,0.18627450980392157,4.5,2.5,4,0,1.1862745098039216
YGL110C,0.0,0.0,0.0,0.0,4,0,0.0
YGL135W,0.0,0.0,0.0,0.0,5,0,0.0
YGR020C,0.3,0.217015130859665,0.0,25.0,5,0,1.217015130859665
YGR084C,0.0,0.0,0.0,0.0,2,0,0.0
YGR210C,0.0,0.0,0.0,0.0,2,0,0.0
YGR293C,0.0,0.0,0.0,0.0,1,0,0.0
YIL044C,0.0,0.0,0.0,0.0,1,0,0.0
YIL074C,0.0,0.0,0.0,0.0,5,0,0.0
YKR073C,0.0,0.0,0.0,0.0,1,0,0.0
YLR151C,0.0,0.0,0.0,0.0,3,0,0.0
YNL054W-B,0.0,0.0,0.0,0.0,3,0,0.0
YNR042W,0.0,0.0,0.0,0.0,2,0,0.0
YOR150W,0.0,0.0,0.0,0.0,1,0,0.0
YOR167C,0.10989010989010989,0.6530419282337441,15.0,15.2,14,0,1.653041928233744
YOR189W,0.0,0.0,0.0,0.0,2,0,0.0
YOR222W,0.0,0.0,0.0,0.0,1,0,0.0
YOR246C,0.0,0.0,0.0,0.0,1,0,0.0
YOR258W,0.0,0.0,0.0,0.0,1,0,0.0
YOR263C,0.0,0.0,0.0,0.0,2,0,0.0
YOR300W,0.0,0.0,0.0,0.0,2,0,0.0
YOR318C,0.0,0.0,0.0,0.0,1,0,0.0
YOR362C,0.0,0.0,0.0,0.0,4,1,0.0
YOR387C,0.0,0.0,0.0,0.0,1,0,0.0
YPL213W,0.0,0.0,0.0,0.0,6,1,0.0
YPL229W,0.0,0.0,0.0,0.0,3,0,0.0
YPL233W,0.0,0.0,0.0,0.0,1,1,0.0
YPR016C,0.3333333333333333,0.09347826086956522,1.3333333333333333,0.7272727272727273,3,1,1.0934782608695652
YPR038W,0.0,0.0,0.0,0.0,1,0,0.0
YPR059C,0.0,0.0,0.0,0.0,1,0,0.0
YPR126C,0.0,0.0,0.0,0.0,5,0,0.0
YPR134W,0.0,0.0,0.0,0.0,1,0,0.0
YPR149W,0.0,0.0,0.0,0.0,1,0,0.0
YER082C,0.0,0.0,0.0,0.0,3,1,0.0
YJL135W,0.0,0.0,0.0,0.0,2,0,0.0
YER126C,0.0,0.0,0.0,0.0,3,1,0.0
YPR175W,0.0,0.0,0.0,0.0,3,1,0.0
YDL036C,0.0,0.0,0.0,0.0,1,0,0.0
YMR233W,0.0,0.0,0.0,0.0,2,0,0.0
YPL238C,0.0,0.0,0.0,0.0,1,1,0.0
YPR011C,0.0,0.0,0.0,0.0,1,0,0.0
YER099C,0.16666666666666666,0.41666666666666663,4.5,0.0,4,0,0.8166666666666667
YKL181W,0.3333333333333333,0.75,8.5,0.0,4,0,1.1944444444444444
YER100W,0.0,0.0,0.0,0.0,3,0,0.0
YJR077C,0.0,0.0,0.0,0.0,2,0,0.0
YER102W,0.0,0.0,0.0,0.0,3,0,0.0
YDR459C,0.0,0.0,0.0,0.0,1,0,0.0
YER103W,0.0,0.0,0.0,0.0,4,0,0.0
YDR068W,0.0,0.0,0.0,0.0,2,0,0.0
YGL065C,0.0,0.0,0.0,0.0,1,1,0.0
YER106W,0.0,0.0,0.0,0.0,1,1,0.0
YHL008C,0.0,0.0,0.0,0.0,2,0,0.0
YER110C,0.16666666666666666,0.17424242424242425,1.5,0.0,4,0,1.130764163372859
YDL145C,0.0,0.0,0.0,0.0,1,1,0.0
YDR452W,0.0,0.0,0.0,0.0,3,0,0.0
YIL029C,0.0,0.0,0.0,0.0,1,0,0.0
YJR138W,1.0,0.21805555555555556,4.0,4.5,3,0,1.2180555555555554
YKL209C,1.0,0.059027777777777776,4.5,1.8,2,0,1.0590277777777777
YLL032C,0.0,0.0,0.0,0.0,2,0,0.0
YLR269C,0.16666666666666666,0.04738562091503268,4.0,2.1666666666666665,4,0,1.0473856209150327
YNL091W,0.0,0.0,0.0,0.0,7,0,0.0
YOR219C,0.0,0.0,0.0,0.0,1,0,0.0
YDL204W,0.0,0.0,0.0,0.0,3,0,0.0
YLR096W,0.0,0.0,0.0,0.0,1,0,0.0
YNL139C,0.0,0.0,0.0,0.0,1,0,0.0
YER119C,0.0,0.0,0.0,0.0,3,0,0.0
YKL055C,0.0,0.0,0.0,0.0,1,0,0.0
YER176W,0.0,0.0,0.0,0.0,1,0,0.0
YHR003C,0.0,0.0,0.0,0.0,3,0,0.0
YMR275C,0.0,0.0,0.0,0.0,3,0,0.0
YOR340C,0.0,0.0,0.0,0.0,1,1,0.0
YHR204W,0.0,0.0,0.0,0.0,5,0,0.0
YER128W,0.0,0.0,0.0,0.0,1,0,0.0
YER129W,0.0,0.0,0.0,0.0,2,0,0.0
YLR420W,0.0,0.0,0.0,0.0,2,0,0.0
YHR100C,0.0,0.0,0.0,0.0,1,0,0.0
YER136W,0.0,0.0,0.0,0.0,4,1,0.0
YER140W,0.0,0.0,0.0,0.0,3,0,0.0
YDL054C,0.0,0.0,0.0,0.0,2,0,0.0
YER143W,0.0,0.0,0.0,0.0,4,0,0.0
YOR034C,0.0,0.0,0.0,0.0,3,0,0.0
YIL056W,0.0,0.0,0.0,0.0,1,0,0.0
YJL001W,0.0,0.0,0.0,0.0,3,1,0.0
YCR024C,1.0,0.05347222222222223,4.5,1.6,2,0,1.0534722222222221
YDL112W,0.0,0.0,0.0,0.0,1,0,0.0
YER131W,0.0,0.0,0.0,0.0,1,0,0.0
YFL066C,1.0,0.10267857142857142,0.0,0.0,2,0,1.1026785714285714
YLR058C,0.0,0.0,0.0,0.0,3,0,0.0
YOR201C,0.0,0.0,0.0,0.0,1,0,0.0
YPL090C,0.0,0.0,0.0,0.0,1,0,0.0
YPR010C,0.06666666666666667,0.3666666666666667,2.0,2.017857142857143,6,1,1.3666666666666667
YGL241W,0.0,0.0,0.0,0.0,1,0,0.0
YIR005W,0.1,0.2590909090909091,2.25,7.785714285714286,5,0,1.259090909090909
YDL233W,0.0,0.0,0.0,0.0,4,0,0.0
YIL040W,0.1,0.030024509803921566,0.6666666666666666,1.6,5,0,1.0300245098039216
YKL034W,0.0,0.0,0.0,0.0,1,0,0.0
YER152C,0.0,0.0,0.0,0.0,1,0,0.0
YJL107C,0.0,0.0,0.0,0.0,2,0,0.0
YER153C,0.0,0.0,0.0,0.0,2,0,0.0
YGR222W,0.0,0.0,0.0,0.0,3,0,0.0
YJL170C,0.0,0.0,0.0,0.0,2,0,0.0
YNR003C,0.16666666666666666,0.6666666666666666,4.5,1.0,4,1,1.6666666666666665
YOR121C,0.0,0.0,0.0,0.0,2,0,0.0
YKL120W,0.0,0.0,0.0,0.0,2,0,0.0
YLR167W,0.0,0.0,0.0,0.0,1,1,0.0
YIL123W,0.0,0.0,0.0,0.0,1,0,0.0
YIR001C,0.0,0.0,0.0,0.0,2,0,0.0
YJL189W,0.0,0.0,0.0,0.0,2,0,0.0
YOL139C,0.2857142857142857,1.8000000000000003,0.0,7.444444444444445,7,1,2.8000000000000003
YER169W,0.0,0.0,0.0,0.0,1,0,0.0
YPL071C,0.0,0.0,0.0,0.0,1,0,0.0
YER172C,0.0,0.0,0.0,0.0,2,1,0.0
YNL102W,0.5,0.6640022954582718,10.0,2.017857142857143,5,1,1.6640022954582718
YER178W,0.0,0.0,0.0,0.0,5,0,0.0
YKL124W,0.0,0.0,0.0,0.0,1,0,0.0
YGR085C,0.0,0.0,0.0,0.0,2,0,0.0
YJL125C,0.0,0.0,0.0,0.0,3,1,0.0
YLR044C,0.0,0.0,0.0,0.0,2,0,0.0
YLR067C,0.06666666666666667,0.026040061633281972,2.25,3.333333333333333,6,0,1.0260400616332819
YLR134W,0.0,0.0,0.0,0.0,5,0,0.0
YNR016C,0.0,0.0,0.0,0.0,2,1,0.0
YER180C,0.0,0.0,0.0,0.0,2,0,0.0
YGL026C,0.0,0.0,0.0,0.0,1,0,0.0
YER186C,0.0,0.0,0.0,0.0,1,0,0.0
YFL002C,0.0,0.0,0.0,0.0,1,1,0.0
YJR082C,0.0,0.0,0.0,0.0,16,0,0.0
YFL002W-B,0.0,0.0,0.0,0.0,1,0,0.0
YFL003C,0.0,0.0,0.0,0.0,1,0,0.0
YNL272C,0.3333333333333333,0.7359185071049478,10.958333333333334,5.2,6,1,1.7359185071049477
YFR031C,0.25,0.9564628354102038,11.222222222222223,2.5,8,1,1.9564628354102038
YIL026C,0.3333333333333333,0.2388278388278388,3.0,0.0,4,1,1.2388278388278389
YOL115W,0.03571428571428571,0.19047619047619047,5.833333333333333,0.0,8,0,0.37797619047619047
YOL133W,0.0,0.0,0.0,0.0,6,1,0.0
YFL011W,0.0,0.0,0.0,0.0,1,0,0.0
YJR045C,0.16666666666666666,0.325,1.0,0.0,4,1,0.8378205128205127
YKL189W,0.0,0.0,0.0,0.0,2,1,0.0
YFL018C,0.0,0.0,0.0,0.0,5,0,0.0
YJR051W,0.0,0.0,0.0,0.0,1,0,0.0
YFL020C,0.0,0.0,0.0,0.0,2,0,0.0
YFL021W,0.0,0.0,0.0,0.0,4,0,0.0
YGL011C,0.0,0.0,0.0,0.0,1,1,0.0
YFL022C,0.0,0.0,0.0,0.0,2,1,0.0
YGR169C,0.0,0.0,0.0,0.0,2,0,0.0
YLR243W,0.0,0.0,0.0,0.0,3,1,0.0
YFL026W,0.1,0.2833333333333333,0.0,2.0047619047619047,5,0,1.2833333333333332
YHR005C,0.2,0.7026315789473685,0.0,4.285714285714286,6,1,1.7026315789473685
YFL027C,0.0,0.0,0.0,0.0,3,0,0.0
YKL195W,0.0,0.0,0.0,0.0,1,1,0.0
YFL028C,0.0,0.0,0.0,0.0,1,0,0.0
YPR054W,0.0,0.0,0.0,0.0,5,0,0.0
YFL030W,0.0,0.0,0.0,0.0,2,0,0.0
YIL077C,0.0,0.0,0.0,0.0,1,0,0.0
YFL034C-B,0.0,0.0,0.0,0.0,4,1,0.0
YIR016W,0.0,0.0,0.0,0.0,2,0,0.0
YOL036W,0.0,0.0,0.0,0.0,2,0,0.0
YMR238W,0.0,0.0,0.0,0.0,5,0,0.0
YGR080W,0.3333333333333333,0.369047619047619,4.5,2.375,3,0,1.369047619047619
YHR179W,0.0,0.0,0.0,0.0,2,0,0.0
YIL138C,0.0,0.0,0.0,0.0,1,0,0.0
YKL212W,0.0,0.0,0.0,0.0,3,0,0.0
YLL050C,0.16666666666666666,0.369047619047619,1.0,2.796052631578948,4,1,1.369047619047619
YFL040W,0.0,0.0,0.0,0.0,3,0,0.0
YLR349W,0.0,0.0,0.0,0.0,1,0,0.0
YFL042C,0.0,0.0,0.0,0.0,3,0,0.0
YMR303C,0.0,0.0,0.0,0.0,1,0,0.0
YFL051C,0.0,0.0,0.0,0.0,2,0,0.0
YKL026C,0.0,0.0,0.0,0.0,1,0,0.0
YFL052W,0.0,0.0,0.0,0.0,2,0,0.0
YOR366W,0.0,0.0,0.0,0.0,1,0,0.0
YFL056C,0.0,0.0,0.0,0.0,2,0,0.0
YFL060C,0.3333333333333333,0.375,0.0,3.5,3,0,1.375
YMR095C,1.0,1.0357142857142856,0.0,4.1,3,0,2.0357142857142856
YMR322C,0.5,1.0357142857142856,0.0,2.9,4,0,2.0357142857142856
YNL334C,0.1,0.26785714285714285,0.0,0.0,5,0,0.6411904761904762
YMR096W,0.6,2.178571428571429,0.0,6.200000000000001,5,0,3.178571428571429
YFL061W,0.0,0.0,0.0,0.0,1,0,0.0
YFL065C,0.0,0.0,0.0,0.0,1,0,0.0
YLR415C,0.0,0.0,0.0,0.0,1,0,0.0
YFR002W,0.25,1.3365079365079366,9.125,17.25,8,1,2.3365079365079366
YMR129W,0.5,1.0357142857142856,4.0,6.571428571428571,4,0,2.0357142857142856
YFR003C,0.0,0.0,0.0,0.0,3,1,0.0
YOR147W,0.0,0.0,0.0,0.0,3,0,0.0
YFR004W,0.0,0.0,0.0,0.0,4,1,0.0
YOR261C,0.0,0.0,0.0,0.0,1,1,0.0
YFR007W,0.0,0.0,0.0,0.0,1,0,0.0
YBR056W,0.0,0.0,0.0,0.0,1,0,0.0
YFR008W,0.1388888888888889,0.829093170511081,0.0,26.0,9,0,1.8290931705110811
YLR395C,0.0,0.0,0.0,0.0,1,0,0.0
YMR029C,1.0,0.2361111111111111,0.0,2.5,2,0,1.2361111111111112
YFR009W,0.0,0.0,0.0,0.0,1,0,0.0
YGL195W,0.0,0.0,0.0,0.0,1,0,0.0
YFR011C,0.0,0.0,0.0,0.0,1,0,0.0
YNL113W,0.047619047619047616,0.3333333333333333,2.0,1.1428571428571428,7,1,1.3333333333333333
YFR013W,0.0,0.0,0.0,0.0,1,0,0.0
YJL137C,0.3333333333333333,0.45,0.0,2.0,3,0,1.45
YMR065W,0.06666666666666667,0.2095238095238095,1.9444444444444444,0.0,6,0,0.5277056277056278
YFR033C,0.0,0.0,0.0,0.0,1,0,0.0
YOL001W,0.0,0.0,0.0,0.0,3,0,0.0
YIL126W,0.4,1.5357142857142856,2.0,0.0,5,1,1.7961794019933555
YMR091C,0.0,0.0,0.0,0.0,1,0,0.0
YFR039C,0.0,0.0,0.0,0.0,1,0,0.0
YFR042W,0.0,0.0,0.0,0.0,2,1,0.0
YNR025C,0.0,0.0,0.0,0.0,2,0,0.0
YLL046C,0.0,0.0,0.0,0.0,2,0,0.0
YFR049W,0.0,0.0,0.0,0.0,9,0,0.0
YOL062C,0.0,0.0,0.0,0.0,1,0,0.0
YOR049C,0.0,0.0,0.0,0.0,5,0,0.0
YJR133W,0.0,0.0,0.0,0.0,4,0,0.0
YGL001C,0.0,0.0,0.0,0.0,1,1,0.0
YGR060W,0.16666666666666666,0.5833333333333333,2.0,2.05,4,1,1.5833333333333333
YGL003C,0.0,0.0,0.0,0.0,4,1,0.0
YGL010W,0.0,0.0,0.0,0.0,2,0,0.0
YGL014W,0.0,0.0,0.0,0.0,2,1,0.0
YNL231C,0.0,0.0,0.0,0.0,3,0,0.0
YGL015C,0.0,0.0,0.0,0.0,2,0,0.0
YGL016W,0.16666666666666666,0.34285714285714286,4.0,2.25,4,0,1.342857142857143
YGL018C,0.0,0.0,0.0,0.0,2,1,0.0
YOR061W,0.8,2.086111111111111,0.0,14.190873015873017,5,0,3.086111111111111
YMR023C,0.0,0.0,0.0,0.0,2,0,0.0
YGL024W,0.0,0.0,0.0,0.0,1,0,0.0
YOL130W,0.0,0.0,0.0,0.0,5,1,0.0
YBR235W,0.0,0.0,0.0,0.0,1,0,0.0
YGL020C,0.19047619047619047,0.10966884753643669,8.833333333333332,9.910714285714285,7,0,1.1096688475364367
YMR214W,0.0,0.0,0.0,0.0,1,0,0.0
YGL029W,0.0,0.0,0.0,0.0,1,1,0.0
YGL030W,0.0,0.0,0.0,0.0,2,1,0.0
YGL032C,0.0,0.0,0.0,0.0,1,0,0.0
YGR257C,0.0,0.0,0.0,0.0,1,0,0.0
YPL025C,0.0,0.0,0.0,0.0,1,0,0.0
YGL038C,0.0,0.0,0.0,0.0,1,0,0.0
YJR132W,0.0,0.0,0.0,0.0,6,0,0.0
YDL218W,0.0,0.0,0.0,0.0,1,0,0.0
YDR538W,0.0,0.0,0.0,0.0,1,0,0.0
YGR004W,0.3333333333333333,0.4583333333333333,2.9166666666666665,0.0,3,0,1.1856060606060606
YJR113C,0.0,0.0,0.0,0.0,2,0,0.0
YNL013C,0.0,0.0,0.0,0.0,3,0,0.0
YPL248C,0.0,0.0,0.0,0.0,2,0,0.0
YGL052W,0.0,0.0,0.0,0.0,1,0,0.0
YGL053W,0.0,0.0,0.0,0.0,6,0,0.0
YGL054C,0.0,0.0,0.0,0.0,4,0,0.0
YGL057C,0.0,0.0,0.0,0.0,2,0,0.0
YOL080C,0.0,0.0,0.0,0.0,1,0,0.0
YGL060W,0.0,0.0,0.0,0.0,3,0,0.0
YJL179W,0.0,0.0,0.0,0.0,3,0,0.0
YGL070C,0.0010570824524312897,0.046511627906976744,0.0,0.9,44,0,1.0465116279069768
YAR064W,0.0,0.0,0.0,0.0,1,0,0.0
YBR089W,0.0,0.0,0.0,0.0,1,1,0.0
YBR106W,0.0,0.0,0.0,0.0,2,1,0.0
YBR157C,0.0,0.0,0.0,0.0,1,0,0.0
YBR176W,0.14285714285714285,0.16393416658309368,0.0,12.0,7,0,1.1639341665830938
YBR201W,0.0,0.0,0.0,0.0,3,0,0.0
YDL183C,0.0,0.0,0.0,0.0,1,0,0.0
YDL219W,0.0,0.0,0.0,0.0,1,0,0.0
YDR056C,0.0,0.0,0.0,0.0,2,0,0.0
YDR067C,0.0,0.0,0.0,0.0,1,0,0.0
YDR079W,0.0,0.0,0.0,0.0,3,0,0.0
YDR199W,0.0,0.0,0.0,0.0,1,0,0.0
YDR260C,0.06666666666666667,0.1534090909090909,0.0,2.05,6,0,1.1534090909090908
YDR286C,0.0,0.0,0.0,0.0,1,0,0.0
YDR340W,0.0,0.0,0.0,0.0,1,0,0.0
YER109C,0.0,0.0,0.0,0.0,1,0,0.0
YER181C,0.0,0.0,0.0,0.0,1,0,0.0
YJL182C,0.0,0.0,0.0,0.0,1,0,0.0
YJR162C,0.0,0.0,0.0,0.0,1,0,0.0
YKL036C,0.0,0.0,0.0,0.0,3,1,0.0
YKL086W,0.0,0.0,0.0,0.0,2,0,0.0
YKL150W,0.0,0.0,0.0,0.0,2,0,0.0
YKL190W,0.04878048780487805,1.4946256159024134,0.0,62.98730158730158,42,0,2.4946256159024136
YGL074C,0.0,0.0,0.0,0.0,1,1,0.0
YGL075C,0.0,0.0,0.0,0.0,3,1,0.0
YGL090W,0.0,0.0,0.0,0.0,4,0,0.0
YCR094W,0.0,0.0,0.0,0.0,2,0,0.0
YLR265C,0.0,0.0,0.0,0.0,4,0,0.0
YOR005C,0.0,0.0,0.0,0.0,1,0,0.0
YLR347C,0.040336134453781515,0.8741640066879467,35.05555555555556,57.41407203907203,35,1,1.8741640066879466
YGL093W,0.0,0.0,0.0,0.0,1,1,0.0
YGL094C,0.0,0.0,0.0,0.0,2,0,0.0
YGL097W,0.16666666666666666,0.2763157894736842,9.333333333333334,0.2857142857142857,4,1,1.276315789473684
YIL063C,0.4,0.7142743221690591,28.333333333333332,10.0,5,1,1.714274322169059
YOR204W,0.3333333333333333,0.7499999999999999,0.0,1.2,4,1,1.75
YOR364W,0.0,0.0,0.0,0.0,2,0,0.0
YGL098W,0.0,0.0,0.0,0.0,1,1,0.0
YGL102C,0.0,0.0,0.0,0.0,1,1,0.0
YHR194W,0.0,0.0,0.0,0.0,2,0,0.0
YGL105W,0.0,0.0,0.0,0.0,3,0,0.0
YGL245W,0.0,0.0,0.0,0.0,3,1,0.0
YGR264C,0.0,0.0,0.0,0.0,1,1,0.0
YGL106W,0.3333333333333333,0.128060263653484,0.0,0.0,3,1,1.128060263653484
YDL087C,0.0,0.0,0.0,0.0,2,1,0.0
YNL016W,0.0,0.0,0.0,0.0,4,0,0.0
YGL113W,0.0,0.0,0.0,0.0,1,1,0.0
YPR194C,0.0,0.0,0.0,0.0,1,0,0.0
YML110C,0.0,0.0,0.0,0.0,1,0,0.0
YMR291W,0.0,0.0,0.0,0.0,1,0,0.0
YGL126W,0.0,0.0,0.0,0.0,1,0,0.0
YBL009W,0.0,0.0,0.0,0.0,1,0,0.0
YDL045C,0.0,0.0,0.0,0.0,2,1,0.0
YDR092W,0.0,0.0,0.0,0.0,1,0,0.0
YDR095C,0.0,0.0,0.0,0.0,1,0,0.0
YEL038W,0.0,0.0,0.0,0.0,2,0,0.0
YER184C,0.0,0.0,0.0,0.0,1,0,0.0
YFR026C,0.0,0.0,0.0,0.0,1,0,0.0
YGL157W,0.0,0.0,0.0,0.0,3,0,0.0
YHR130C,0.0,0.0,0.0,0.0,3,0,0.0
YIL025C,0.0,0.0,0.0,0.0,4,0,0.0
YIL031W,0.0,0.0,0.0,0.0,1,1,0.0
YIR017C,0.08333333333333333,0.3336982669072221,8.916666666666666,2.2403846153846154,9,0,1.3336982669072222
YJL032W,0.0,0.0,0.0,0.0,1,1,0.0
YJR069C,0.0,0.0,0.0,0.0,2,0,0.0
YKL137W,0.0,0.0,0.0,0.0,3,0,0.0
YLR019W,0.0,0.0,0.0,0.0,2,0,0.0
YLR108C,0.3333333333333333,0.06767125908916954,13.333333333333334,39.0,4,0,1.0676712590891695
YML133C,0.0,0.0,0.0,0.0,2,0,0.0
YNR010W,1.0,0.11282051282051282,2.0,2.083333333333333,2,0,1.1128205128205129
YNR028W,0.0,0.0,0.0,0.0,7,0,0.0
YOR162C,0.0,0.0,0.0,0.0,1,0,0.0
YOR289W,0.0,0.0,0.0,0.0,2,0,0.0
YOR377W,0.0,0.0,0.0,0.0,2,0,0.0
YPL064C,0.0,0.0,0.0,0.0,1,0,0.0
YPR168W,0.0,0.0,0.0,0.0,4,1,0.0
YPL228W,0.0,0.0,0.0,0.0,1,1,0.0
YGL132W,0.0,0.0,0.0,0.0,2,0,0.0
YAL022C,0.0,0.0,0.0,0.0,1,0,0.0
YGL139W,0.0,0.0,0.0,0.0,1,0,0.0
YOR010C,0.0,0.0,0.0,0.0,3,0,0.0
YNL258C,0.0,0.0,0.0,0.0,7,1,0.0
YPR105C,0.03636363636363636,0.19651741293532338,3.2777777777777777,6.959706959706959,11,1,1.1965174129353233
YGL151W,0.3333333333333333,0.0167457805907173,0.0,0.0,3,0,1.0167457805907174
YOL105C,0.0,0.0,0.0,0.0,3,0,0.0
YGL154C,0.0,0.0,0.0,0.0,3,0,0.0
YGL254W,0.0,0.0,0.0,0.0,5,0,0.0
YGL155W,0.0,0.0,0.0,0.0,1,1,0.0
YGL156W,0.0,0.0,0.0,0.0,2,0,0.0
YNR064C,0.0,0.0,0.0,0.0,1,0,0.0
YGL158W,0.0,0.0,0.0,0.0,1,0,0.0
YGL166W,0.0,0.0,0.0,0.0,8,1,0.0
YLL028W,0.0,0.0,0.0,0.0,1,0,0.0
YML006C,0.0,0.0,0.0,0.0,2,0,0.0
YOR220W,0.0,0.0,0.0,0.0,3,0,0.0
YGL171W,0.0,0.0,0.0,0.0,3,1,0.0
YMR229C,0.0,0.0,0.0,0.0,1,1,0.0
YGL213C,0.047619047619047616,0.07289002557544758,1.5,4.333333333333333,7,1,1.0728900255754477
YPR189W,1.0,0.07289002557544758,2.25,3.082706766917293,2,0,1.0728900255754477
YGL174W,0.6666666666666666,0.2851309707241911,2.5,21.0,3,0,1.2851309707241911
YGL177W,0.0,0.0,0.0,0.0,1,0,0.0
YLR452C,0.007352941176470588,0.125,0.0,10.0,17,0,1.125
YGL180W,0.0,0.0,0.0,0.0,2,1,0.0
YML112W,0.16666666666666666,0.5833333333333333,1.9444444444444444,3.5,4,0,1.5833333333333333
YIL010W,0.0,0.0,0.0,0.0,2,0,0.0
YIL057C,0.0,0.0,0.0,0.0,2,0,0.0
YIL122W,0.0,0.0,0.0,0.0,1,0,0.0
YNR068C,0.0,0.0,0.0,0.0,3,0,0.0
YOR331C,0.0,0.0,0.0,0.0,2,0,0.0
YOR333C,1.0,0.2121212121212121,0.0,0.0,2,0,1.2121212121212122
YPL013C,0.0,0.0,0.0,0.0,3,0,0.0
YPL156C,0.0,0.0,0.0,0.0,1,0,0.0
YPL188W,0.0,0.0,0.0,0.0,1,0,0.0
YGL183C,0.0,0.0,0.0,0.0,1,0,0.0
YGL189C,0.0,0.0,0.0,0.0,4,1,0.0
YLL027W,0.0,0.0,0.0,0.0,1,0,0.0
YGL190C,0.16666666666666666,0.18382352941176472,0.0,0.5416666666666666,4,0,1.1838235294117647
YGL197W,0.0,0.0,0.0,0.0,1,0,0.0
YML012W,0.0,0.0,0.0,0.0,2,0,0.0
YGL202W,0.0,0.0,0.0,0.0,1,0,0.0
YGR241C,0.10714285714285714,0.4713032581453634,1.0,0.0,8,0,0.6986364142208752
YLR170C,0.0,0.0,0.0,0.0,2,0,0.0
YHR164C,0.0,0.0,0.0,0.0,2,1,0.0
YML069W,0.3333333333333333,0.3611111111111111,2.25,0.0,3,1,1.284188034188034
YMR053C,0.0,0.0,0.0,0.0,2,0,0.0
YNL263C,0.047619047619047616,0.1588235294117647,1.4583333333333333,2.0,7,1,1.1588235294117646
YOR292C,0.0,0.0,0.0,0.0,3,0,0.0
YHL022C,0.0,0.0,0.0,0.0,1,0,0.0
YGL214W,0.0,0.0,0.0,0.0,1,0,0.0
YGL215W,0.0,0.0,0.0,0.0,3,0,0.0
YBL031W,0.0,0.0,0.0,0.0,2,0,0.0
YGL152C,0.0,0.0,0.0,0.0,2,0,0.0
YGL221C,0.0,0.0,0.0,0.0,2,0,0.0
YGL225W,0.0,0.0,0.0,0.0,3,1,0.0
YGL226C-A,0.0,0.0,0.0,0.0,4,0,0.0
YJL178C,0.0,0.0,0.0,0.0,1,0,0.0
YJL211C,0.0,0.0,0.0,0.0,1,0,0.0
YOR062C,1.0,0.10775193798449613,0.0,3.633333333333333,2,0,1.1077519379844962
YPR040W,0.044444444444444446,0.4444444444444444,0.0,10.0,10,1,1.4444444444444444
YOR161C,0.0,0.0,0.0,0.0,1,0,0.0
YPL179W,0.0,0.0,0.0,0.0,2,0,0.0
YGL238W,0.0,0.0,0.0,0.0,3,1,0.0
YGL242C,0.3333333333333333,0.012389719984656693,0.0,2.023809523809524,3,0,1.0123897199846568
YKR099W,0.0,0.0,0.0,0.0,6,0,0.0
YHL020C,0.0,0.0,0.0,0.0,2,0,0.0
YHR215W,0.0,0.0,0.0,0.0,3,0,0.0
YJR020W,0.0,0.0,0.0,0.0,2,0,0.0
YGR003W,0.0,0.0,0.0,0.0,1,0,0.0
YLR297W,0.0,0.0,0.0,0.0,3,0,0.0
YMR183C,0.0,0.0,0.0,0.0,3,0,0.0
YGR010W,0.13333333333333333,0.5402777777777777,9.833333333333332,4.5,6,0,1.5402777777777779
YLR438W,0.16666666666666666,0.3666666666666667,4.5,2.0,4,0,1.3666666666666667
YGR013W,0.0,0.0,0.0,0.0,2,1,0.0
YIL009W,0.0,0.0,0.0,0.0,3,0,0.0
YGR016W,0.0,0.0,0.0,0.0,1,0,0.0
YGR017W,0.0,0.0,0.0,0.0,2,0,0.0
YLR403W,0.0,0.0,0.0,0.0,2,1,0.0
YGR023W,0.0,0.0,0.0,0.0,1,0,0.0
YLR460C,0.0,0.0,0.0,0.0,2,0,0.0
YGR024C,0.0,0.0,0.0,0.0,5,1,0.0
YKL090W,0.0,0.0,0.0,0.0,2,0,0.0
YPL110C,0.0,0.0,0.0,0.0,1,0,0.0
YGR026W,0.0,0.0,0.0,0.0,1,0,0.0
YGR032W,0.0,0.0,0.0,0.0,2,0,0.0
YJL034W,0.0,0.0,0.0,0.0,4,1,0.0
YGR035C,0.16666666666666666,0.03306451612903226,0.0,2.033333333333333,4,0,1.0330645161290322
YOR031W,0.0,0.0,0.0,0.0,1,0,0.0
YOR118W,0.0,0.0,0.0,0.0,1,0,0.0
YGR041W,0.0,0.0,0.0,0.0,1,0,0.0
YPL251W,0.0,0.0,0.0,0.0,1,1,0.0
YGR045C,0.0,0.0,0.0,0.0,1,0,0.0
YOR271C,0.0,0.0,0.0,0.0,2,1,0.0
YGR046W,0.0,0.0,0.0,0.0,1,1,0.0
YHR039C-A,0.16666666666666666,0.031584488506755576,0.0,2.0404040404040407,4,0,1.0315844885067555
YPL222W,0.0,0.0,0.0,0.0,3,0,0.0
YGR278W,0.0,0.0,0.0,0.0,1,1,0.0
YGR052W,0.0,0.0,0.0,0.0,2,0,0.0
YJL086C,0.0,0.0,0.0,0.0,3,1,0.0
YPL060W,0.0,0.0,0.0,0.0,2,0,0.0
YGR054W,0.5,0.04070107108081791,0.0,11.5,4,0,1.040701071080818
YGR056W,0.0,0.0,0.0,0.0,3,0,0.0
YOR100C,0.0,0.0,0.0,0.0,2,0,0.0
YOR097C,0.0,0.0,0.0,0.0,4,0,0.0
YGR061C,0.0,0.0,0.0,0.0,1,0,0.0
YGR065C,0.0,0.0,0.0,0.0,1,1,0.0
YJL199C,0.03636363636363636,0.12757795743276687,0.0,4.533333333333333,11,0,1.127577957432767
YGR066C,0.0,0.0,0.0,0.0,3,0,0.0
YLR371W,0.25,0.7998723201068768,0.0,7.000000000000001,9,1,1.7998723201068767
YPL128C,0.0,0.0,0.0,0.0,2,1,0.0
YIL008W,0.2222222222222222,0.4550006982373097,5.0,15.504761904761905,10,0,1.4550006982373098
YGR073C,0.0,0.0,0.0,0.0,2,1,0.0
YML119W,0.0,0.0,0.0,0.0,2,0,0.0
YKL183W,0.0,0.0,0.0,0.0,3,0,0.0
YKL188C,0.0,0.0,0.0,0.0,2,0,0.0
YLR440C,0.0,0.0,0.0,0.0,3,1,0.0
YDL170W,1.0,0.014021421616358325,0.0,2.083333333333333,2,0,1.0140214216163583
YDR144C,0.5,0.03743766781741465,0.0,2.023809523809524,4,0,1.0374376678174146
YEL039C,0.0,0.0,0.0,0.0,1,0,0.0
YEL052W,0.0,0.0,0.0,0.0,1,0,0.0
YGR112W,0.3333333333333333,0.012389719984656693,0.0,2.023809523809524,3,0,1.0123897199846568
YHR114W,0.004003336113427856,0.41476019045407037,15.5,33.43333333333333,110,0,1.4147601904540703
YMR172W,0.3333333333333333,0.012658227848101266,0.0,0.0,3,0,1.0126582278481013
YNL166C,0.3,0.04070107108081791,0.0,4.6000000000000005,5,0,1.040701071080818
YOR313C,0.0,0.0,0.0,0.0,1,0,0.0
YPL165C,1.0,0.04016405535392877,0.0,3.619047619047619,3,0,1.0401640553539289
YGR079W,0.0,0.0,0.0,0.0,3,0,0.0
YNL081C,0.0,0.0,0.0,0.0,1,0,0.0
YGR082W,0.23809523809523808,1.4702380952380951,4.0,6.433333333333333,7,1,2.470238095238095
YMR203W,0.25,1.9107142857142856,5.0,15.999999999999998,8,1,2.9107142857142856
YNL070W,0.19444444444444445,1.75,5.0,9.266666666666666,9,0,2.75
YNL121C,0.2,0.8690476190476191,3.0,5.233333333333333,6,0,1.869047619047619
YNL131W,0.5,0.8690476190476191,3.0,5.4,4,1,1.869047619047619
YGR251W,0.0,0.0,0.0,0.0,1,1,0.0
YGR089W,0.13333333333333333,0.2402562631478294,12.416666666666668,2.05,10,0,1.2402562631478293
YHL010C,0.0,0.0,0.0,0.0,1,0,0.0
YLR086W,0.3333333333333333,0.21025641025641023,2.0,1.0,4,1,1.2102564102564102
YKL116C,0.0,0.0,0.0,0.0,2,0,0.0
YGR101W,0.0,0.0,0.0,0.0,2,0,0.0
YJL213W,0.0,0.0,0.0,0.0,1,0,0.0
YER002W,1.0,0.09347826086956522,2.0,2.6666666666666665,2,0,1.0934782608695652
YFR001W,0.0,0.0,0.0,0.0,1,0,0.0
YGL111W,1.0,0.09347826086956522,2.0,2.6666666666666665,2,1,1.0934782608695652
YHR088W,1.0,0.09347826086956522,2.0,1.3333333333333333,2,1,1.0934782608695652
YKL172W,1.0,0.09347826086956522,2.0,0.0,2,1,1.0934782608695652
YLL008W,1.0,0.09347826086956522,2.0,1.3333333333333333,2,1,1.0934782608695652
YLR009W,0.0,0.0,0.0,0.0,3,1,0.0
YNL110C,0.0,0.0,0.0,0.0,2,1,0.0
YOL077C,1.0,0.09347826086956522,2.0,1.1428571428571428,2,1,1.0934782608695652
YOR272W,1.0,0.09347826086956522,2.0,0.0,2,1,1.0934782608695652
YFR018C,0.0,0.0,0.0,0.0,1,0,0.0
YJL064W,0.0,0.0,0.0,0.0,4,0,0.0
YLR329W,0.0,0.0,0.0,0.0,2,0,0.0
YPR045C,0.0,0.0,0.0,0.0,5,0,0.0
YGR115C,0.0,0.0,0.0,0.0,1,1,0.0
YKL180W,0.0,0.0,0.0,0.0,1,1,0.0
YPR083W,1.0,0.07200929152148663,0.0,3.333333333333333,2,0,1.0720092915214867
YOR353C,0.0,0.0,0.0,0.0,3,1,0.0
YGR121C,1.0,0.13636363636363635,4.0,0.0,2,0,1.1363636363636362
YGR122W,0.0,0.0,0.0,0.0,2,0,0.0
YGL138C,0.0,0.0,0.0,0.0,1,0,0.0
YMR021C,0.1,0.012389719984656693,0.0,1.4,5,0,1.0123897199846568
YGR141W,0.0,0.0,0.0,0.0,2,0,0.0
YMR265C,0.0,0.0,0.0,0.0,1,0,0.0
YGR142W,0.0,0.0,0.0,0.0,2,0,0.0
YNL141W,0.0,0.0,0.0,0.0,4,0,0.0
YGR143W,0.0,0.0,0.0,0.0,6,0,0.0
YGR144W,0.06666666666666667,0.03635620915032679,2.0,1.4285714285714286,6,0,1.036356209150327
YGR145W,0.0,0.0,0.0,0.0,2,1,0.0
YGR149W,0.0,0.0,0.0,0.0,2,0,0.0
YGR151C,0.0,0.0,0.0,0.0,3,0,0.0
YDR413C,0.0,0.0,0.0,0.0,2,1,0.0
YGR153W,0.0,0.0,0.0,0.0,2,0,0.0
YNL053W,0.0,0.0,0.0,0.0,1,0,0.0
YGR165W,0.0,0.0,0.0,0.0,3,0,0.0
YPL265W,0.0,0.0,0.0,0.0,1,0,0.0
YGL219C,0.0,0.0,0.0,0.0,1,0,0.0
YKL139W,0.1,0.5,1.9444444444444444,2.2666666666666666,5,1,1.5
YGR168C,0.0,0.0,0.0,0.0,1,0,0.0
YDR515W,0.0,0.0,0.0,0.0,2,0,0.0
YIL162W,0.0,0.0,0.0,0.0,2,0,0.0
YMR319C,0.0,0.0,0.0,0.0,1,0,0.0
YGR177C,0.0,0.0,0.0,0.0,1,0,0.0
YHR121W,0.0,0.0,0.0,0.0,2,0,0.0
YJL035C,0.0,0.0,0.0,0.0,2,1,0.0
YJL026W,0.0,0.0,0.0,0.0,2,1,0.0
YGR185C,0.0,0.0,0.0,0.0,1,1,0.0
YGR191W,0.2,0.5095238095238095,12.0,0.0,5,1,0.9020471740097908
YLR283W,0.0,0.0,0.0,0.0,2,0,0.0
YGR193C,0.0,0.0,0.0,0.0,1,0,0.0
YGR196C,0.0,0.0,0.0,0.0,3,0,0.0
YGR253C,0.0,0.0,0.0,0.0,2,1,0.0
YGR199W,0.0,0.0,0.0,0.0,1,0,0.0
YGR208W,0.0,0.0,0.0,0.0,3,0,0.0
YKL177W,0.3333333333333333,0.09250764525993883,0.0,2.321428571428571,3,0,1.092507645259939
YGR209C,0.0,0.0,0.0,0.0,2,0,0.0
YPL020C,0.0,0.0,0.0,0.0,8,1,0.0
YGR211W,0.0,0.0,0.0,0.0,4,1,0.0
YGR213C,0.0,0.0,0.0,0.0,2,0,0.0
YDR102C,0.0,0.0,0.0,0.0,2,0,0.0
YFL068W,0.0,0.0,0.0,0.0,2,0,0.0
YJR134C,0.0,0.0,0.0,0.0,2,0,0.0
YLR436C,0.0,0.0,0.0,0.0,1,0,0.0
YML120C,0.0,0.0,0.0,0.0,1,0,0.0
YNL164C,0.0,0.0,0.0,0.0,2,0,0.0
YOR177C,0.0,0.0,0.0,0.0,3,0,0.0
YOR184W,0.0,0.0,0.0,0.0,3,0,0.0
YPL056C,0.0,0.0,0.0,0.0,1,0,0.0
YNR045W,0.0,0.0,0.0,0.0,1,0,0.0
YGR223C,0.0,0.0,0.0,0.0,1,0,0.0
YGR227W,0.0,0.0,0.0,0.0,5,0,0.0
YOL009C,0.0,0.0,0.0,0.0,3,0,0.0
YBR166C,0.0,0.0,0.0,0.0,3,0,0.0
YFR032C-A,0.0,0.0,0.0,0.0,1,0,0.0
YGR217W,0.0,0.0,0.0,0.0,2,0,0.0
YJL188C,1.0,0.03136792452830189,0.0,0.0,2,0,1.0313679245283018
YLR332W,0.11538461538461539,0.9144480519480519,23.511111111111113,4.5,13,0,1.9144480519480518
YLR358C,0.0,0.0,0.0,0.0,6,0,0.0
YML117W,1.0,0.03136792452830189,16.25,0.0,2,0,1.0313679245283018
YMR205C,0.0,0.0,0.0,0.0,4,0,0.0
YOL003C,0.0,0.0,0.0,0.0,3,0,0.0
YOR030W,0.0,0.0,0.0,0.0,4,0,0.0
YOR275C,0.16666666666666666,0.4081802497019888,4.5,22.8,9,0,1.4081802497019889
YPL077C,0.0,0.0,0.0,0.0,6,0,0.0
YGR236C,0.0,0.0,0.0,0.0,2,0,0.0
YMR267W,0.0,0.0,0.0,0.0,3,0,0.0
YOR389W,0.0,0.0,0.0,0.0,1,0,0.0
YGR240C,0.0,0.0,0.0,0.0,3,0,0.0
YMR223W,0.0,0.0,0.0,0.0,2,0,0.0
YGR242W,0.0,0.0,0.0,0.0,1,0,0.0
YGR247W,0.0,0.0,0.0,0.0,2,0,0.0
YPL203W,0.13333333333333333,0.7333333333333334,0.0,4.304545454545455,6,1,1.7333333333333334
YGR250C,0.0,0.0,0.0,0.0,3,0,0.0
YOR225W,0.0,0.0,0.0,0.0,1,0,0.0
YGR254W,0.0,0.0,0.0,0.0,1,0,0.0
YGR263C,0.0,0.0,0.0,0.0,3,0,0.0
YNL066W,0.0,0.0,0.0,0.0,3,0,0.0
YGR271W,0.0,0.0,0.0,0.0,1,0,0.0
YGR276C,0.0,0.0,0.0,0.0,1,0,0.0
YNR015W,0.0,0.0,0.0,0.0,2,0,0.0
YGR280C,0.0,0.0,0.0,0.0,3,1,0.0
YMR102C,0.0,0.0,0.0,0.0,3,0,0.0
YGR283C,0.0,0.0,0.0,0.0,1,0,0.0
YGR284C,0.0,0.0,0.0,0.0,1,0,0.0
YGR285C,0.0,0.0,0.0,0.0,2,0,0.0
YJL172W,0.0,0.0,0.0,0.0,1,0,0.0
YGR289C,0.0,0.0,0.0,0.0,1,0,0.0
YLR054C,0.0,0.0,0.0,0.0,3,0,0.0
YGR294W,0.0,0.0,0.0,0.0,5,1,0.0
YHL018W,0.1,0.07993730407523511,0.0,2.033333333333333,5,0,1.0799373040752351
YHL001W,0.0,0.0,0.0,0.0,1,0,0.0
YAR009C,0.0,0.0,0.0,0.0,2,0,0.0
YBR279W,0.0,0.0,0.0,0.0,1,0,0.0
YCL008C,0.0,0.0,0.0,0.0,1,0,0.0
YIL156W,0.6666666666666666,0.33620576671035385,11.333333333333334,0.0,4,0,1.336205766710354
YNL239W,0.0,0.0,0.0,0.0,2,0,0.0
YNR005C,0.0,0.0,0.0,0.0,3,0,0.0
YHL003C,0.3333333333333333,0.6666666666666666,2.0,0.8333333333333334,3,0,1.6666666666666665
YKL008C,0.16666666666666666,0.6666666666666666,2.0,2.033333333333333,4,0,1.6666666666666665
YLR046C,0.0,0.0,0.0,0.0,1,0,0.0
YNL021W,0.3333333333333333,0.4,2.0,2.023809523809524,3,0,1.4
YLR353W,0.16666666666666666,0.34108527131782945,5.416666666666666,1.6666666666666667,4,0,1.3410852713178294
YHL009C,0.0,0.0,0.0,0.0,2,0,0.0
YHL015W,0.0,0.0,0.0,0.0,2,1,0.0
YLL031C,0.0,0.0,0.0,0.0,1,1,0.0
YHL019C,0.16666666666666666,0.41666666666666663,7.583333333333333,2.3,4,0,1.4166666666666665
YFR045W,0.0,0.0,0.0,0.0,3,0,0.0
YKL135C,0.09523809523809523,0.5069444444444444,5.416666666666666,5.25,7,0,1.5069444444444444
YOR107W,0.0,0.0,0.0,0.0,1,0,0.0
YHL025W,0.0,0.0,0.0,0.0,2,0,0.0
YHL026C,0.0,0.0,0.0,0.0,2,0,0.0
YJL056C,0.0,0.0,0.0,0.0,2,0,0.0
YHL034C,0.0,0.0,0.0,0.0,1,0,0.0
YHL036W,0.0,0.0,0.0,0.0,1,0,0.0
YPR163C,0.0,0.0,0.0,0.0,6,0,0.0
YKR006C,0.0,0.0,0.0,0.0,1,0,0.0
YHL046C,0.0,0.0,0.0,0.0,1,0,0.0
YJR042W,0.0,0.0,0.0,0.0,3,1,0.0
YJL080C,0.0,0.0,0.0,0.0,1,0,0.0
YMR056C,0.0,0.0,0.0,0.0,3,0,0.0
YHR007C,0.015384615384615385,0.31433112936619245,17.333333333333332,13.266666666666666,26,1,1.3143311293661926
YBR121C,0.16666666666666666,0.025974025974025976,6.65,2.25,4,1,1.025974025974026
YHR045W,0.0,0.0,0.0,0.0,2,0,0.0
YML013W,0.0,0.0,0.0,0.0,3,0,0.0
YMR264W,0.0,0.0,0.0,0.0,2,0,0.0
YHR009C,0.0,0.0,0.0,0.0,2,1,0.0
YHR011W,0.0,0.0,0.0,0.0,1,0,0.0
YHR014W,0.0,0.0,0.0,0.0,1,1,0.0
YHR185C,0.0,0.0,0.0,0.0,3,0,0.0
YHR015W,0.0,0.0,0.0,0.0,1,0,0.0
YPL169C,0.01818181818181818,0.10775193798449613,2.6666666666666665,2.128571428571429,11,1,1.1077519379844962
YHR019C,0.0,0.0,0.0,0.0,2,1,0.0
YHR021C,0.0,0.0,0.0,0.0,1,0,0.0
YIL028W,0.0,0.0,0.0,0.0,1,0,0.0
YPR188C,0.0,0.0,0.0,0.0,2,0,0.0
YBR078W,0.0,0.0,0.0,0.0,1,0,0.0
YGL045W,0.0,0.0,0.0,0.0,2,0,0.0
YIL113W,0.0,0.0,0.0,0.0,2,0,0.0
YKL037W,0.13333333333333333,0.19132316958403917,0.0,2.5,6,1,1.1913231695840392
YLR346C,0.0,0.0,0.0,0.0,1,0,0.0
YPL140C,0.0,0.0,0.0,0.0,5,0,0.0
YPL158C,0.0,0.0,0.0,0.0,3,0,0.0
YDR075W,0.0,0.0,0.0,0.0,2,0,0.0
YJL047C,0.13333333333333333,0.10032679738562092,0.0,3.571428571428572,6,0,1.100326797385621
YHR035W,0.0,0.0,0.0,0.0,3,0,0.0
YLL013C,0.0,0.0,0.0,0.0,2,0,0.0
YHR036W,0.0,0.0,0.0,0.0,1,1,0.0
YHR038W,0.0,0.0,0.0,0.0,3,0,0.0
YHR040W,0.0,0.0,0.0,0.0,2,1,0.0
YBR179C,0.0,0.0,0.0,0.0,1,0,0.0
YJL015C,0.0,0.0,0.0,0.0,3,1,0.0
YLR164W,0.0,0.0,0.0,0.0,1,0,0.0
YLR309C,0.2,0.057971775546874466,0.0,0.0,5,0,1.0579717755468745
YLR344W,0.0,0.0,0.0,0.0,1,0,0.0
YOR073W,0.0,0.0,0.0,0.0,2,0,0.0
YPR203W,0.0,0.0,0.0,0.0,1,0,0.0
YHR043C,0.0,0.0,0.0,0.0,1,0,0.0
YHR050W,0.0,0.0,0.0,0.0,2,0,0.0
YKR089C,0.0,0.0,0.0,0.0,1,0,0.0
YHR056C,0.0,0.0,0.0,0.0,3,0,0.0
YFL067W,0.0,0.0,0.0,0.0,1,0,0.0
YLL018C,0.0,0.0,0.0,0.0,2,1,0.0
YHR057C,0.0,0.0,0.0,0.0,4,0,0.0
YJR091C,0.0005643479327689854,0.16140350877192988,0.0,28.32121212121212,286,0,1.1614035087719299
YKR034W,0.06666666666666667,0.4,2.0,3.833333333333333,6,0,1.4
YOR270C,1.0,0.41025641025641024,0.0,2.0,2,0,1.4102564102564101
YPL019C,0.0,0.0,0.0,0.0,2,0,0.0
YHR063C,0.0,0.0,0.0,0.0,2,0,0.0
YHR065C,0.0,0.0,0.0,0.0,1,1,0.0
YHR066W,0.07142857142857142,1.4021739130434787,17.583333333333332,21.174783549783548,21,0,2.4021739130434785
YKR081C,0.0,0.0,0.0,0.0,1,1,0.0
YLR276C,0.0,0.0,0.0,0.0,2,1,0.0
YHR068W,1.0,0.1736111111111111,0.0,2.9,2,1,1.1736111111111112
YJL050W,0.0,0.0,0.0,0.0,1,1,0.0
YHR070W,0.0,0.0,0.0,0.0,1,1,0.0
YHR071W,0.0,0.0,0.0,0.0,1,0,0.0
YHR073W,0.0,0.0,0.0,0.0,1,0,0.0
YHR075C,0.0,0.0,0.0,0.0,1,0,0.0
YKL073W,0.0,0.0,0.0,0.0,2,0,0.0
YNL092W,0.0049261083743842365,0.08411165528500149,0.0,4.0,29,0,1.0841116552850014
YHR090C,0.0,0.0,0.0,0.0,2,0,0.0
YHR091C,0.0,0.0,0.0,0.0,1,0,0.0
YOL088C,0.0,0.0,0.0,0.0,2,0,0.0
YHR096C,0.0,0.0,0.0,0.0,1,0,0.0
YHR098C,0.0,0.0,0.0,0.0,3,1,0.0
YJR048W,0.0,0.0,0.0,0.0,3,0,0.0
YHR102W,0.0,0.0,0.0,0.0,10,1,0.0
YLR365W,0.0,0.0,0.0,0.0,1,0,0.0
YOR257W,0.0,0.0,0.0,0.0,3,1,0.0
YHR106W,0.0,0.0,0.0,0.0,1,0,0.0
YOR156C,0.26666666666666666,0.4277777777777778,4.0,10.392156862745098,6,0,1.4277777777777778
YHR109W,0.0,0.0,0.0,0.0,2,0,0.0
YBL109W,0.0,0.0,0.0,0.0,1,0,0.0
YDL037C,0.0,0.0,0.0,0.0,1,0,0.0
YDL172C,0.0,0.0,0.0,0.0,2,0,0.0
YDR319C,0.0,0.0,0.0,0.0,3,0,0.0
YER117W,0.0,0.0,0.0,0.0,1,0,0.0
YFL012W,1.0,0.20917431192660552,0.0,2.023809523809524,2,0,1.2091743119266054
YFR027W,0.0,0.0,0.0,0.0,1,1,0.0
YGL037C,0.3333333333333333,0.03635620915032679,2.0,1.1111111111111112,3,0,1.036356209150327
YGL222C,0.0,0.0,0.0,0.0,2,0,0.0
YGR031W,0.0,0.0,0.0,0.0,1,0,0.0
YGR110W,0.0,0.0,0.0,0.0,1,0,0.0
YGR215W,0.0,0.0,0.0,0.0,1,0,0.0
YHR133C,1.0,0.05679335954565312,0.0,2.666666666666667,2,0,1.0567933595456531
YIR021W,0.0,0.0,0.0,0.0,1,0,0.0
YJL012C,0.0,0.0,0.0,0.0,1,1,0.0
YJL180C,0.0,0.0,0.0,0.0,2,0,0.0
YKL129C,0.24761904761904763,2.0191522529573596,73.66666666666667,3.841269841269841,15,0,3.0191522529573596
YKL157W,0.0,0.0,0.0,0.0,4,0,0.0
YKL175W,0.0,0.0,0.0,0.0,1,0,0.0
YKR032W,0.0,0.0,0.0,0.0,1,0,0.0
YLL054C,0.0,0.0,0.0,0.0,1,0,0.0
YLR112W,0.0,0.0,0.0,0.0,1,0,0.0
YLR136C,0.0,0.0,0.0,0.0,2,0,0.0
YLR461W,0.0,0.0,0.0,0.0,2,0,0.0
YML092C,0.03296703296703297,0.23877024509562572,13.375,6.000000000000001,14,1,1.2387702450956257
YML121W,0.05555555555555555,0.42045454545454547,4.916666666666666,2.6875,9,0,1.4204545454545454
YML131W,0.0,0.0,0.0,0.0,1,0,0.0
YNR035C,0.0,0.0,0.0,0.0,2,1,0.0
YOL002C,0.0,0.0,0.0,0.0,1,0,0.0
YOR059C,0.0,0.0,0.0,0.0,5,0,0.0
YOR175C,0.0,0.0,0.0,0.0,1,0,0.0
YPL111W,0.2,0.41914163218804346,0.0,8.166666666666668,6,0,1.4191416321880435
YPR094W,0.0,0.0,0.0,0.0,2,1,0.0
YLR215C,0.0,0.0,0.0,0.0,5,1,0.0
YOR215C,0.0,0.0,0.0,0.0,1,0,0.0
YHR117W,0.0,0.0,0.0,0.0,1,0,0.0
YHR123W,0.3333333333333333,0.13636363636363635,2.0,0.0,3,0,1.1363636363636362
YHR128W,0.0,0.0,0.0,0.0,6,1,0.0
YNL005C,0.0,0.0,0.0,0.0,1,0,0.0
YHR132C,0.0,0.0,0.0,0.0,2,0,0.0
YMR152W,0.0,0.0,0.0,0.0,3,0,0.0
YKL127W,0.0,0.0,0.0,0.0,3,0,0.0
YKR082W,0.0,0.0,0.0,0.0,5,0,0.0
YHR143W-A,0.0,0.0,0.0,0.0,2,1,0.0
YHR147C,0.0,0.0,0.0,0.0,1,0,0.0
YHR149C,0.3333333333333333,0.19548872180451127,0.0,3.1666666666666665,3,0,1.1954887218045114
YNL193W,0.0,0.0,0.0,0.0,1,0,0.0
YJL168C,0.10384068278805121,2.7509702972264654,78.16666666666667,56.65396825396826,38,0,3.7509702972264654
YLR016C,0.0,0.0,0.0,0.0,2,0,0.0
YLR132C,0.0,0.0,0.0,0.0,1,1,0.0
YPR118W,0.0,0.0,0.0,0.0,2,0,0.0
YHR156C,0.0,0.0,0.0,0.0,4,0,0.0
YJR010W,0.0,0.0,0.0,0.0,2,0,0.0
YHR163W,0.0,0.0,0.0,0.0,1,0,0.0
YDR287W,0.0,0.0,0.0,0.0,1,0,0.0
YKL173W,0.0,0.0,0.0,0.0,3,1,0.0
YLR451W,0.0,0.0,0.0,0.0,2,0,0.0
YER147C,0.0,0.0,0.0,0.0,1,1,0.0
YHR169W,0.0,0.0,0.0,0.0,1,1,0.0
YKL075C,0.0,0.0,0.0,0.0,3,0,0.0
YLR075W,0.0,0.0,0.0,0.0,2,1,0.0
YHR174W,0.0,0.0,0.0,0.0,3,0,0.0
YIL091C,0.0,0.0,0.0,0.0,1,1,0.0
YPR053C,0.0,0.0,0.0,0.0,2,0,0.0
YJR007W,0.0,0.0,0.0,0.0,1,1,0.0
YNL252C,0.0,0.0,0.0,0.0,3,0,0.0
YOR171C,0.0,0.0,0.0,0.0,4,0,0.0
YOR351C,0.3333333333333333,0.7,0.0,1.0,3,0,1.7
YHR180W,0.0,0.0,0.0,0.0,3,0,0.0
YHR181W,0.0,0.0,0.0,0.0,8,0,0.0
YER014C-A,0.0,0.0,0.0,0.0,2,0,0.0
YMR282C,0.0,0.0,0.0,0.0,1,0,0.0
YLR185W,0.0,0.0,0.0,0.0,1,0,0.0
YPL204W,0.0,0.0,0.0,0.0,4,1,0.0
YHR186C,0.5,1.0222222222222221,3.0,0.0,4,1,1.511352657004831
YHR187W,0.0,0.0,0.0,0.0,3,0,0.0
YJR015W,0.0,0.0,0.0,0.0,3,0,0.0
YHR190W,0.0,0.0,0.0,0.0,3,1,0.0
YLR032W,0.8,0.4416593125198924,2.5,22.875,6,0,1.4416593125198924
YML062C,0.0,0.0,0.0,0.0,3,0,0.0
YHR198C,0.0,0.0,0.0,0.0,2,0,0.0
YHR201C,0.0,0.0,0.0,0.0,1,0,0.0
YPR056W,0.0,0.0,0.0,0.0,1,1,0.0
YPL258C,0.0,0.0,0.0,0.0,1,0,0.0
YHR209W,0.0,0.0,0.0,0.0,2,0,0.0
YHR216W,0.3333333333333333,0.03635620915032679,6.0,2.0,3,0,1.036356209150327
YIL001W,0.0,0.0,0.0,0.0,1,0,0.0
YIL002C,0.3333333333333333,0.41666666666666663,2.0,1.75,3,0,1.4166666666666665
YOR109W,0.1,0.41666666666666663,2.0,0.5714285714285714,5,0,1.4166666666666665
YIL011W,0.0,0.0,0.0,0.0,1,0,0.0
YMR201C,0.0,0.0,0.0,0.0,1,0,0.0
YIL016W,0.0,0.0,0.0,0.0,1,0,0.0
YMR222C,0.0,0.0,0.0,0.0,1,0,0.0
YOL005C,0.0,0.0,0.0,0.0,1,1,0.0
YNR017W,0.0,0.0,0.0,0.0,3,1,0.0
YIL023C,0.0,0.0,0.0,0.0,3,0,0.0
YMR104C,0.0,0.0,0.0,0.0,4,0,0.0
YOR352W,0.0,0.0,0.0,0.0,1,0,0.0
YMR313C,0.0,0.0,0.0,0.0,2,0,0.0
YIL030C,0.0,0.0,0.0,0.0,1,0,0.0
YLR139C,0.0,0.0,0.0,0.0,1,0,0.0
YKL166C,1.0,0.3666666666666667,0.0,2.5454545454545454,2,1,1.3666666666666667
YBR096W,0.0,0.0,0.0,0.0,1,0,0.0
YBR173C,0.3333333333333333,0.05982142857142857,0.0,2.333333333333333,3,0,1.0598214285714285
YBR277C,0.0,0.0,0.0,0.0,2,0,0.0
YBR291C,0.0,0.0,0.0,0.0,1,0,0.0
YCL035C,0.0,0.0,0.0,0.0,1,0,0.0
YIL039W,0.0,0.0,0.0,0.0,4,0,0.0
YDR453C,0.0,0.0,0.0,0.0,3,0,0.0
YJR131W,0.0,0.0,0.0,0.0,3,0,0.0
YNL103W,0.06666666666666667,0.19166666666666665,5.833333333333333,0.0,6,1,0.5394927536231884
YNL182C,0.0,0.0,0.0,0.0,4,1,0.0
YIL047C,0.0,0.0,0.0,0.0,1,0,0.0
YIL049W,0.0,0.0,0.0,0.0,2,0,0.0
YIL050W,0.0,0.0,0.0,0.0,6,0,0.0
YIL053W,0.0,0.0,0.0,0.0,3,0,0.0
YIL054W,0.0,0.0,0.0,0.0,1,0,0.0
YLR017W,0.0,0.0,0.0,0.0,1,0,0.0
YLR213C,0.0,0.0,0.0,0.0,2,0,0.0
YLR439W,0.0,0.0,0.0,0.0,1,0,0.0
YMR044W,0.0,0.0,0.0,0.0,1,0,0.0
YOR346W,0.0,0.0,0.0,0.0,1,0,0.0
YIL062C,1.0,0.7,2.0,0.0,2,1,1.7
YIL064W,0.0,0.0,0.0,0.0,1,0,0.0
YIL065C,0.0,0.0,0.0,0.0,2,0,0.0
YIL068C,0.3333333333333333,0.3333333333333333,0.0,0.0,3,1,1.3333333333333333
YML054C,0.0,0.0,0.0,0.0,2,0,0.0
YIL072W,1.0,0.7,0.0,1.0,2,0,1.7
YLR056W,0.0,0.0,0.0,0.0,5,0,0.0
YIL082W,0.0,0.0,0.0,0.0,1,0,0.0
YIL092W,0.0,0.0,0.0,0.0,4,0,0.0
YHR074W,0.0,0.0,0.0,0.0,1,1,0.0
YNR040W,0.0,0.0,0.0,0.0,3,0,0.0
YIL097W,0.0,0.0,0.0,0.0,2,0,0.0
YIL098C,0.0,0.0,0.0,0.0,1,0,0.0
YIL103W,0.0,0.0,0.0,0.0,1,0,0.0
YKL191W,0.0,0.0,0.0,0.0,2,0,0.0
YNL326C,0.0,0.0,0.0,0.0,2,0,0.0
YMR068W,0.13333333333333333,0.478968253968254,4.0,6.5,6,0,1.478968253968254
YPL059W,0.1,0.26785714285714285,6.0,1.5555555555555556,5,0,1.2678571428571428
YNL161W,0.0,0.0,0.0,0.0,2,1,0.0
YIL108W,0.0,0.0,0.0,0.0,3,0,0.0
YOR032C,0.0,0.0,0.0,0.0,2,0,0.0
YIL111W,0.0,0.0,0.0,0.0,2,0,0.0
YLL019C,0.0,0.0,0.0,0.0,1,0,0.0
YIL117C,0.0,0.0,0.0,0.0,2,0,0.0
YHR087W,0.0,0.0,0.0,0.0,1,0,0.0
YIL130W,0.0,0.0,0.0,0.0,2,0,0.0
YLR322W,0.0,0.0,0.0,0.0,4,0,0.0
YIL134W,0.0,0.0,0.0,0.0,1,0,0.0
YIL139C,0.0,0.0,0.0,0.0,1,0,0.0
YIL143C,0.0,0.0,0.0,0.0,2,1,0.0
YPL260W,0.0,0.0,0.0,0.0,1,0,0.0
YIL153W,0.0,0.0,0.0,0.0,2,0,0.0
YOL044W,0.0,0.0,0.0,0.0,4,0,0.0
YIL154C,0.16666666666666666,0.03744369369369369,0.0,6.0,4,0,1.0374436936936937
YIL158W,0.0,0.0,0.0,0.0,1,0,0.0
YIL163C,0.0,0.0,0.0,0.0,1,0,0.0
YNR074C,0.0,0.0,0.0,0.0,3,0,0.0
YIL173W,0.0,0.0,0.0,0.0,1,0,0.0
YMR057C,0.0,0.0,0.0,0.0,1,0,0.0
YOL101C,0.0,0.0,0.0,0.0,2,0,0.0
YOR105W,0.0,0.0,0.0,0.0,1,0,0.0
YIR008C,0.1,0.054972513743128434,0.0,2.0,5,1,1.0549725137431285
YKL045W,0.0,0.0,0.0,0.0,1,1,0.0
YNL036W,0.0,0.0,0.0,0.0,3,1,0.0
YOR011W,0.0,0.0,0.0,0.0,1,0,0.0
YIR011C,0.0,0.0,0.0,0.0,2,1,0.0
YIR012W,0.0,0.0,0.0,0.0,2,1,0.0
YIR022W,0.0,0.0,0.0,0.0,3,1,0.0
YJR010C-A,0.0,0.0,0.0,0.0,3,0,0.0
YIR025W,0.3,0.5068181818181818,0.0,2.8,5,0,1.5068181818181818
YIR033W,0.0,0.0,0.0,0.0,2,0,0.0
YKL020C,0.0,0.0,0.0,0.0,2,0,0.0
YIR037W,0.0,0.0,0.0,0.0,2,0,0.0
YLL060C,0.0,0.0,0.0,0.0,1,0,0.0
YIR040C,0.0,0.0,0.0,0.0,3,0,0.0
YJL006C,0.3333333333333333,0.5833333333333333,3.0,2.433333333333333,3,0,1.5833333333333333
YJL010C,0.0,0.0,0.0,0.0,1,1,0.0
YJL011C,0.0,0.0,0.0,0.0,3,1,0.0
YDR045C,0.0,0.0,0.0,0.0,2,1,0.0
YNL151C,0.16666666666666666,0.6666666666666666,4.5,1.0,4,1,1.6666666666666665
YJL019W,0.0,0.0,0.0,0.0,5,1,0.0
YDL129W,0.0,0.0,0.0,0.0,2,0,0.0
YOR081C,0.0,0.0,0.0,0.0,1,0,0.0
YPR176C,0.0,0.0,0.0,0.0,1,1,0.0
YJL048C,0.0,0.0,0.0,0.0,3,0,0.0
YJL057C,0.3333333333333333,0.375,0.0,2.6095238095238096,3,0,1.375
YBL104C,0.0,0.0,0.0,0.0,2,0,0.0
YBR076W,0.0,0.0,0.0,0.0,3,0,0.0
YGL147C,0.0,0.0,0.0,0.0,2,0,0.0
YPL080C,0.0,0.0,0.0,0.0,1,0,0.0
YJL063C,0.0,0.0,0.0,0.0,1,0,0.0
YHL024W,0.0,0.0,0.0,0.0,1,0,0.0
YJL143W,0.0,0.0,0.0,0.0,3,1,0.0
YNR029C,0.0,0.0,0.0,0.0,2,0,0.0
YJL070C,0.0,0.0,0.0,0.0,7,0,0.0
YBL100C,0.0,0.0,0.0,0.0,1,0,0.0
YDR250C,0.0,0.0,0.0,0.0,1,0,0.0
YDR374C,0.0,0.0,0.0,0.0,1,0,0.0
YDR504C,0.0,0.0,0.0,0.0,1,0,0.0
YGL259W,0.0,0.0,0.0,0.0,2,0,0.0
YJL072C,0.0,0.0,0.0,0.0,2,1,0.0
YJL075C,0.0,0.0,0.0,0.0,2,0,0.0
YJL078C,0.0,0.0,0.0,0.0,3,0,0.0
YJL081C,0.0,0.0,0.0,0.0,1,1,0.0
YKL108W,0.0,0.0,0.0,0.0,1,1,0.0
YNL262W,0.0,0.0,0.0,0.0,2,1,0.0
YJL091C,0.0,0.0,0.0,0.0,2,1,0.0
YER087C-A,0.0,0.0,0.0,0.0,2,0,0.0
YOL075C,0.0,0.0,0.0,0.0,3,0,0.0
YJL102W,0.0,0.0,0.0,0.0,1,0,0.0
YIR013C,0.0,0.0,0.0,0.0,1,0,0.0
YJL112W,0.0,0.0,0.0,0.0,1,0,0.0
YAL019W,0.0,0.0,0.0,0.0,3,0,0.0
YBR214W,0.0,0.0,0.0,0.0,1,0,0.0
YIL042C,0.0,0.0,0.0,0.0,1,0,0.0
YLR003C,0.0,0.0,0.0,0.0,2,0,0.0
YMR250W,0.0,0.0,0.0,0.0,1,0,0.0
YNL032W,0.1,0.45,2.0,0.1666666666666666,5,0,0.8203703703703702
YNL163C,0.0,0.0,0.0,0.0,1,1,0.0
YNL276C,0.0,0.0,0.0,0.0,1,0,0.0
YNL062C,0.0,0.0,0.0,0.0,3,1,0.0
YJL131C,0.0,0.0,0.0,0.0,1,0,0.0
YJL134W,0.0,0.0,0.0,0.0,1,0,0.0
YMR212C,0.0,0.0,0.0,0.0,2,1,0.0
YJL141C,0.0,0.0,0.0,0.0,2,0,0.0
YJL153C,0.0,0.0,0.0,0.0,2,0,0.0
YJL156C,0.0,0.0,0.0,0.0,1,1,0.0
YJL164C,1.0,0.3666666666666667,0.0,2.8,2,1,1.3666666666666667
YPR014C,0.0,0.0,0.0,0.0,2,0,0.0
YJR011C,0.0,0.0,0.0,0.0,3,0,0.0
YOR380W,0.0,0.0,0.0,0.0,4,0,0.0
YJL184W,0.0,0.0,0.0,0.0,3,1,0.0
YCR098C,0.0,0.0,0.0,0.0,2,0,0.0
YLR198C,0.0,0.0,0.0,0.0,2,1,0.0
YJL200C,0.0,0.0,0.0,0.0,1,0,0.0
YJL202C,0.0,0.0,0.0,0.0,1,1,0.0
YKR090W,0.0,0.0,0.0,0.0,2,0,0.0
YMR285C,0.0,0.0,0.0,0.0,1,0,0.0
YOL136C,0.0,0.0,0.0,0.0,1,0,0.0
YKL222C,0.0,0.0,0.0,0.0,1,0,0.0
YJL212C,0.0,0.0,0.0,0.0,1,0,0.0
YJR004C,0.0,0.0,0.0,0.0,1,0,0.0
YJR008W,0.0,0.0,0.0,0.0,1,0,0.0
YJR009C,0.0,0.0,0.0,0.0,3,0,0.0
YML053C,0.0,0.0,0.0,0.0,1,0,0.0
YDR127W,0.0,0.0,0.0,0.0,1,0,0.0
YDR135C,0.0,0.0,0.0,0.0,1,0,0.0
YKR021W,0.0,0.0,0.0,0.0,3,0,0.0
YKR104W,0.0,0.0,0.0,0.0,2,0,0.0
YLL015W,0.0,0.0,0.0,0.0,1,0,0.0
YLR133W,0.0,0.0,0.0,0.0,2,0,0.0
YLR143W,0.0,0.0,0.0,0.0,2,0,0.0
YLR430W,0.0,0.0,0.0,0.0,2,1,0.0
YNL050C,0.0,0.0,0.0,0.0,1,0,0.0
YNL242W,0.0,0.0,0.0,0.0,1,0,0.0
YNR050C,0.0,0.0,0.0,0.0,3,0,0.0
YOL031C,0.0,0.0,0.0,0.0,2,0,0.0
YOL140W,0.0,0.0,0.0,0.0,1,0,0.0
YJR025C,0.0,0.0,0.0,0.0,2,0,0.0
YJR030C,0.0,0.0,0.0,0.0,2,0,0.0
YGL042C,0.0,0.0,0.0,0.0,1,0,0.0
YJL158C,0.0,0.0,0.0,0.0,2,0,0.0
YJR034W,0.0,0.0,0.0,0.0,2,0,0.0
YJR037W,0.3333333333333333,0.20694444444444446,0.0,0.0,3,0,1.2069444444444444
YJR055W,0.0,0.0,0.0,0.0,5,0,0.0
YJR057W,0.022167487684729065,0.5672492401215805,0.0,7.920634920634921,29,1,1.5672492401215805
YDR458C,0.0,0.0,0.0,0.0,1,0,0.0
YKL098W,0.0,0.0,0.0,0.0,2,0,0.0
YKL114C,0.0,0.0,0.0,0.0,2,0,0.0
YNL241C,0.0,0.0,0.0,0.0,2,1,0.0
YNL299W,0.0,0.0,0.0,0.0,4,0,0.0
YJR058C,0.0,0.0,0.0,0.0,2,0,0.0
YKL049C,0.0,0.0,0.0,0.0,2,1,0.0
YNL232W,0.0,0.0,0.0,0.0,1,1,0.0
YAL045C,0.0,0.0,0.0,0.0,1,0,0.0
YAR047C,0.0,0.0,0.0,0.0,1,0,0.0
YBR116C,0.0,0.0,0.0,0.0,1,0,0.0
YBR219C,0.0,0.0,0.0,0.0,1,0,0.0
YBR220C,0.0,0.0,0.0,0.0,1,0,0.0
YDR178W,0.0,0.0,0.0,0.0,1,0,0.0
YDR196C,0.0,0.0,0.0,0.0,1,1,0.0
YLR406C,0.0,0.0,0.0,0.0,1,0,0.0
YGL107C,0.0,0.0,0.0,0.0,1,0,0.0
YMR269W,0.0,0.0,0.0,0.0,2,0,0.0
YJR072C,0.0,0.0,0.0,0.0,3,1,0.0
YOR262W,0.0,0.0,0.0,0.0,1,1,0.0
YJR074W,0.0,0.0,0.0,0.0,2,0,0.0
YOR185C,0.0,0.0,0.0,0.0,2,0,0.0
YBR181C,0.0,0.0,0.0,0.0,1,0,0.0
YJR084W,0.0,0.0,0.0,0.0,2,0,0.0
YLR061W,0.0,0.0,0.0,0.0,1,0,0.0
YLR295C,0.0009032258064516129,0.1129032258064516,13.25,15.716666666666663,125,0,1.1129032258064515
YPL172C,0.0,0.0,0.0,0.0,2,0,0.0
YOR084W,0.0,0.0,0.0,0.0,1,0,0.0
YBR120C,0.3333333333333333,0.023009758602978943,4.5,2.4,3,0,1.023009758602979
YDR066C,0.0,0.0,0.0,0.0,1,0,0.0
YJR001W,0.0,0.0,0.0,0.0,1,0,0.0
YPR096C,0.0,0.0,0.0,0.0,3,0,0.0
YAR061W,0.0,0.0,0.0,0.0,2,0,0.0
YPR158W-B,0.0,0.0,0.0,0.0,1,0,0.0
YAL012W,0.0,0.0,0.0,0.0,2,1,0.0
YAL066W,0.0,0.0,0.0,0.0,1,0,0.0
YAR002C-A,0.0,0.0,0.0,0.0,1,0,0.0
YBL094C,0.0,0.0,0.0,0.0,2,0,0.0
YBR161W,0.0,0.0,0.0,0.0,1,0,0.0
YBR271W,0.0,0.0,0.0,0.0,2,0,0.0
YBR293W,0.0,0.0,0.0,0.0,1,0,0.0
YCL005W,0.0,0.0,0.0,0.0,1,0,0.0
YCL045C,0.0,0.0,0.0,0.0,1,0,0.0
YCL050C,0.0,0.0,0.0,0.0,1,0,0.0
YCL074W,0.0,0.0,0.0,0.0,1,0,0.0
YDL075W,0.0,0.0,0.0,0.0,1,0,0.0
YDL125C,0.0,0.0,0.0,0.0,1,0,0.0
YDR008C,0.0,0.0,0.0,0.0,1,0,0.0
YDR010C,0.0,0.0,0.0,0.0,1,0,0.0
YDR031W,0.0,0.0,0.0,0.0,1,0,0.0
YDR134C,0.0,0.0,0.0,0.0,2,0,0.0
YDR175C,0.0,0.0,0.0,0.0,1,0,0.0
YDR193W,0.0,0.0,0.0,0.0,1,0,0.0
YDR361C,0.0,0.0,0.0,0.0,1,1,0.0
YDR500C,0.0,0.0,0.0,0.0,1,0,0.0
YDR526C,0.0,0.0,0.0,0.0,1,1,0.0
YDR527W,0.0,0.0,0.0,0.0,3,1,0.0
YDR533C,0.0,0.0,0.0,0.0,3,0,0.0
YEL008W,0.0,0.0,0.0,0.0,1,0,0.0
YEL075C,0.0,0.0,0.0,0.0,1,0,0.0
YER058W,0.0,0.0,0.0,0.0,1,0,0.0
YGL069C,0.0,0.0,0.0,0.0,1,1,0.0
YGL119W,0.0,0.0,0.0,0.0,1,0,0.0
YGL204C,0.0,0.0,0.0,0.0,2,0,0.0
YGR042W,0.0,0.0,0.0,0.0,1,0,0.0
YHL033C,0.0,0.0,0.0,0.0,1,0,0.0
YHR049W,0.0,0.0,0.0,0.0,1,0,0.0
YHR079C-A,0.0,0.0,0.0,0.0,2,0,0.0
YHR211W,0.0,0.0,0.0,0.0,2,0,0.0
YIL060W,0.0,0.0,0.0,0.0,2,0,0.0
YIL076W,0.2,0.03267533285912742,4.208333333333333,4.5064935064935066,5,0,1.0326753328591274
YIL096C,0.0,0.0,0.0,0.0,1,0,0.0
YIL137C,0.0,0.0,0.0,0.0,1,1,0.0
YIL174W,0.0,0.0,0.0,0.0,2,0,0.0
YJL106W,0.0,0.0,0.0,0.0,2,0,0.0
YJL192C,0.0,0.0,0.0,0.0,1,0,0.0
YJR038C,0.0,0.0,0.0,0.0,2,0,0.0
YJR119C,0.0,0.0,0.0,0.0,2,0,0.0
YJR123W,0.0,0.0,0.0,0.0,1,1,0.0
YKL076C,0.0,0.0,0.0,0.0,1,0,0.0
YKL111C,0.0,0.0,0.0,0.0,1,1,0.0
YKL117W,0.0,0.0,0.0,0.0,2,0,0.0
YKL138C,0.0,0.0,0.0,0.0,1,0,0.0
YKL146W,0.0,0.0,0.0,0.0,2,0,0.0
YKL160W,0.0,0.0,0.0,0.0,3,0,0.0
YKL224C,0.0,0.0,0.0,0.0,2,0,0.0
YKR040C,0.0,0.0,0.0,0.0,1,0,0.0
YKR087C,0.0,0.0,0.0,0.0,1,0,0.0
YLL030C,0.0,0.0,0.0,0.0,2,0,0.0
YLL042C,0.0,0.0,0.0,0.0,2,0,0.0
YLR037C,0.0,0.0,0.0,0.0,3,0,0.0
YLR059C,0.16666666666666666,0.5833333333333333,0.0,0.4285714285714285,4,1,1.3180272108843536
YLR066W,0.0,0.0,0.0,0.0,1,1,0.0
YLR068W,0.0,0.0,0.0,0.0,2,0,0.0
YLR092W,0.0,0.0,0.0,0.0,1,0,0.0
YLR104W,0.0,0.0,0.0,0.0,2,0,0.0
YLR118C,0.0,0.0,0.0,0.0,1,0,0.0
YLR156W,0.0,0.0,0.0,0.0,1,0,0.0
YLR172C,0.0,0.0,0.0,0.0,3,0,0.0
YLR205C,0.0,0.0,0.0,0.0,1,0,0.0
YLR230W,0.0,0.0,0.0,0.0,1,1,0.0
YLR236C,0.0,0.0,0.0,0.0,2,0,0.0
YLR248W,0.0,0.0,0.0,0.0,1,0,0.0
YLR333C,0.0,0.0,0.0,0.0,1,0,0.0
YLR379W,0.0,0.0,0.0,0.0,1,1,0.0
YLR392C,0.0,0.0,0.0,0.0,2,0,0.0
YLR397C,0.0,0.0,0.0,0.0,2,1,0.0
YML123C,0.0,0.0,0.0,0.0,1,0,0.0
YML126C,0.0,0.0,0.0,0.0,1,1,0.0
YMR067C,0.0,0.0,0.0,0.0,1,0,0.0
YMR160W,0.0,0.0,0.0,0.0,1,0,0.0
YMR278W,0.0,0.0,0.0,0.0,1,0,0.0
YMR287C,0.0,0.0,0.0,0.0,2,0,0.0
YNL008C,0.0,0.0,0.0,0.0,1,0,0.0
YNL024C,0.0,0.0,0.0,0.0,2,0,0.0
YNL109W,0.0,0.0,0.0,0.0,1,0,0.0
YNL144C,0.0,0.0,0.0,0.0,1,0,0.0
YNL176C,0.0,0.0,0.0,0.0,3,0,0.0
YNL230C,0.0,0.0,0.0,0.0,2,0,0.0
YNL285W,0.0,0.0,0.0,0.0,2,0,0.0
YNR037C,0.0,0.0,0.0,0.0,3,0,0.0
YOL072W,0.0,0.0,0.0,0.0,2,0,0.0
YOR033C,0.16666666666666666,0.024785367674505412,0.0,0.0,4,0,1.0247853676745053
YOR379C,0.0,0.0,0.0,0.0,2,0,0.0
YPL052W,0.0,0.0,0.0,0.0,1,0,0.0
YPL088W,0.0,0.0,0.0,0.0,3,0,0.0
YPL092W,0.0,0.0,0.0,0.0,1,0,0.0
YPL159C,0.0,0.0,0.0,0.0,2,0,0.0
YPL219W,0.0,0.0,0.0,0.0,2,0,0.0
YPL270W,0.0,0.0,0.0,0.0,2,0,0.0
YPL271W,0.0,0.0,0.0,0.0,1,0,0.0
YPR003C,0.0,0.0,0.0,0.0,1,0,0.0
YPR047W,0.0,0.0,0.0,0.0,2,0,0.0
YPR114W,0.0,0.0,0.0,0.0,1,0,0.0
YPR130C,0.0,0.0,0.0,0.0,1,0,0.0
YPR148C,0.0,0.0,0.0,0.0,2,0,0.0
YJR099W,0.0,0.0,0.0,0.0,2,0,0.0
YJR102C,0.2,1.0,3.7777777777777777,5.3,5,0,2.0
YLR417W,0.3333333333333333,1.1666666666666665,3.7777777777777777,3.95,4,0,2.1666666666666665
YPL002C,0.16666666666666666,0.5833333333333333,2.0,2.25,4,0,1.5833333333333333
YDR133C,0.0,0.0,0.0,0.0,2,0,0.0
YLR369W,0.0,0.0,0.0,0.0,1,0,0.0
YJR121W,0.0,0.0,0.0,0.0,2,0,0.0
YJR125C,0.0,0.0,0.0,0.0,1,0,0.0
YOR111W,0.0,0.0,0.0,0.0,2,0,0.0
YJR130C,0.0,0.0,0.0,0.0,1,0,0.0
YEL059W,0.0,0.0,0.0,0.0,1,0,0.0
YJR136C,0.0,0.0,0.0,0.0,2,1,0.0
YKL033W,0.0,0.0,0.0,0.0,1,1,0.0
YJR139C,0.0,0.0,0.0,0.0,1,0,0.0
YKL001C,0.0,0.0,0.0,0.0,2,0,0.0
YBR197C,0.0,0.0,0.0,0.0,3,0,0.0
YBR242W,0.0,0.0,0.0,0.0,1,0,0.0
YBR262C,0.0,0.0,0.0,0.0,1,0,0.0
YCL049C,0.0,0.0,0.0,0.0,1,0,0.0
YDR290W,0.0,0.0,0.0,0.0,1,0,0.0
YEL049W,0.0,0.0,0.0,0.0,2,0,0.0
YEL057C,0.0,0.0,0.0,0.0,1,0,0.0
YEL074W,0.0,0.0,0.0,0.0,1,0,0.0
YER121W,0.0,0.0,0.0,0.0,1,0,0.0
YER170W,0.0,0.0,0.0,0.0,1,0,0.0
YGL258W,0.0,0.0,0.0,0.0,1,0,0.0
YKL005C,0.0,0.0,0.0,0.0,2,0,0.0
YJR017C,0.0,0.0,0.0,0.0,2,1,0.0
YIL086C,0.0,0.0,0.0,0.0,1,0,0.0
YMR298W,0.16666666666666666,0.6666666666666666,2.0,1.2,4,1,1.6666666666666665
YKL010C,0.0,0.0,0.0,0.0,2,0,0.0
YPR122W,0.0,0.0,0.0,0.0,1,0,0.0
YKL017C,0.0,0.0,0.0,0.0,2,0,0.0
YHR053C,0.0,0.0,0.0,0.0,1,0,0.0
YKR062W,0.0,0.0,0.0,0.0,1,1,0.0
YKL052C,0.0,0.0,0.0,0.0,3,1,0.0
YMR077C,0.16666666666666666,0.5833333333333333,2.0,3.0,4,0,1.5833333333333333
YLR285W,0.0,0.0,0.0,0.0,3,0,0.0
YOR142W-A,0.0,0.0,0.0,0.0,5,0,0.0
YNL122C,0.0,0.0,0.0,0.0,1,0,0.0
YLR357W,0.0,0.0,0.0,0.0,2,0,0.0
YML046W,1.0,0.18382352941176472,0.0,0.0,2,1,1.1838235294117647
YHL048W,0.0,0.0,0.0,0.0,1,0,0.0
YKL087C,0.0,0.0,0.0,0.0,1,0,0.0
YMR081C,0.0,0.0,0.0,0.0,1,0,0.0
YHR010W,0.0,0.0,0.0,0.0,1,0,0.0
YML102W,0.0,0.0,0.0,0.0,3,0,0.0
YOL068C,0.3333333333333333,0.0425531914893617,2.9166666666666665,3.357142857142857,3,0,1.0425531914893618
YOR182C,0.0,0.0,0.0,0.0,1,0,0.0
YPR116W,0.0,0.0,0.0,0.0,1,0,0.0
YLR389C,0.0,0.0,0.0,0.0,1,0,0.0
YGR192C,0.3333333333333333,0.11309523809523808,1.0,0.0,3,0,1.1130952380952381
YKL152C,1.0,0.11309523809523808,0.6666666666666666,0.0,2,1,1.1130952380952381
YKR069W,0.3333333333333333,0.11309523809523808,0.0,0.0,3,0,1.1130952380952381
YOR247W,0.3333333333333333,0.11309523809523808,1.0,0.0,3,0,1.1130952380952381
YBR027C,0.16666666666666666,0.34108527131782945,7.583333333333333,2.2666666666666666,4,0,1.3410852713178294
YBR169C,0.0,0.0,0.0,0.0,1,0,0.0
YCL033C,0.0,0.0,0.0,0.0,1,0,0.0
YML106W,0.0,0.0,0.0,0.0,1,0,0.0
YOL073C,0.0,0.0,0.0,0.0,2,0,0.0
YPL259C,0.0,0.0,0.0,0.0,2,0,0.0
YOR323C,0.0,0.0,0.0,0.0,1,0,0.0
YMR165C,0.0,0.0,0.0,0.0,1,0,0.0
YMR210W,0.0,0.0,0.0,0.0,1,0,0.0
YMR243C,0.0,0.0,0.0,0.0,2,0,0.0
YKL149C,0.0,0.0,0.0,0.0,1,0,0.0
YKL156W,0.0,0.0,0.0,0.0,1,0,0.0
YKL161C,0.0,0.0,0.0,0.0,1,0,0.0
YKL174C,0.0,0.0,0.0,0.0,3,0,0.0
YNL104C,0.0,0.0,0.0,0.0,1,0,0.0
YKL186C,0.0,0.0,0.0,0.0,1,1,0.0
YPL147W,0.0,0.0,0.0,0.0,1,0,0.0
YMR211W,0.0,0.0,0.0,0.0,3,1,0.0
YOR332W,1.0,0.03525980911983033,0.0,3.0,2,0,1.0352598091198304
YKL192C,0.0,0.0,0.0,0.0,3,1,0.0
YOL078W,1.0,0.2111111111111111,2.5,1.7142857142857142,2,1,1.211111111111111
YKL210W,0.0,0.0,0.0,0.0,1,1,0.0
YGR163W,1.0,0.4583333333333333,2.0,2.230769230769231,2,0,1.4583333333333333
YKR019C,0.0,0.0,0.0,0.0,2,0,0.0
YHR212C,0.0,0.0,0.0,0.0,2,0,0.0
YNR038W,0.0,0.0,0.0,0.0,1,1,0.0
YJL215C,0.0,0.0,0.0,0.0,2,0,0.0
YJR019C,0.0,0.0,0.0,0.0,2,0,0.0
YLR081W,0.0,0.0,0.0,0.0,2,0,0.0
YOR190W,0.0,0.0,0.0,0.0,4,0,0.0
YKR035C,0.0,0.0,0.0,0.0,1,0,0.0
YKR043C,0.0,0.0,0.0,0.0,1,0,0.0
YBR238C,0.0,0.0,0.0,0.0,1,0,0.0
YKR044W,0.0,0.0,0.0,0.0,1,0,0.0
YHR159W,0.0,0.0,0.0,0.0,1,0,0.0
YKR065C,0.0,0.0,0.0,0.0,2,0,0.0
YLR036C,0.0,0.0,0.0,0.0,1,0,0.0
YKR080W,0.0,0.0,0.0,0.0,1,0,0.0
YBR137W,0.0,0.0,0.0,0.0,6,0,0.0
YDR353W,0.16666666666666666,0.03635620915032679,2.0,0.0,4,1,1.036356209150327
YKR091W,0.0,0.0,0.0,0.0,2,0,0.0
YNL309W,0.0,0.0,0.0,0.0,2,0,0.0
YOR060C,0.0,0.0,0.0,0.0,4,1,0.0
YKR100C,0.0,0.0,0.0,0.0,2,0,0.0
YML065W,0.0,0.0,0.0,0.0,1,1,0.0
YOL143C,0.0,0.0,0.0,0.0,3,0,0.0
YLL016W,1.0,0.668997668997669,0.0,6.240079365079366,3,0,1.6689976689976689
YLL017W,0.0,0.0,0.0,0.0,2,0,0.0
YNL293W,0.6666666666666666,0.11910080487891359,3.0,4.5,3,0,1.1191008048789135
YPR101W,0.0,0.0,0.0,0.0,2,1,0.0
YLL040C,1.0,0.2072992700729927,4.0,0.0,2,0,1.2072992700729928
YLL047W,0.0,0.0,0.0,0.0,1,0,0.0
YMR069W,0.0,0.0,0.0,0.0,1,0,0.0
YLL052C,0.0,0.0,0.0,0.0,1,0,0.0
YLL059C,0.0,0.0,0.0,0.0,1,0,0.0
YML011C,0.0,0.0,0.0,0.0,5,0,0.0
YLR008C,0.0,0.0,0.0,0.0,1,1,0.0
YLR012C,0.0,0.0,0.0,0.0,1,0,0.0
YKL168C,0.0,0.0,0.0,0.0,1,0,0.0
YLR014C,0.0,0.0,0.0,0.0,5,0,0.0
YJL082W,0.0,0.0,0.0,0.0,1,0,0.0
YKL072W,0.0,0.0,0.0,0.0,1,0,0.0
YLR030W,0.0,0.0,0.0,0.0,3,0,0.0
YLR031W,0.0,0.0,0.0,0.0,2,0,0.0
YCL001W,0.0,0.0,0.0,0.0,2,0,0.0
YDL191W,0.0,0.0,0.0,0.0,3,0,0.0
YDR153C,0.0,0.0,0.0,0.0,2,0,0.0
YEL051W,0.0,0.0,0.0,0.0,2,0,0.0
YER120W,0.0,0.0,0.0,0.0,2,0,0.0
YFL025C,0.0,0.0,0.0,0.0,2,0,0.0
YFR031C-A,0.0,0.0,0.0,0.0,2,0,0.0
YKR094C,0.0,0.0,0.0,0.0,1,0,0.0
YLL038C,0.0,0.0,0.0,0.0,2,0,0.0
YLR083C,0.0,0.0,0.0,0.0,4,0,0.0
YLR318W,0.6666666666666666,0.048391819762055005,5.666666666666667,4.1688311688311686,3,0,1.048391819762055
YLR361C,0.0,0.0,0.0,0.0,2,0,0.0
YMR010W,0.0,0.0,0.0,0.0,4,0,0.0
YMR216C,0.0,0.0,0.0,0.0,2,0,0.0
YMR274C,0.6666666666666666,0.03267533285912742,8.416666666666666,9.0,3,0,1.0326753328591274
YNL069C,0.0,0.0,0.0,0.0,5,0,0.0
YNL169C,0.0,0.0,0.0,0.0,3,0,0.0
YOL017W,0.0,0.0,0.0,0.0,2,0,0.0
YOR112W,0.0,0.0,0.0,0.0,4,0,0.0
YPL037C,0.0,0.0,0.0,0.0,2,0,0.0
YPL195W,0.0,0.0,0.0,0.0,3,0,0.0
YPL196W,0.0,0.0,0.0,0.0,3,0,0.0
YPR079W,0.0,0.0,0.0,0.0,2,0,0.0
YPR084W,0.13333333333333333,0.03267533285912742,0.0,15.0,6,0,1.0326753328591274
YLR042C,0.0,0.0,0.0,0.0,1,0,0.0
YLR434C,0.0,0.0,0.0,0.0,2,0,0.0
YLR049C,0.0,0.0,0.0,0.0,3,0,0.0
YLR119W,1.0,0.3448275862068965,1.5,2.5,2,0,1.3448275862068966
YLR052W,0.06666666666666667,0.3666666666666667,2.0,1.2,6,0,1.3666666666666667
YLR057W,0.0,0.0,0.0,0.0,3,0,0.0
YLR355C,0.0,0.0,0.0,0.0,1,1,0.0
YGR126W,0.0,0.0,0.0,0.0,1,0,0.0
YML090W,0.0,0.0,0.0,0.0,1,0,0.0
YPL181W,0.15,1.1244244456400707,20.0,39.275,16,0,2.124424445640071
YPL182C,1.0,0.026040061633281972,0.0,3.333333333333333,2,0,1.0260400616332819
YPL214C,0.0,0.0,0.0,0.0,3,0,0.0
YLR088W,0.0,0.0,0.0,0.0,2,1,0.0
YDR121W,0.0,0.0,0.0,0.0,2,0,0.0
YER088C,0.0,0.0,0.0,0.0,1,0,0.0
YGL148W,0.0,0.0,0.0,0.0,2,0,0.0
YMR166C,0.0,0.0,0.0,0.0,1,0,0.0
YPL183W-A,0.0,0.0,0.0,0.0,1,0,0.0
YBL083C,0.0,0.0,0.0,0.0,3,0,0.0
YDR497C,0.0,0.0,0.0,0.0,1,0,0.0
YLR114C,0.0,0.0,0.0,0.0,1,0,0.0
YBR012W-B,0.0,0.0,0.0,0.0,3,0,0.0
YPL257W-A,0.0,0.0,0.0,0.0,2,0,0.0
YLR124W,0.0,0.0,0.0,0.0,4,0,0.0
YMR030W,0.0,0.0,0.0,0.0,1,0,0.0
YGL021W,0.0,0.0,0.0,0.0,1,0,0.0
YOR390W,0.0,0.0,0.0,0.0,1,0,0.0
YLR140W,0.0,0.0,0.0,0.0,1,1,0.0
YLR145W,0.0,0.0,0.0,0.0,1,1,0.0
YHR214W,0.0,0.0,0.0,0.0,2,0,0.0
YLR146C,0.0,0.0,0.0,0.0,1,0,0.0
YGL256W,0.0,0.0,0.0,0.0,1,0,0.0
YMR088C,0.0,0.0,0.0,0.0,1,0,0.0
YNR072W,0.0,0.0,0.0,0.0,2,0,0.0
YLR148W,1.0,2.333333333333333,4.944444444444445,2.1333333333333333,3,0,3.2476190476190476
YLR396C,0.5,2.0,10.5,1.875,4,0,2.9375
YMR231W,0.5,2.0,4.944444444444445,2.0041666666666664,4,0,3.0
YPL045W,1.0,2.333333333333333,7.5,2.0041666666666664,3,1,3.1922619047619047
YLR157C,0.0,0.0,0.0,0.0,2,0,0.0
YLR157C-A,0.0,0.0,0.0,0.0,1,0,0.0
YLR158C,0.0,0.0,0.0,0.0,2,0,0.0
YER175C,0.0,0.0,0.0,0.0,1,0,0.0
YLR159W,0.0,0.0,0.0,0.0,2,0,0.0
YOR342C,0.0,0.0,0.0,0.0,1,0,0.0
YPL280W,0.0,0.0,0.0,0.0,2,0,0.0
YLR161W,0.0,0.0,0.0,0.0,1,0,0.0
YOR159C,0.0,0.0,0.0,0.0,6,1,0.0
YLR173W,0.0,0.0,0.0,0.0,1,0,0.0
YLR177W,0.0,0.0,0.0,0.0,2,0,0.0
YLR181C,0.0,0.0,0.0,0.0,1,0,0.0
YLR183C,0.0,0.0,0.0,0.0,1,0,0.0
YML035C,0.0,0.0,0.0,0.0,2,0,0.0
YLR193C,0.0,0.0,0.0,0.0,1,0,0.0
YJL094C,0.0,0.0,0.0,0.0,1,0,0.0
YLR195C,0.0,0.0,0.0,0.0,1,1,0.0
YMR246W,0.0,0.0,0.0,0.0,3,0,0.0
YLR196W,0.0,0.0,0.0,0.0,3,1,0.0
YPL094C,0.0,0.0,0.0,0.0,3,1,0.0
YLR199C,0.0,0.0,0.0,0.0,1,0,0.0
YGR019W,1.0,0.012389719984656693,0.0,0.0,2,0,1.0123897199846568
YMR266W,0.3333333333333333,0.012389719984656693,0.0,7.0,3,0,1.0123897199846568
YNL003C,0.0,0.0,0.0,0.0,2,0,0.0
YOR296W,1.0,0.04452214452214452,0.0,0.0,2,0,1.0445221445221444
YOR350C,0.0,0.0,0.0,0.0,3,0,0.0
YLR202C,0.0,0.0,0.0,0.0,2,0,0.0
YIR010W,0.0,0.0,0.0,0.0,1,1,0.0
YLR203C,0.0,0.0,0.0,0.0,2,0,0.0
YLR204W,0.0,0.0,0.0,0.0,3,0,0.0
YLR218C,0.0,0.0,0.0,0.0,1,0,0.0
YLR221C,0.0,0.0,0.0,0.0,2,0,0.0
YNR041C,0.0,0.0,0.0,0.0,3,0,0.0
YLR226W,0.0,0.0,0.0,0.0,2,0,0.0
YPR161C,0.0,0.0,0.0,0.0,1,1,0.0
YLR227C,0.0,0.0,0.0,0.0,2,0,0.0
YLR237W,0.0,0.0,0.0,0.0,1,0,0.0
YLR239C,0.0,0.0,0.0,0.0,3,0,0.0
YLR246W,0.0,0.0,0.0,0.0,2,0,0.0
YJR146W,0.0,0.0,0.0,0.0,2,0,0.0
YLR251W,0.0,0.0,0.0,0.0,1,0,0.0
YLR253W,0.0,0.0,0.0,0.0,1,0,0.0
YLR255C,0.0,0.0,0.0,0.0,1,0,0.0
YLR257W,0.0,0.0,0.0,0.0,2,0,0.0
YLR273C,0.0,0.0,0.0,0.0,2,0,0.0
YLR259C,0.0,0.0,0.0,0.0,1,1,0.0
YNL025C,0.07142857142857142,0.34025974025974026,17.25,2.142857142857143,8,0,1.3402597402597403
YGL255W,0.0,0.0,0.0,0.0,1,0,0.0
YJL123C,0.0,0.0,0.0,0.0,1,1,0.0
YLR266C,0.0,0.0,0.0,0.0,1,0,0.0
YLR267W,0.0,0.0,0.0,0.0,2,0,0.0
YAL062W,0.0,0.0,0.0,0.0,2,0,0.0
YDR281C,0.0,0.0,0.0,0.0,1,0,0.0
YBR269C,0.0,0.0,0.0,0.0,1,0,0.0
YLR437C,0.0,0.0,0.0,0.0,2,0,0.0
YLR284C,0.3,0.5322271195229453,9.333333333333334,12.333333333333334,5,0,1.5322271195229453
YLR286C,0.3333333333333333,0.2833333333333333,0.0,2.0047619047619047,3,0,1.2833333333333332
YLR287C,0.3333333333333333,0.41025641025641024,2.0,5.0,3,0,1.4102564102564101
YBR124W,0.0,0.0,0.0,0.0,1,1,0.0
YBR129C,0.0,0.0,0.0,0.0,1,0,0.0
YCR007C,0.0,0.0,0.0,0.0,2,0,0.0
YHR175W,0.0,0.0,0.0,0.0,1,0,0.0
YJL059W,0.0,0.0,0.0,0.0,1,0,0.0
YJR157W,0.0,0.0,0.0,0.0,1,0,0.0
YKL024C,0.0,0.0,0.0,0.0,1,1,0.0
YKL044W,0.0,0.0,0.0,0.0,1,0,0.0
YKL107W,0.0,0.0,0.0,0.0,1,0,0.0
YKL163W,0.0,0.0,0.0,0.0,1,0,0.0
YKR052C,0.0,0.0,0.0,0.0,1,0,0.0
YLL023C,0.0,0.0,0.0,0.0,1,0,0.0
YLR011W,0.0,0.0,0.0,0.0,2,0,0.0
YLR021W,0.0,0.0,0.0,0.0,2,0,0.0
YLR050C,0.0,0.0,0.0,0.0,1,0,0.0
YLR252W,0.0,0.0,0.0,0.0,1,0,0.0
YLR290C,0.0,0.0,0.0,0.0,1,0,0.0
YNL158W,0.0,0.0,0.0,0.0,1,1,0.0
YNL190W,0.0,0.0,0.0,0.0,1,0,0.0
YOL046C,0.0,0.0,0.0,0.0,1,0,0.0
YOL131W,0.01282051282051282,0.03110209601081812,0.0,2.083333333333333,13,0,1.0311020960108181
YOR087W,0.0,0.0,0.0,0.0,2,0,0.0
YOR104W,0.0,0.0,0.0,0.0,2,0,0.0
YLR291C,0.03557312252964427,0.6912927525382491,0.0,20.6,23,1,1.691292752538249
YCR076C,0.0,0.0,0.0,0.0,4,0,0.0
YDR444W,0.0,0.0,0.0,0.0,1,0,0.0
YGR083C,0.0,0.0,0.0,0.0,1,1,0.0
YLR245C,0.3333333333333333,0.12757795743276687,0.0,4.747619047619048,4,0,1.127577957432767
YLR294C,0.0,0.0,0.0,0.0,4,0,0.0
YDL148C,0.0,0.0,0.0,0.0,1,1,0.0
YDR007W,0.0,0.0,0.0,0.0,2,0,0.0
YDR530C,0.0,0.0,0.0,0.0,1,0,0.0
YGL047W,0.0,0.0,0.0,0.0,1,1,0.0
YGL226W,0.0,0.0,0.0,0.0,1,0,0.0
YGR081C,0.0,0.0,0.0,0.0,1,0,0.0
YGR148C,0.0,0.0,0.0,0.0,1,0,0.0
YHR127W,0.0,0.0,0.0,0.0,1,0,0.0
YHR138C,0.0,0.0,0.0,0.0,1,0,0.0
YIL005W,1.0,0.01786843769765971,2.25,2.1666666666666665,2,0,1.0178684376976597
YIL020C,0.0,0.0,0.0,0.0,1,0,0.0
YIL032C,0.0,0.0,0.0,0.0,1,0,0.0
YIL051C,0.0,0.0,0.0,0.0,1,1,0.0
YIL124W,0.0,0.0,0.0,0.0,2,0,0.0
YIL157C,0.0,0.0,0.0,0.0,1,0,0.0
YIR036C,0.0,0.0,0.0,0.0,1,0,0.0
YJL044C,0.0,0.0,0.0,0.0,2,0,0.0
YJL067W,0.0,0.0,0.0,0.0,2,0,0.0
YJL100W,0.0,0.0,0.0,0.0,3,0,0.0
YJL225C,0.0,0.0,0.0,0.0,1,0,0.0
YJR100C,0.0,0.0,0.0,0.0,1,0,0.0
YJR120W,0.0,0.0,0.0,0.0,1,0,0.0
YJR154W,0.0,0.0,0.0,0.0,1,0,0.0
YKL060C,0.0,0.0,0.0,0.0,1,1,0.0
YKL088W,0.0,0.0,0.0,0.0,2,1,0.0
YLR094C,0.0,0.0,0.0,0.0,3,0,0.0
YLR141W,0.0,0.0,0.0,0.0,2,1,0.0
YLR168C,0.0,0.0,0.0,0.0,2,0,0.0
YLR455W,1.0,0.01786843769765971,4.5,3.75,2,0,1.0178684376976597
YML034W,0.0,0.0,0.0,0.0,2,0,0.0
YML079W,0.0,0.0,0.0,0.0,1,0,0.0
YMR003W,0.0,0.0,0.0,0.0,3,0,0.0
YMR090W,0.0,0.0,0.0,0.0,2,0,0.0
YMR141C,0.0,0.0,0.0,0.0,1,0,0.0
YMR144W,0.0,0.0,0.0,0.0,3,0,0.0
YMR177W,0.0,0.0,0.0,0.0,1,0,0.0
YNL009W,0.0,0.0,0.0,0.0,1,0,0.0
YNL194C,0.0,0.0,0.0,0.0,2,0,0.0
YNL205C,0.0,0.0,0.0,0.0,1,0,0.0
YNL324W,0.0,0.0,0.0,0.0,1,0,0.0
YNL328C,0.0,0.0,0.0,0.0,1,0,0.0
YOL008W,0.0,0.0,0.0,0.0,1,0,0.0
YOL050C,0.0,0.0,0.0,0.0,1,0,0.0
YOR145C,0.0,0.0,0.0,0.0,1,1,0.0
YLR299W,0.0,0.0,0.0,0.0,1,0,0.0
YOL137W,0.0,0.0,0.0,0.0,1,0,0.0
YLR301W,0.0,0.0,0.0,0.0,3,0,0.0
YJR105W,0.0,0.0,0.0,0.0,1,0,0.0
YLR303W,0.0,0.0,0.0,0.0,1,0,0.0
YLR304C,0.0,0.0,0.0,0.0,1,0,0.0
YNL192W,0.002484472049689441,0.17370600414078674,26.875,0.0,70,0,0.18800874549954716
YLR308W,0.0,0.0,0.0,0.0,1,0,0.0
YLR312C,0.0,0.0,0.0,0.0,2,0,0.0
YLR317W,0.0,0.0,0.0,0.0,1,1,0.0
YIL085C,0.0,0.0,0.0,0.0,1,0,0.0
YLR327C,0.0,0.0,0.0,0.0,1,0,0.0
YBR301W,0.0,0.0,0.0,0.0,2,0,0.0
YDL206W,0.0,0.0,0.0,0.0,3,0,0.0
YDR393W,0.0,0.0,0.0,0.0,1,0,0.0
YGL081W,0.16666666666666666,0.025974025974025976,0.0,0.0,4,0,1.025974025974026
YKL006W,0.0,0.0,0.0,0.0,1,0,0.0
YNL071W,0.0,0.0,0.0,0.0,1,0,0.0
YPL132W,0.0,0.0,0.0,0.0,1,0,0.0
YLR336C,0.0,0.0,0.0,0.0,1,1,0.0
YPL268W,0.0,0.0,0.0,0.0,3,1,0.0
YLR339C,0.0,0.0,0.0,0.0,4,1,0.0
YFL044C,0.0,0.0,0.0,0.0,1,0,0.0
YGL196W,0.0,0.0,0.0,0.0,2,0,0.0
YJL046W,0.0,0.0,0.0,0.0,1,0,0.0
YJL136C,0.0,0.0,0.0,0.0,2,0,0.0
YML017W,0.0,0.0,0.0,0.0,1,0,0.0
YMR073C,0.0,0.0,0.0,0.0,1,0,0.0
YNL027W,0.0,0.0,0.0,0.0,1,0,0.0
YPL041C,0.0,0.0,0.0,0.0,2,0,0.0
YPL261C,0.0,0.0,0.0,0.0,2,0,0.0
YPR030W,0.0,0.0,0.0,0.0,2,0,0.0
YLR343W,0.0,0.0,0.0,0.0,1,0,0.0
YFL045C,0.0,0.0,0.0,0.0,2,1,0.0
YDR418W,0.0,0.0,0.0,0.0,1,0,0.0
YER023W,0.2,0.08399686250785857,0.0,6.25,5,1,1.0839968625078586
YGL040C,0.3333333333333333,0.03635620915032679,0.0,3.333333333333333,3,1,1.036356209150327
YGR267C,0.16666666666666666,0.03635620915032679,0.0,0.0,4,1,1.036356209150327
YKL067W,0.3333333333333333,0.03635620915032679,2.0,1.1111111111111112,3,0,1.036356209150327
YLR377C,0.1,0.03635620915032679,0.0,1.6666666666666667,5,0,1.036356209150327
YLR348C,0.0,0.0,0.0,0.0,1,0,0.0
YBL113C,0.0,0.0,0.0,0.0,1,0,0.0
YLR351C,0.0,0.0,0.0,0.0,1,0,0.0
YLR356W,0.0,0.0,0.0,0.0,1,0,0.0
YHR085W,0.0,0.0,0.0,0.0,1,1,0.0
YMR228W,0.0,0.0,0.0,0.0,2,0,0.0
YNL145W,0.0,0.0,0.0,0.0,1,0,0.0
YLR363C,0.0,0.0,0.0,0.0,1,0,0.0
YPR078C,0.0,0.0,0.0,0.0,4,0,0.0
YPR093C,0.0,0.0,0.0,0.0,1,0,0.0
YBL097W,0.0,0.0,0.0,0.0,1,1,0.0
YDR317W,0.0,0.0,0.0,0.0,1,0,0.0
YEL006W,0.0,0.0,0.0,0.0,1,0,0.0
YLR028C,0.0,0.0,0.0,0.0,1,0,0.0
YPL107W,0.0,0.0,0.0,0.0,1,0,0.0
YCL065W,0.0,0.0,0.0,0.0,1,0,0.0
YLR385C,0.0,0.0,0.0,0.0,1,0,0.0
YLR388W,0.0,0.0,0.0,0.0,1,0,0.0
YKR016W,0.0,0.0,0.0,0.0,1,0,0.0
YLR390W-A,0.0,0.0,0.0,0.0,2,0,0.0
YLR393W,0.0,0.0,0.0,0.0,2,0,0.0
YMR279C,0.0,0.0,0.0,0.0,1,0,0.0
YLR407W,0.0,0.0,0.0,0.0,1,0,0.0
YGL235W,0.0,0.0,0.0,0.0,1,0,0.0
YLR409C,0.0,0.0,0.0,0.0,1,1,0.0
YJL069C,0.0,0.0,0.0,0.0,1,1,0.0
YLR414C,0.0,0.0,0.0,0.0,1,0,0.0
YOR013W,0.0,0.0,0.0,0.0,1,0,0.0
YLR416C,0.0,0.0,0.0,0.0,1,0,0.0
YEL033W,0.0,0.0,0.0,0.0,2,0,0.0
YGL227W,0.0,0.0,0.0,0.0,1,0,0.0
YKL053C-A,0.0,0.0,0.0,0.0,1,0,0.0
YMR158W,0.0,0.0,0.0,0.0,1,0,0.0
YNL198C,0.0,0.0,0.0,0.0,1,0,0.0
YOL027C,0.0,0.0,0.0,0.0,2,0,0.0
YOR080W,0.0,0.0,0.0,0.0,3,0,0.0
YOR124C,0.0,0.0,0.0,0.0,3,0,0.0
YLR419W,0.0,0.0,0.0,0.0,1,0,0.0
YLR421C,0.0,0.0,0.0,0.0,1,0,0.0
YJR024C,0.0,0.0,0.0,0.0,1,0,0.0
YNL090W,0.3333333333333333,0.03533353639963448,1.3333333333333333,5.083333333333333,3,0,1.0353335363996345
YPR179C,0.0,0.0,0.0,0.0,1,0,0.0
YOR053W,0.0,0.0,0.0,0.0,2,0,0.0
YLR427W,0.0,0.0,0.0,0.0,1,0,0.0
YDL131W,0.0,0.0,0.0,0.0,1,0,0.0
YDL240W,0.0,0.0,0.0,0.0,2,0,0.0
YLR281C,0.0,0.0,0.0,0.0,1,0,0.0
YMR142C,0.0,0.0,0.0,0.0,1,0,0.0
YOR096W,0.0,0.0,0.0,0.0,2,0,0.0
YLR446W,0.0,0.0,0.0,0.0,8,0,0.0
YKR074W,0.0,0.0,0.0,0.0,2,0,0.0
YLR211C,0.0,0.0,0.0,0.0,2,0,0.0
YBR028C,0.0,0.0,0.0,0.0,1,0,0.0
YDL221W,0.0,0.0,0.0,0.0,1,1,0.0
YDL241W,0.0,0.0,0.0,0.0,1,0,0.0
YDR305C,0.0,0.0,0.0,0.0,1,0,0.0
YIR035C,0.0,0.0,0.0,0.0,1,0,0.0
YJL087C,0.0,0.0,0.0,0.0,1,1,0.0
YJL219W,0.0,0.0,0.0,0.0,1,0,0.0
YKL029C,0.0,0.0,0.0,0.0,2,0,0.0
YKL164C,0.0,0.0,0.0,0.0,1,0,0.0
YKR005C,0.0,0.0,0.0,0.0,1,0,0.0
YLR465C,0.0,0.0,0.0,0.0,3,0,0.0
YMR127C,1.0,0.017198679141441936,0.0,0.0,2,0,1.017198679141442
YNL028W,0.0,0.0,0.0,0.0,2,1,0.0
YNL134C,0.0,0.0,0.0,0.0,1,0,0.0
YNL175C,0.0,0.0,0.0,0.0,2,0,0.0
YNL323W,0.0,0.0,0.0,0.0,2,0,0.0
YOR239W,0.0,0.0,0.0,0.0,4,0,0.0
YOR260W,0.0,0.0,0.0,0.0,3,1,0.0
YOR374W,0.0,0.0,0.0,0.0,2,0,0.0
YPR006C,0.0,0.0,0.0,0.0,1,0,0.0
YLR448W,0.0,0.0,0.0,0.0,1,0,0.0
YDL180W,0.0,0.0,0.0,0.0,1,0,0.0
YER188W,0.0,0.0,0.0,0.0,1,0,0.0
YLR457C,0.0,0.0,0.0,0.0,5,1,0.0
YAR071W,0.0,0.0,0.0,0.0,1,0,0.0
YCL023C,0.0,0.0,0.0,0.0,2,0,0.0
YEL075W-A,0.0,0.0,0.0,0.0,1,0,0.0
YFL013C,0.0,0.0,0.0,0.0,3,0,0.0
YFL050C,0.0,0.0,0.0,0.0,1,0,0.0
YGR100W,0.0,0.0,0.0,0.0,1,0,0.0
YHL017W,0.0,0.0,0.0,0.0,1,0,0.0
YML027W,0.0,0.0,0.0,0.0,1,0,0.0
YNL133C,0.0,0.0,0.0,0.0,1,0,0.0
YNL260C,0.0,0.0,0.0,0.0,3,1,0.0
YNR009W,0.0,0.0,0.0,0.0,2,0,0.0
YNR013C,0.0,0.0,0.0,0.0,2,0,0.0
YNR066C,0.0,0.0,0.0,0.0,1,0,0.0
YOR198C,0.0,0.0,0.0,0.0,4,0,0.0
YOR230W,0.0,0.0,0.0,0.0,1,0,0.0
YPL034W,0.0,0.0,0.0,0.0,3,0,0.0
YPL154C,0.0,0.0,0.0,0.0,2,0,0.0
YPR144C,0.0,0.0,0.0,0.0,1,1,0.0
YLR459W,0.0,0.0,0.0,0.0,3,1,0.0
YDR434W,0.0,0.0,0.0,0.0,1,1,0.0
YDR003W,0.0,0.0,0.0,0.0,1,0,0.0
YDR314C,0.0,0.0,0.0,0.0,2,0,0.0
YML014W,0.0,0.0,0.0,0.0,2,0,0.0
YOL128C,0.0,0.0,0.0,0.0,1,0,0.0
YPL208W,0.0,0.0,0.0,0.0,3,0,0.0
YNL046W,0.0,0.0,0.0,0.0,1,0,0.0
YML048W,0.0,0.0,0.0,0.0,2,0,0.0
YML060W,0.0,0.0,0.0,0.0,1,0,0.0
YOL010W,0.0,0.0,0.0,0.0,1,1,0.0
YFL010C,0.0,0.0,0.0,0.0,5,0,0.0
YFL054C,0.0,0.0,0.0,0.0,1,0,0.0
YHR025W,0.0,0.0,0.0,0.0,2,0,0.0
YHR112C,0.0,0.0,0.0,0.0,2,0,0.0
YKL035W,0.0,0.0,0.0,0.0,1,1,0.0
YLR070C,0.0,0.0,0.0,0.0,1,0,0.0
YOR229W,0.0,0.0,0.0,0.0,3,1,0.0
YML070W,0.0,0.0,0.0,0.0,1,0,0.0
YML075C,0.0,0.0,0.0,0.0,2,0,0.0
YOR102W,0.0,0.0,0.0,0.0,2,1,0.0
YOL086C,0.0,0.0,0.0,0.0,1,0,0.0
YPL176C,0.0,0.0,0.0,0.0,1,0,0.0
YML101C,0.0,0.0,0.0,0.0,2,0,0.0
YPR099C,0.0,0.0,0.0,0.0,1,0,0.0
YML105C,0.0,0.0,0.0,0.0,3,1,0.0
YPR088C,0.0,0.0,0.0,0.0,2,1,0.0
YML107C,0.0,0.0,0.0,0.0,4,0,0.0
YIL149C,0.0,0.0,0.0,0.0,1,0,0.0
YKR095W,0.0,0.0,0.0,0.0,1,0,0.0
YGR275W,0.0,0.0,0.0,0.0,2,0,0.0
YML125C,0.0,0.0,0.0,0.0,2,1,0.0
YLR038C,0.0,0.0,0.0,0.0,1,0,0.0
YML127W,0.0,0.0,0.0,0.0,2,1,0.0
YGL184C,0.0,0.0,0.0,0.0,1,0,0.0
YML130C,0.0,0.0,0.0,0.0,1,1,0.0
YDR384C,0.0,0.0,0.0,0.0,1,0,0.0
YMR017W,0.0,0.0,0.0,0.0,1,0,0.0
YMR018W,0.0,0.0,0.0,0.0,1,0,0.0
YMR019W,0.0,0.0,0.0,0.0,1,0,0.0
YER137C,0.0,0.0,0.0,0.0,1,0,0.0
YMR041C,0.0,0.0,0.0,0.0,1,0,0.0
YAR042W,0.0,0.0,0.0,0.0,1,0,0.0
YBR008C,0.0,0.0,0.0,0.0,1,0,0.0
YBR105C,0.0,0.0,0.0,0.0,1,0,0.0
YBR273C,0.0,0.0,0.0,0.0,1,0,0.0
YCL039W,0.0,0.0,0.0,0.0,1,0,0.0
YCR008W,0.0,0.0,0.0,0.0,1,0,0.0
YDL066W,0.0,0.0,0.0,0.0,1,0,0.0
YDR423C,0.0,0.0,0.0,0.0,1,0,0.0
YHL043W,0.0,0.0,0.0,0.0,2,0,0.0
YHL049C,0.0,0.0,0.0,0.0,2,0,0.0
YIL055C,0.0,0.0,0.0,0.0,1,0,0.0
YJR079W,0.0,0.0,0.0,0.0,1,0,0.0
YKL221W,0.0,0.0,0.0,0.0,2,0,0.0
YLR401C,0.0,0.0,0.0,0.0,1,0,0.0
YMR157C,0.0,0.0,0.0,0.0,1,0,0.0
YNL204C,0.0,0.0,0.0,0.0,2,0,0.0
YNL300W,0.0,0.0,0.0,0.0,1,0,0.0
YNL319W,0.0,0.0,0.0,0.0,1,0,0.0
YNR061C,0.0,0.0,0.0,0.0,1,0,0.0
YOL111C,0.0,0.0,0.0,0.0,4,0,0.0
YOL146W,0.0,0.0,0.0,0.0,2,1,0.0
YOL154W,0.0,0.0,0.0,0.0,2,0,0.0
YOR064C,0.0,0.0,0.0,0.0,2,0,0.0
YOR251C,0.0,0.0,0.0,0.0,1,0,0.0
YOR286W,0.0,0.0,0.0,0.0,1,0,0.0
YOR302W,0.047619047619047616,0.16993464052287582,0.0,0.0,7,0,0.450154420742656
YOR344C,0.0,0.0,0.0,0.0,2,0,0.0
YPL189W,0.0,0.0,0.0,0.0,1,0,0.0
YMR051C,0.0,0.0,0.0,0.0,1,0,0.0
YNL335W,0.0,0.0,0.0,0.0,2,0,0.0
YMR063W,0.0,0.0,0.0,0.0,1,0,0.0
YNL112W,0.0,0.0,0.0,0.0,1,1,0.0
YLR080W,0.0,0.0,0.0,0.0,2,0,0.0
YMR097C,0.0,0.0,0.0,0.0,1,0,0.0
YMR101C,0.0,0.0,0.0,0.0,1,0,0.0
YOR154W,0.0,0.0,0.0,0.0,2,0,0.0
YMR110C,0.0,0.0,0.0,0.0,1,0,0.0
YOL034W,0.0,0.0,0.0,0.0,2,1,0.0
YPR145W,0.0,0.0,0.0,0.0,2,0,0.0
YMR125W,0.0,0.0,0.0,0.0,1,0,0.0
YMR134W,0.0,0.0,0.0,0.0,1,1,0.0
YOR279C,0.0,0.0,0.0,0.0,1,0,0.0
YMR151W,0.0,0.0,0.0,0.0,2,0,0.0
YDR221W,0.0,0.0,0.0,0.0,1,0,0.0
YMR155W,0.0,0.0,0.0,0.0,1,0,0.0
YPL164C,0.0,0.0,0.0,0.0,1,0,0.0
YMR180C,0.0,0.0,0.0,0.0,1,0,0.0
YMR182C,0.0,0.0,0.0,0.0,2,0,0.0
YPR133W-A,1.0,0.26785714285714285,0.0,2.2666666666666666,2,0,1.2678571428571428
YMR204C,0.0,0.0,0.0,0.0,2,0,0.0
YMR209C,0.0,0.0,0.0,0.0,1,0,0.0
YMR213W,0.0,0.0,0.0,0.0,2,1,0.0
YMR215W,0.0,0.0,0.0,0.0,1,0,0.0
YMR226C,0.0,0.0,0.0,0.0,2,0,0.0
YNL308C,0.0,0.0,0.0,0.0,3,1,0.0
YMR242C,0.0,0.0,0.0,0.0,1,0,0.0
YLR366W,0.0,0.0,0.0,0.0,1,0,0.0
YNL096C,0.0,0.0,0.0,0.0,2,0,0.0
YHR136C,0.0,0.0,0.0,0.0,2,0,0.0
YOR046C,0.0,0.0,0.0,0.0,3,1,0.0
YMR258C,0.0,0.0,0.0,0.0,1,0,0.0
YIL019W,0.0,0.0,0.0,0.0,1,1,0.0
YMR260C,0.0,0.0,0.0,0.0,2,1,0.0
YGR156W,0.0,0.0,0.0,0.0,1,1,0.0
YGL083W,0.0,0.0,0.0,0.0,1,0,0.0
YMR280C,0.0,0.0,0.0,0.0,1,0,0.0
YAL053W,1.0,0.04060705496308449,0.0,2.2222222222222223,2,0,1.0406070549630846
YMR316C-A,0.0,0.0,0.0,0.0,1,0,0.0
YMR317W,0.0,0.0,0.0,0.0,2,0,0.0
YMR318C,0.0,0.0,0.0,0.0,1,0,0.0
YMR326C,0.0,0.0,0.0,0.0,1,0,0.0
YNL244C,0.3333333333333333,0.3333333333333333,0.0,3.375,3,1,1.3333333333333333
YPR041W,0.3333333333333333,0.3333333333333333,0.0,3.333333333333333,3,1,1.3333333333333333
YMR325W,0.0,0.0,0.0,0.0,1,0,0.0
YPR199C,0.0,0.0,0.0,0.0,1,0,0.0
YNL007C,0.0,0.0,0.0,0.0,1,1,0.0
YNL015W,0.0,0.0,0.0,0.0,2,0,0.0
YNL019C,0.0,0.0,0.0,0.0,1,0,0.0
YLR001C,0.0,0.0,0.0,0.0,1,0,0.0
YNL056W,1.0,0.45,2.0,6.166666666666667,2,0,1.45
YNL093W,0.0,0.0,0.0,0.0,1,0,0.0
YNL034W,0.0,0.0,0.0,0.0,1,0,0.0
YNL037C,0.0,0.0,0.0,0.0,2,0,0.0
YNL039W,0.0,0.0,0.0,0.0,5,1,0.0
YNL045W,0.0,0.0,0.0,0.0,1,0,0.0
YNL049C,0.0,0.0,0.0,0.0,1,0,0.0
YDL072C,0.0,0.0,0.0,0.0,2,0,0.0
YJR035W,0.0,0.0,0.0,0.0,1,0,0.0
YGR005C,0.0,0.0,0.0,0.0,2,1,0.0
YHR081W,0.0,0.0,0.0,0.0,1,0,0.0
YIL024C,0.0,0.0,0.0,0.0,1,0,0.0
YJR097W,0.0,0.0,0.0,0.0,1,0,0.0
YKL153W,0.0,0.0,0.0,0.0,1,1,0.0
YML037C,0.0,0.0,0.0,0.0,1,0,0.0
YOR004W,0.0,0.0,0.0,0.0,1,1,0.0
YOR040W,0.0,0.0,0.0,0.0,2,0,0.0
YNL095C,0.0,0.0,0.0,0.0,1,0,0.0
YHR199C,0.0,0.0,0.0,0.0,1,0,0.0
YJL003W,0.0,0.0,0.0,0.0,1,0,0.0
YNL063W,0.0,0.0,0.0,0.0,1,0,0.0
YNL107W,0.0,0.0,0.0,0.0,1,0,0.0
YBL037W,0.0,0.0,0.0,0.0,1,0,0.0
YBL054W,0.0,0.0,0.0,0.0,1,0,0.0
YJR023C,0.0,0.0,0.0,0.0,1,1,0.0
YKL133C,0.0,0.0,0.0,0.0,1,0,0.0
YOL151W,0.0,0.0,0.0,0.0,3,0,0.0
YOR093C,0.0,0.0,0.0,0.0,1,0,0.0
YPR160W,0.0,0.0,0.0,0.0,1,0,0.0
YNL142W,0.0,0.0,0.0,0.0,1,0,0.0
YPR190C,1.0,0.6666666666666666,1.0,2.0,2,1,1.6666666666666665
YNL165W,0.0,0.0,0.0,0.0,1,0,0.0
YDR368W,0.0,0.0,0.0,0.0,1,0,0.0
YNL178W,0.0,0.0,0.0,0.0,2,1,0.0
YNL180C,0.0,0.0,0.0,0.0,1,0,0.0
YNL183C,0.0,0.0,0.0,0.0,2,0,0.0
YNL188W,0.0,0.0,0.0,0.0,1,1,0.0
YBR035C,0.0,0.0,0.0,0.0,1,0,0.0
YCL028W,0.0,0.0,0.0,0.0,1,1,0.0
YDL185W2,0.0,0.0,0.0,0.0,1,0,0.0
YDR428C,0.0,0.0,0.0,0.0,2,0,0.0
YDR487C,0.0,0.0,0.0,0.0,1,1,0.0
YEL046C,0.0,0.0,0.0,0.0,2,0,0.0
YER010C,0.0,0.0,0.0,0.0,2,0,0.0
YER057C,0.0,0.0,0.0,0.0,1,0,0.0
YGR088W,0.0,0.0,0.0,0.0,1,0,0.0
YHL009W-A,0.0,0.0,0.0,0.0,1,0,0.0
YHR018C,0.0,0.0,0.0,0.0,1,0,0.0
YJL052W,0.0,0.0,0.0,0.0,1,0,0.0
YKL069W,0.0,0.0,0.0,0.0,1,0,0.0
YLR209C,0.0,0.0,0.0,0.0,1,0,0.0
YMR239C,0.0,0.0,0.0,0.0,1,1,0.0
YOL058W,0.0,0.0,0.0,0.0,1,0,0.0
YOR155C,0.0,0.0,0.0,0.0,3,0,0.0
YPR062W,0.0,0.0,0.0,0.0,1,0,0.0
YAL055W,0.0,0.0,0.0,0.0,2,0,0.0
YBR209W,0.0,0.0,0.0,0.0,2,0,0.0
YCR089W,0.0,0.0,0.0,0.0,1,0,0.0
YDR248C,0.0,0.0,0.0,0.0,2,0,0.0
YJL121C,0.0,0.0,0.0,0.0,1,0,0.0
YJL196C,0.0,0.0,0.0,0.0,1,0,0.0
YJL214W,0.0,0.0,0.0,0.0,1,0,0.0
YNL087W,0.0,0.0,0.0,0.0,1,0,0.0
YNL179C,0.0,0.0,0.0,0.0,1,0,0.0
YNL200C,0.0,0.0,0.0,0.0,1,0,0.0
YNL203C,0.0,0.0,0.0,0.0,1,0,0.0
YBL046W,0.0,0.0,0.0,0.0,1,0,0.0
YNL212W,0.0,0.0,0.0,0.0,1,0,0.0
YPL075W,0.0,0.0,0.0,0.0,2,1,0.0
YNL219C,0.0,0.0,0.0,0.0,1,0,0.0
YNL220W,0.0,0.0,0.0,0.0,1,0,0.0
YLR411W,0.0,0.0,0.0,0.0,1,0,0.0
YNL226W,0.0,0.0,0.0,0.0,1,0,0.0
YPL066W,0.0,0.0,0.0,0.0,2,0,0.0
YNL234W,0.0,0.0,0.0,0.0,2,0,0.0
YOR153W,0.0,0.0,0.0,0.0,1,0,0.0
YIR027C,0.0,0.0,0.0,0.0,1,0,0.0
YBL052C,0.0,0.0,0.0,0.0,1,0,0.0
YER074W-A,0.0,0.0,0.0,0.0,1,1,0.0
YKR047W,0.0,0.0,0.0,0.0,1,0,0.0
YNL119W,0.0,0.0,0.0,0.0,2,0,0.0
YNL289W,1.0,0.026356857985087564,1.9444444444444444,0.0,2,0,1.0263568579850875
YPL065W,0.0,0.0,0.0,0.0,2,0,0.0
YNL277W,0.0,0.0,0.0,0.0,3,0,0.0
YNL279W,0.0,0.0,0.0,0.0,1,0,0.0
YPL245W,0.0,0.0,0.0,0.0,2,0,0.0
YPL010W,0.0,0.0,0.0,0.0,1,1,0.0
YBL087C,0.0,0.0,0.0,0.0,1,0,0.0
YNL068C,0.0,0.0,0.0,0.0,1,0,0.0
YPL047W,0.0,0.0,0.0,0.0,1,0,0.0
YNL314W,0.0,0.0,0.0,0.0,1,0,0.0
YNL316C,0.0,0.0,0.0,0.0,1,0,0.0
YNL321W,0.0,0.0,0.0,0.0,1,0,0.0
YAL056C-A,0.0,0.0,0.0,0.0,1,0,0.0
YGL203C,0.0,0.0,0.0,0.0,1,0,0.0
YNL327W,0.0,0.0,0.0,0.0,1,0,0.0
YNR004W,0.0,0.0,0.0,0.0,1,0,0.0
YPL157W,0.0,0.0,0.0,0.0,2,0,0.0
YNR024W,0.0,0.0,0.0,0.0,1,0,0.0
YJL045W,0.0,0.0,0.0,0.0,1,0,0.0
YNR030W,0.0,0.0,0.0,0.0,1,0,0.0
YNL292W,0.0,0.0,0.0,0.0,1,0,0.0
YNR065C,0.0,0.0,0.0,0.0,1,0,0.0
YLR174W,0.0,0.0,0.0,0.0,1,0,0.0
YNR075W,0.0,0.0,0.0,0.0,1,0,0.0
YLL012W,0.0,0.0,0.0,0.0,2,0,0.0
YGR233C,0.0,0.0,0.0,0.0,1,0,0.0
YKL003C,0.0,0.0,0.0,0.0,1,0,0.0
YOR044W,0.0,0.0,0.0,0.0,1,0,0.0
YOL015W,0.0,0.0,0.0,0.0,3,0,0.0
YJR003C,0.0,0.0,0.0,0.0,1,1,0.0
YLR412W,0.0,0.0,0.0,0.0,1,0,0.0
YOL039W,0.0,0.0,0.0,0.0,1,0,0.0
YOL052C,0.0,0.0,0.0,0.0,1,0,0.0
YOL056W,0.0,0.0,0.0,0.0,1,0,0.0
YLR387C,0.0,0.0,0.0,0.0,1,0,0.0
YER163C,0.0,0.0,0.0,0.0,1,0,0.0
YOL063C,0.0,0.0,0.0,0.0,1,0,0.0
YOL065C,0.0,0.0,0.0,0.0,2,0,0.0
YOL085C,0.0,0.0,0.0,0.0,1,0,0.0
YOL094C,0.0,0.0,0.0,0.0,1,1,0.0
YNL290W,0.0,0.0,0.0,0.0,1,1,0.0
YOL095C,0.0,0.0,0.0,0.0,1,0,0.0
YOL099C,0.0,0.0,0.0,0.0,2,0,0.0
YBR248C,0.0,0.0,0.0,0.0,1,0,0.0
YOL104C,0.0,0.0,0.0,0.0,2,0,0.0
YOL107W,0.0,0.0,0.0,0.0,2,0,0.0
YOL110W,0.0,0.0,0.0,0.0,1,0,0.0
YGR174C,0.0,0.0,0.0,0.0,1,0,0.0
YOL117W,0.0,0.0,0.0,0.0,1,0,0.0
YOL126C,0.0,0.0,0.0,0.0,1,0,0.0
YOL144W,0.0,0.0,0.0,0.0,1,1,0.0
YOL152W,0.0,0.0,0.0,0.0,2,0,0.0
YOL153C,0.0,0.0,0.0,0.0,1,0,0.0
YOL159C,0.0,0.0,0.0,0.0,1,0,0.0
YOR002W,0.06666666666666667,0.4,0.0,0.0,6,0,0.5666666666666667
YOR003W,0.0,0.0,0.0,0.0,1,0,0.0
YKL201C,0.0,0.0,0.0,0.0,1,0,0.0
YFR016C,0.0,0.0,0.0,0.0,1,0,0.0
YOR018W,0.0,0.0,0.0,0.0,1,0,0.0
YMR178W,0.0,0.0,0.0,0.0,1,0,0.0
YDR191W,0.0,0.0,0.0,0.0,1,0,0.0
YPL200W,0.0,0.0,0.0,0.0,2,0,0.0
YOR037W,0.0,0.0,0.0,0.0,4,0,0.0
YLL010C,0.0,0.0,0.0,0.0,1,0,0.0
YOR050C,0.0,0.0,0.0,0.0,1,0,0.0
YOR054C,0.0,0.0,0.0,0.0,1,0,0.0
YMR195W,0.0,0.0,0.0,0.0,1,0,0.0
YOR065W,0.0,0.0,0.0,0.0,1,0,0.0
YOR067C,0.0,0.0,0.0,0.0,11,0,0.0
YLR034C,0.0,0.0,0.0,0.0,1,0,0.0
YIL094C,0.0,0.0,0.0,0.0,1,0,0.0
YFL055W,0.0,0.0,0.0,0.0,1,0,0.0
YNL320W,0.0,0.0,0.0,0.0,1,0,0.0
YOR095C,0.0,0.0,0.0,0.0,1,1,0.0
YMR075W,0.0,0.0,0.0,0.0,1,0,0.0
YOR103C,0.0,0.0,0.0,0.0,1,1,0.0
YOR108W,0.0,0.0,0.0,0.0,1,0,0.0
YML129C,0.0,0.0,0.0,0.0,1,0,0.0
YJL008C,0.0,0.0,0.0,0.0,1,1,0.0
YOR119C,0.0,0.0,0.0,0.0,1,1,0.0
YOR131C,0.0,0.0,0.0,0.0,1,0,0.0
YDR443C,1.0,0.15655577299412915,4.5,2.5,2,0,1.1565557729941291
YOL103W-B,0.0,0.0,0.0,0.0,1,0,0.0
YGR281W,0.0,0.0,0.0,0.0,1,0,0.0
YOR146W,0.0,0.0,0.0,0.0,1,1,0.0
YOR148C,0.0,0.0,0.0,0.0,1,1,0.0
YER090W,0.0,0.0,0.0,0.0,1,0,0.0
YOR158W,0.1,0.08159203980099503,1.9444444444444444,10.0,5,0,1.081592039800995
YOR173W,0.0,0.0,0.0,0.0,1,0,0.0
YCL034W,0.0,0.0,0.0,0.0,1,0,0.0
YDR344C,0.0,0.0,0.0,0.0,1,0,0.0
YOR221C,0.0,0.0,0.0,0.0,1,0,0.0
YOR226C,0.0,0.0,0.0,0.0,2,0,0.0
YIL014W,0.0,0.0,0.0,0.0,1,0,0.0
YOR236W,0.0,0.0,0.0,0.0,1,1,0.0
YOR172W,0.0,0.0,0.0,0.0,1,0,0.0
YOR245C,0.0,0.0,0.0,0.0,3,0,0.0
YDR211W,0.0,0.0,0.0,0.0,1,1,0.0
YFR022W,0.0,0.0,0.0,0.0,1,0,0.0
YHR067W,0.0,0.0,0.0,0.0,1,0,0.0
YJL055W,0.0,0.0,0.0,0.0,1,0,0.0
YLR334C,0.0,0.0,0.0,0.0,1,0,0.0
YMR014W,0.0,0.0,0.0,0.0,1,0,0.0
YOL043C,0.0,0.0,0.0,0.0,1,0,0.0
YEL019C,0.0,0.0,0.0,0.0,1,1,0.0
YOR273C,0.0,0.0,0.0,0.0,1,0,0.0
YEL072W,0.0,0.0,0.0,0.0,1,0,0.0
YOR274W,0.0,0.0,0.0,0.0,1,0,0.0
YOR282W,0.0,0.0,0.0,0.0,1,1,0.0
YOR285W,0.0,0.0,0.0,0.0,7,0,0.0
YNL208W,0.0,0.0,0.0,0.0,1,0,0.0
YPR085C,0.0,0.0,0.0,0.0,2,1,0.0
YDR387C,0.0,0.0,0.0,0.0,1,0,0.0
YKR017C,0.0,0.0,0.0,0.0,1,0,0.0
YOR298W,0.0,0.0,0.0,0.0,1,0,0.0
YGL234W,0.0,0.0,0.0,0.0,2,0,0.0
YOR299W,0.0,0.0,0.0,0.0,15,0,0.0
YKR070W,0.0,0.0,0.0,0.0,1,0,0.0
YNL246W,0.0,0.0,0.0,0.0,2,1,0.0
YOR301W,0.0,0.0,0.0,0.0,1,0,0.0
YGR259C,0.0,0.0,0.0,0.0,1,0,0.0
YOR305W,0.0,0.0,0.0,0.0,1,0,0.0
YOR307C,0.0,0.0,0.0,0.0,1,0,0.0
YOL035C,0.0,0.0,0.0,0.0,1,0,0.0
YOR325W,0.0,0.0,0.0,0.0,1,0,0.0
YNL120C,0.0,0.0,0.0,0.0,1,0,0.0
YOR341W,0.0,0.0,0.0,0.0,2,1,0.0
YOR345C,0.0,0.0,0.0,0.0,1,0,0.0
YMR271C,0.0,0.0,0.0,0.0,1,0,0.0
YOR354C,0.0,0.0,0.0,0.0,1,0,0.0
YOR378W,0.0,0.0,0.0,0.0,1,0,0.0
YDR327W,0.0,0.0,0.0,0.0,1,1,0.0
YOR383C,0.0,0.0,0.0,0.0,1,0,0.0
YOR385W,0.0,0.0,0.0,0.0,1,0,0.0
YOR393W,0.0,0.0,0.0,0.0,1,0,0.0
YPL005W,0.0,0.0,0.0,0.0,2,0,0.0
YPL007C,0.0,0.0,0.0,0.0,1,1,0.0
YGR161C,0.0,0.0,0.0,0.0,1,0,0.0
YHL028W,0.0,0.0,0.0,0.0,1,0,0.0
YJL101C,0.0,0.0,0.0,0.0,1,0,0.0
YJR142W,0.0,0.0,0.0,0.0,1,0,0.0
YML122C,0.0,0.0,0.0,0.0,1,0,0.0
YMR306W,0.0,0.0,0.0,0.0,1,0,0.0
YOL119C,0.0,0.0,0.0,0.0,1,0,0.0
YOL122C,0.0,0.0,0.0,0.0,1,0,0.0
YPL036W,0.0,0.0,0.0,0.0,2,0,0.0
YPL040C,0.0,0.0,0.0,0.0,1,0,0.0
YER180C-A,0.0,0.0,0.0,0.0,1,0,0.0
YPL061W,0.0,0.0,0.0,0.0,1,0,0.0
YPL068C,0.0,0.0,0.0,0.0,1,0,0.0
YDR502C,0.0,0.0,0.0,0.0,2,0,0.0
YHR144C,0.0,0.0,0.0,0.0,1,0,0.0
YPL060C-A,0.0,0.0,0.0,0.0,1,0,0.0
YPL074W,0.0,0.0,0.0,0.0,1,0,0.0
YPL095C,0.6666666666666666,0.8125965537730244,0.0,6.333333333333333,4,0,1.8125965537730244
YPL096C-A,0.0,0.0,0.0,0.0,1,0,0.0
YPL096W,0.0,0.0,0.0,0.0,1,0,0.0
YBR204C,0.0,0.0,0.0,0.0,1,0,0.0
YMR133W,0.0,0.0,0.0,0.0,1,0,0.0
YPL118W,0.0,0.0,0.0,0.0,2,0,0.0
YDR333C,0.0,0.0,0.0,0.0,1,0,0.0
YGR244C,0.0,0.0,0.0,0.0,1,1,0.0
YPL125W,0.0,0.0,0.0,0.0,2,1,0.0
YPL126W,0.0,0.0,0.0,0.0,1,1,0.0
YPL130W,0.0,0.0,0.0,0.0,2,0,0.0
YKL047W,0.0,0.0,0.0,0.0,1,0,0.0
YPL150W,0.0,0.0,0.0,0.0,1,0,0.0
YNL253W,0.0,0.0,0.0,0.0,1,0,0.0
YPL163C,0.0,0.0,0.0,0.0,1,0,0.0
YDL142C,0.0,0.0,0.0,0.0,1,0,0.0
YPL190C,0.0,0.0,0.0,0.0,1,1,0.0
YJL024C,0.0,0.0,0.0,0.0,1,0,0.0
YPL207W,0.0,0.0,0.0,0.0,1,1,0.0
YAR069C,0.0,0.0,0.0,0.0,1,0,0.0
YPL216W,0.0,0.0,0.0,0.0,1,0,0.0
YPL220W,0.0,0.0,0.0,0.0,1,0,0.0
YPL221W,0.0,0.0,0.0,0.0,1,0,0.0
YBR012C,0.0,0.0,0.0,0.0,1,0,0.0
YIR042C,0.0,0.0,0.0,0.0,1,0,0.0
YPL244C,0.0,0.0,0.0,0.0,2,0,0.0
YPL257W-B,0.0,0.0,0.0,0.0,1,0,0.0
YPL263C,0.0,0.0,0.0,0.0,1,0,0.0
YPL266W,0.0,0.0,0.0,0.0,1,1,0.0
YOR233W,0.0,0.0,0.0,0.0,1,1,0.0
YPL276W,0.0,0.0,0.0,0.0,2,0,0.0
YDR494W,0.0,0.0,0.0,0.0,1,0,0.0
YPL283C,0.0,0.0,0.0,0.0,1,0,0.0
YPR001W,0.0,0.0,0.0,0.0,1,0,0.0
YDR460W,0.0,0.0,0.0,0.0,1,1,0.0
YGR087C,0.0,0.0,0.0,0.0,1,0,0.0
YPR033C,0.0,0.0,0.0,0.0,3,1,0.0
YPR037C,0.0,0.0,0.0,0.0,2,0,0.0
YPR058W,0.0,0.0,0.0,0.0,1,0,0.0
YPR063C,0.0,0.0,0.0,0.0,1,0,0.0
YPR071W,0.0,0.0,0.0,0.0,1,0,0.0
YDR337W,0.0,0.0,0.0,0.0,1,0,0.0
YBL020W,0.0,0.0,0.0,0.0,1,1,0.0
YDL086W,0.0,0.0,0.0,0.0,1,0,0.0
YDL158C,0.0,0.0,0.0,0.0,1,0,0.0
YEL011W,0.0,0.0,0.0,0.0,1,0,0.0
YER076C,0.0,0.0,0.0,0.0,1,0,0.0
YGR053C,0.0,0.0,0.0,0.0,1,0,0.0
YGR204W,0.0,0.0,0.0,0.0,1,0,0.0
YGR291C,0.0,0.0,0.0,0.0,1,0,0.0
YJL066C,0.0,0.0,0.0,0.0,1,0,0.0
YJL079C,0.0,0.0,0.0,0.0,1,0,0.0
YKL134C,0.0,0.0,0.0,0.0,1,0,0.0
YKL208W,0.0,0.0,0.0,0.0,1,0,0.0
YLL022C,0.0,0.0,0.0,0.0,1,0,0.0
YLR201C,0.0,0.0,0.0,0.0,1,0,0.0
YML019W,0.0,0.0,0.0,0.0,1,0,0.0
YMR184W,0.0,0.0,0.0,0.0,1,0,0.0
YMR193W,0.0,0.0,0.0,0.0,1,0,0.0
YMR315W,0.0,0.0,0.0,0.0,1,0,0.0
YOL066C,0.0,0.0,0.0,0.0,1,1,0.0
YOL147C,0.0,0.0,0.0,0.0,1,0,0.0
YOR074C,0.0,0.0,0.0,0.0,1,1,0.0
YOR079C,0.0,0.0,0.0,0.0,1,0,0.0
YPL097W,0.0,0.0,0.0,0.0,1,0,0.0
YPR157W,0.0,0.0,0.0,0.0,1,0,0.0
YPR133C,0.0,0.0,0.0,0.0,1,1,0.0
YPR103W,0.0,0.0,0.0,0.0,1,1,0.0
YPR104C,0.0,0.0,0.0,0.0,2,1,0.0
YPR106W,0.0,0.0,0.0,0.0,2,0,0.0
YPR108W,0.0,0.0,0.0,0.0,1,1,0.0
YPR123C,0.0,0.0,0.0,0.0,1,0,0.0
YAL064W-B,0.0,0.0,0.0,0.0,1,0,0.0
YPR015C,0.0,0.0,0.0,0.0,1,1,0.0
YIL090W,0.0,0.0,0.0,0.0,1,0,0.0
YOL054W,0.0,0.0,0.0,0.0,1,0,0.0
YPR154W,0.0,0.0,0.0,0.0,19,0,0.0
YLR450W,0.0,0.0,0.0,0.0,1,0,0.0
YNR033W,0.0,0.0,0.0,0.0,1,0,0.0
YOR063W,0.0,0.0,0.0,0.0,1,1,0.0
YPR158W-A,0.0,0.0,0.0,0.0,2,0,0.0
YER159C-A,0.0,0.0,0.0,0.0,1,0,0.0
YDR358W,0.0,0.0,0.0,0.0,1,0,0.0
YLR018C,0.0,0.0,0.0,0.0,1,0,0.0
YLR165C,0.0,0.0,0.0,0.0,1,0,0.0
YPR169W,0.0,0.0,0.0,0.0,1,1,0.0
YPR174C,0.0,0.0,0.0,0.0,3,0,0.0
YIL119C,0.0,0.0,0.0,0.0,1,0,0.0
YPR201W,0.0,0.0,0.0,0.0,1,0,0.0
YLR171W,0.0,0.0,0.0,0.0,1,0,0.0
SNRNA_U5,0.0,0.0,0.0,0.0,1,0,0.0
